movie.title,movie.plot
Toy Story,A cowboy doll is profoundly threatened and jealous when a new spaceman figure supplants him as top toy in a boy's room.
Jumanji,"When two kids find and play a magical board game, they release a man trapped for decades in it and a host of dangers that can only be stopped by finishing the game."
Grumpier Old Men,"John and Max resolve to save their beloved bait shop from turning into an Italian restaurant, just as its new female owner catches Max's attention."
Waiting to Exhale,"Based on Terry McMillan's novel, this film follows four very different African-American women and their relationships with the male gender."
Father of the Bride Part II,"In this sequel, George Banks deals not only with the pregnancy of his daughter, but also with the unexpected pregnancy of his wife."
Heat,A group of professional bank robbers start to feel the heat from police when they unknowingly leave a clue at their latest heist.
Sabrina,"An ugly duckling having undergone a remarkable change, still harbors feelings for her crush: a carefree playboy, but not before his business-focused brother has something to say about it."
Tom and Huck,"Tom and Huck witness Injun Joe's killing of Doc Robinson one night at the graveyard. When an innocent man is accused of killing the Doc, Tom steps up as a witness, not respecting the promise made to Huck to lay low."
Sudden Death,A former fireman takes on a group of terrorists holding the Vice President and others hostage during the seventh game of the NHL Stanley Cup finals.
GoldenEye,James Bond teams up with the lone survivor of a destroyed Russian research center to stop the hijacking of a nuclear space weapon by a fellow agent formerly believed to be dead.
"American President, The","Comedy-drama about a widowed U.S. president and a lobbyist who fall in love. It's all above-board, but politics is perception and sparks fly anyway."
Dracula: Dead and Loving It,Mel Brooks' parody of the classic vampire story and its famous film adaptations.
Balto,"An outcast half-wolf risks his life to prevent a deadly epidemic from ravaging Nome, Alaska."
Nixon,"A biographical story of former U.S. president Richard Milhous Nixon, from his days as a young boy to his eventual presidency which ended in shame."
Cutthroat Island,A female pirate and her companion race against their rivals to find a hidden island that contains a fabulous treasure.
Casino,"Greed, deception, money, power, and murder occur between two mobster best friends and a trophy wife over a gambling empire."
Sense and Sensibility,"Rich Mr. Dashwood dies, leaving his second wife and her three daughters poor by the rules of inheritance. The two eldest daughters are the titular opposites."
Four Rooms,Four interlocking tales that take place in a fading hotel on New Year's Eve.
Ace Ventura: When Nature Calls,"Ace Ventura, Pet Detective, returns from a spiritual quest to investigate the disappearance of a rare white bat, the sacred animal of a tribe in Africa."
Money Train,"A vengeful New York transit cop decides to steal a trainload of subway fares; his foster brother, a fellow cop, tries to protect him."
Get Shorty,A mobster travels to Hollywood to collect a debt and discovers that the movie business is much the same as his current job.
Copycat,An agoraphobic psychologist and a female detective must work together to take down a serial killer who copies serial killers from the past.
Assassins,Professional hit-man Robert Rath wants to fulfill a few more contracts before retiring but unscrupulous ambitious newcomer hit-man Miguel Bain keeps killing Rath's targets.
Powder,A young bald albino boy with unique powers shakes up the rural community he lives in.
Leaving Las Vegas,"Ben Sanderson, an alcoholic Hollywood screenwriter who lost everything because of his drinking, arrives in Las Vegas to drink himself to death. There, he meets and forms an uneasy friendship and non-interference pact with prostitute Sera."
Othello,The evil Iago pretends to be friend of Othello in order to manipulate him to serve his own end in the film version of this Shakespeare classic.
Now and Then,Four 12-year-old girls grow up together during an eventful small-town summer in 1970.
Persuasion,"Eight years earlier, Anne Elliot, the daughter of a financially troubled aristocratic family, was persuaded to break off her engagement to Frederick Wentworth, a young seaman, who, though ..."
"City of Lost Children, The (Cité des enfants perdus, La)","A scientist in a surrealist society kidnaps children to steal their dreams, hoping that they slow his aging process."
Shanghai Triad (Yao a yao yao dao waipo qiao),A provincial boy related to a Shanghai crime family is recruited by his uncle into cosmopolitan Shanghai in the 1930s to be a servant to a ganglord's mistress.
Dangerous Minds,An ex-Marine turned teacher struggles to connect with her students in an inner city school.
Twelve Monkeys (a.k.a. 12 Monkeys),"In a future world devastated by disease, a convict is sent back in time to gather information about the man-made virus that wiped out most of the human population on the planet."
Babe,"Babe, a pig raised by sheepdogs, learns to herd sheep with a little help from Farmer Hoggett."
Carrington,The platonic relationship between artist Dora Carrington and writer Lytton Strachey in the early 20th century.
Dead Man Walking,"A nun, while comforting a convicted killer on death row, empathizes with both the killer and his victim's families."
Across the Sea of Time,"A young Russian boy, Thomas Minton, travels to New York as a passenger on a Russian freighter. Close to Ellis Island he gets off and thus starts his journey to America the same way as all ..."
It Takes Two,"Alyssa (a rich girl) and Amanda (an orphan) are two little girls who are identical, but complete strangers, that accidentally meet one day. In an attempt to stop Alyssa's father from ..."
Clueless,"A rich high school student tries to boost a new pupil's popularity, but reckons without affairs of the heart getting in the way."
"Cry, the Beloved Country",A South-African preacher goes to search for his wayward son who has committed a crime in the big city.
Richard III,The classic Shakespearean play about a murderously scheming king staged in an alternative fascist England setting.
Dead Presidents,"A Vietnam vet adjusts to life after the war while trying to support his family, but the chance of a better life may involve crime and bloodshed."
Restoration,"The exiled royal physician to King Charles II devotes himself to helping Londoners suffering from the plague, and in the process falls in love with an equally poor woman."
Mortal Kombat,Three unknowing martial artists are summoned to a mysterious island to compete in a tournament whose outcome will decide the fate of the world.
To Die For,"Suzanne Stone is an aspiring TV personality who will do anything to be in the spotlight, including enlisting three teenagers to kill her husband."
How to Make an American Quilt,Bride-to-be Finn Dodd hears tales of romance and sorrow from her elders as they construct a quilt.
Seven (a.k.a. Se7en),"Two detectives, a rookie and a veteran, hunt a serial killer who uses the seven deadly sins as his modus operandi."
Pocahontas,An English soldier and the daughter of an Algonquin chief share a romance when English colonists invade seventeenth-century Virginia.
When Night Is Falling,"An uptight and conservative woman, working on tenure as a literacy professor at a large urban university, finds herself strangely attracted to a free-spirited, liberal woman who works at a local carnival that comes to town."
"Usual Suspects, The","A sole survivor tells of the twisty events leading up to a horrific gun battle on a boat, which begin when five criminals meet at a seemingly random police lineup."
Mighty Aphrodite,"When he discovers his adopted son is a genius, a New York sportswriter seeks out the boy's birth mother: a prostitute."
Lamerica,Two Italian racketeers come to Albania just after the fall of the communists to set up a fictive firm and pocket the grants. They need a stooge. They choose an old one in a jail : Spiro. ...
"Big Green, The","Another Disney underdog sports team of misfit kids (soccer this time) learns to play a new sport and become champions, while building self-esteem, making friends and solving a variety of ..."
Georgia,"Sadie is desperately looking up to her older sister Georgia who is a famous C&W artist. Sadie wants to be a famous artist like her sister, but is always doing everything wrong. Her ..."
Home for the Holidays,"After losing her job, making out with her soon-to-be former boss and finding out that her daughter plans to spend Thanksgiving with her boyfriend, Claudia Larson faces spending the holiday with her family."
"Postman, The (Postino, Il)",Simple Italian postman learns to love poetry while delivering mail to a famous poet; he uses this to woo local beauty Beatrice.
"Confessional, The (Confessionnal, Le)","The year is 1952, in Quebec City. Rachel, 16, unmarried, and pregnant, works in the church. Filled with shame, she unburdens her guilt to a young priest, under the confidentiality of the ..."
"Indian in the Cupboard, The",On his ninth birthday a boy receives many presents. Two of them first seem to be less important: an old cupboard from his brother and a little Indian figure made of plastic from his best ...
Eye for an Eye,"When the courts fail to keep behind bars the man who raped and murdered her daughter, a woman seeks her own form of justice."
Mr. Holland's Opus,A frustrated composer finds fulfillment as a high school music teacher.
Don't Be a Menace to South Central While Drinking Your Juice in the Hood,"Don't Be a Menace to South Central While Drinking your Juice in the Hood is a parody of several U.S. films about being in the 'Hood', for instance Boyz n the Hood, South Central, ..."
Two if by Sea,"Frank O'Brien, a petty thief, and his 7-year-long girlfriend Roz want to put an end to their unsteady lifestyle and just do that _last_ job, which involves stealing a valuable painting. ..."
Bio-Dome,"Moronic best friends get themselves locked inside the Bio-Dome, a science experiment, along with a group of environmental scientists for one year."
Lawnmower Man 2: Beyond Cyberspace,"Jobe is resuscitated by Jonathan Walker. He wants Jobe to create a special computer chip that would connect all the computers in the world into one network, which Walker would control and ..."
French Twist (Gazon maudit),"After learning of her husband's infidelities, a housewife invites an itinerant lesbian to move in with them. None of their lives will ever be the same again."
Friday,"Two homies, Smokey and Craig, smoke a dope dealer's weed and try to figure a way to get the $200 they owe to the dealer by ten p.m. that same night. In that time, they smoke more weed, get jacked, and they get shot at in a drive-by."
From Dusk Till Dawn,"Two criminals and their hostages unknowingly seek temporary refuge in an establishment populated by vampires, with chaotic results."
Fair Game,"Max Kirkpatrick is a cop who protects Kate McQuean, a civil law attorney, from a renegade KGB team out to terminate her."
Kicking and Screaming,"Following graduation, a handful of college students do nothing and talk about it wittily."
"Misérables, Les",Henri Fortin is poor and iliterate former boxer. Ziman is rich Jewish lawyer from Paris. During WWII they meet when Fortin agrees to drive Ziman's family to Switzerland. Intrigued by Victor...
Bed of Roses,"Romantic drama about a young career girl who is swept off her feet by a shy florist, who fell in love with her after one glimpse through a shadowy window."
Screamers,"(SIRIUS 6B, Year 2078) On a distant mining planet ravaged by a decade of war, scientists have created the perfect weapon: a blade-wielding, self-replicating race of killing devices known as..."
Nico Icon,"A look into the many lives of Christa Päffgen, otherwise known as Nico; from cutie German mädchen to the first of the supermodels, to glamorous diva of the Velvet Underground, to cult item,..."
"Crossing Guard, The",Freddie Gale is a seedy jeweler who has sworn to kill the drunk driver who killed his little girl.
"Juror, The","When Annie Laird is selected as a juror in a big Mafia trial, she is forced by someone known as The Teacher to persuade the other jurors to vote not guilty. He threatens to kill her son..."
"White Balloon, The (Badkonake sefid)",Several people try to take advantage of a little girl's innocence to hustle money her mom gave to her to buy a goldfish with.
Things to Do in Denver When You're Dead,Five different criminals face imminent death after botching a job quite badly.
Antonia's Line (Antonia),"A Dutch matron establishes and, for several generations, oversees a close-knit, matriarchal community where feminism and liberalism thrive."
Once Upon a Time... When We Were Colored,A narrator tells the story of his childhood years in a tightly knit Afro-American community in the deep south under racial segregation.
Last Summer in the Hamptons,"Filmed entirely on location in East Hampton, Long Island, Last Summer in the Hamptons concerns a large theatrical family spending the last weekend of their summer together at the ..."
Angels and Insects,In the 1800s a naturalist marries into a family of British country gentry.
White Squall,Teenage boys discover discipline and camaraderie on an ill-fated sailing voyage.
Dunston Checks In,Young boy befriends larcenous orangutan in luxury hotel.
Black Sheep,A gubernatorial candidate hires a wormy special assistant whose only job is to make sure the candidate's well-meaning but incompetent brother doesn't ruin the election.
Nick of Time,"An unimpressive, every-day man is forced into a situation where he is told to kill a politician to save his kidnapped daughter."
Mary Reilly,"A housemaid falls in love with Dr. Jekyll and his darkly mysterious counterpart, Mr. Hyde."
Vampire in Brooklyn,"Maximillian is the only survivor from a race of vampires on a Caribbean Island, and as a vampire, he must find a mate to keep the line from ending. He knows that a child had been born to a ..."
Beautiful Girls,A piano player at a crossroads in his life returns home to his friends and their own problems with life and love.
Broken Arrow,Terrorists steal nuclear warheads from the U.S. military but don't count on a pilot and park ranger spoiling their plans.
In the Bleak Midwinter,"Out of work actor Joe volunteers to help try and save his sister's local church for the community by putting on a Christmas production of Hamlet, somewhat against the advice of his agent ..."
"Hate (Haine, La)",24 hours in the lives of three young men in the French suburbs the day after a violent riot.
Shopping,"You've run out of options, no school, no job. Steal a car, smash a shop with a heavy car and reap the proceeds!. This movie is about underground England. The causes, the benefits, and the result of a life of 'crash and carry'."
Heidi Fleiss: Hollywood Madam,"A documentary crew from the BBC arrives in L.A. intent on interviewing Heidi Fleiss, a year after her arrest for running a brothel but before her trial. Several months elapse before the ..."
City Hall,"The accidental shooting of a boy in New York leads to an investigation by the Deputy Mayor, and unexpectedly far-reaching consequences."
Bottle Rocket,Focusing on a trio of friends and their elaborate plan to pull off a simple robbery and go on the run.
Mr. Wrong,"A single and lonely woman finds the seemingly perfect man to date, but soon regrets it when his deranged and possessive other personality emerges and worst still, she cannot convince anyone else of his Jekyll/Hyde true nature."
Unforgettable,"Unsuccessfully framed for his wife's murder, Dr. David Krane attempts to find the real culprit by utilizing a new drug that allows him to experience the memories of other people first-hand...."
Happy Gilmore,A rejected hockey player puts his skills to the golf course to save his grandmother's house.
"Bridges of Madison County, The","Photographer Robert Kincaid wanders into the life of housewife Francesca Johnson, for four days in the 1960s."
Muppet Treasure Island,The Muppets' twist on the classic tale.
Catwalk,"A camera follows model Christy Turlington through the spring fashion shows in Milan, Paris, and New York one year in the early 1990s, probably 1992. She and others dash from one designer's ..."
Braveheart,"When his secret bride is executed for assaulting an English soldier who tried to rape her, William Wallace begins a revolt against King Edward I of England."
Taxi Driver,"A mentally unstable Vietnam war veteran works as a night-time taxi driver in New York City where the perceived decadence and sleaze feeds his urge for violent action, attempting to save a preadolescent prostitute in the process."
Rumble in the Bronx (Hont faan kui),A young man visiting and helping his uncle in New York City finds himself forced to fight a street gang and the mob with his martial art skills.
Before and After,Two parents deal with the effects when their son is accused of murdering his girlfriend.
Margaret's Museum,"Margaret MacNiel, a girl living in a Cape Breton coal mining town, finds her life changing when she meets Neil Currie, a cheerful bagpipe-playing dishwasher. Unfortunately, neither of them are able to escape the industry around them."
Anne Frank Remembered,"Using previously unreleased archival material in addition to contemporary interviews, this academy award-winning documentary tells the story of the Frank family and presents the first ..."
"Young Poisoner's Handbook, The","This film is based on a true story about a British teenager who allegedly poisoned family, friends, and co-workers. Graham is highly intelligent, but completely amoral. He becomes ..."
If Lucy Fell,"Joe and Lucy are roommates and best friends. Lucy, whose love life is embarrassingly dull, convinces Joe, who is infatuated with a neighbor he's never met, that if they don't have stable ..."
"Steal Big, Steal Little","Ruben and Robby are twin brothers, adopted by Mona, one of the wealthiest - and most eccentric - women in Santa Barbara. Ruben is devoted to Mona, but Robby is more devoted to her money. So..."
"Boys of St. Vincent, The",The true story of boys being sexually abused at their orphanage ran by a religious community in Newfoundland.
Boomerang,A successful executive and womanizer finds his lifestyle choices have turned back on him when his new female boss turns out to be an even bigger deviant than he is.
Chungking Express (Chung Hing sam lam),"Two melancholy Hong Kong policemen fall in love: one with a mysterious female underworld figure, the other with a beautiful and ethereal server at a late-night restaurant he frequents."
"Star Maker, The (Uomo delle stelle, L')",A photographer and the types of people he encounters.
Flirting With Disaster,"A young man, his wife, and his incompetent case worker travel across country to find his birth parents."
"NeverEnding Story III, The",A young boy must restore order when a group of bullies steal the magical book that acts as a portal between Earth and the imaginary world of Fantasia.
Pie in the Sky,A whimsical saga of a young man whose two life-consuming passions are unraveling traffic gridlock and an avant-garde dancer. A romantic comedy.
Angela,"A ten year old girl named Angela leads her six year old sister, Ellie, through various regimens of 'purification' in an attempt to rid themselves of their evil, which she believes to be the..."
Frankie Starlight,"This is a story of a man (Walker), suffering from dwarfism, who writes an autobiographical account of his life. In flashbacks, we see how he was conceived to a woman (Parillaud) at the end ..."
Jade,"A bright assistant D.A. investigates a gruesome hatchet murder and hides a clue he found at the crime scene. Under professional threats and an attempt on his life, he goes on heartbroken because evidence point to the woman he still loves."
Down Periscope,"Lt. Cmdr. Tom Dodge is assigned as Captain to the USS Stingray, an old diesel driven submarine that has seen better days. With a crew that consists only of weird guys (and a gal), he's ..."
Man of the Year,"Mockumentary look at Playgirl Magazine centerfold and 1992 Man of the Year, Dirk Shafer, who kept it a secret from the magazine that he is gay. Most of the film is a fictionalized retelling..."
Up Close and Personal,"An ambitious young woman, determined to build a career in TV journalism, gets good advice from her first boss, and they fall in love."
"Birdcage, The",A gay cabaret owner and his drag queen companion agree to put up a false straight front so that their son can introduce them to his fiancée's right-wing moralistic parents.
"Brothers McMullen, The","Three Irish Catholic brothers from Long Island struggle to deal with love, marriage, and infidelity."
Bad Boys,Two hip detectives protect a murder witness while investigating a case of stolen heroin.
"Amazing Panda Adventure, The",A young American boy visiting in China helps his zoologist father rescue a panda cub from unscrupulous poachers while his panda reserve is threatened with closure from officious bureaucrats.
"Basketball Diaries, The",Film adaptation of street tough Jim Carroll's epistle about his kaleidoscopic free fall into the harrowing world of drug addiction. As a member of a seemingly unbeatable high school ...
"Awfully Big Adventure, An","Set right after World War II, a naive teenage girl joins a shabby theatre troupe in Liverpool. During a winter production of Peter Pan, the play quickly turns into a dark metaphor for youth..."
Amateur,"Isabelle is an ex-nun waiting for her special mission from God. In the meantime, she is making a living writing pornography. She meets Thomas, a sweet, confused amnesiac who cannot remember..."
Apollo 13,NASA must devise a strategy to return Apollo 13 to Earth safely after the spacecraft undergoes massive internal damage putting the lives of the three astronauts on board in jeopardy.
Rob Roy,"In the highlands of Scotland in the 1700s, Rob Roy tries to lead his small town to a better future, by borrowing money from the local nobility to buy cattle to herd to market. When the ..."
"Addiction, The","A New York philosophy grad student turns into a vampire after getting bitten by one, and then tries to come to terms with her new lifestyle and frequent craving for human blood."
Batman Forever,"Batman must battle Two-Face and The Riddler with help of an amourous psychologist and a young circus acrobat who becomes his sidekick, Robin."
Beauty of the Day (Belle de jour),A frigid young housewife decides to spend her midweek afternoons as a prostitute.
Beyond Rangoon,"Laura is trying to pick up the pieces of her life after the murder of her husband and son, and goes on vacation with her sister to Burma. After losing her passport at a political rally, she..."
Blue in the Face,"Wayne Wang's follow-up movie to Smoke presents a series of improvisational situations strung together to form a pastiche of Brooklyn's diverse ethnicity, offbeat humor, and essential ..."
Canadian Bacon,"The U.S. President, low in the opinion polls, gets talked into raising his popularity by trying to start a cold war against Canada."
Casper,A paranormal expert and his daughter bunk in an abandoned house populated by 3 mischievous ghosts and one friendly one.
Clockers,"Young drug pushers in the projects of Brooklyn live hard dangerous lives, trapped between their drug bosses and the detectives out to stop them."
Congo,"When an expedition to the African Congo ends in disaster, a new team is assembled to find out what went wrong."
Crimson Tide,"On a US nuclear missile sub, a young first officer stages a mutiny to prevent his trigger happy captain from launching his missiles before confirming his orders to do so."
Crumb,An intimate portrait of the controversial cartoonist and his traumatized family.
Desperado,A gunslinger is embroiled in a war with a local drug runner.
Devil in a Blue Dress,An African American man is hired to find a woman and gets mixed up in a murderous political scandal.
Die Hard: With a Vengeance,"John McClane and a Harlem store owner are targeted by German terrorist Simon Gruber in New York City, where he plans to rob the Federal Reserve Building."
"Doom Generation, The","Jordan White and Amy Blue, two troubled teens, pick up an adolescent drifter, Xavier Red. Together, the threesome embark on a sex and violence-filled journey through an America of psychos and quickiemarts."
Feast of July,"After an abandoned young woman in late 19th Century England is taken in by a rural couple with three handsome sons, tragic consequences result."
First Knight,"Lancelot falls in love with Guinevere, who is due to be married to King Arthur. Meanwhile, a violent warlord tries to seize power from Arthur and his Knights of the Round Table."
Free Willy 2: The Adventure Home,Jesse becomes reunited with Willy three years after the whale's jump to freedom as the teenager tries to rescue the killer whale and other orcas from an oil spill.
Hackers,"A young boy is arrested by the U.S. Secret Service for writing a computer virus and is banned from using a computer until his 18th birthday. Years later, he and his new-found friends ..."
Jeffrey,"Jeffrey, a young gay man in New York, decides that sex is too much and decided to become celibate. He immediately meets the man of his dreams and must decide whether or not love is worth ..."
Johnny Mnemonic,"A data courier, literally carrying a data package inside his head, must deliver it before he dies from the burden or is killed by the Yakuza."
Judge Dredd,"In a dystopian future, Joseph Dredd, the most famous Judge (a police officer with instant field judiciary powers), is convicted for a crime he did not commit and must face his murderous counterpart."
Jury Duty,"When jobless Tommy Collins discovers that sequestered jurors earn free room and board as well as $5-a-day, he gets himself assigned to a jury in a murder trial. Once there, he does ..."
Kids,"A day in the life of a group of teens as they travel around New York City skating, drinking, smoking, and deflowering virgins."
Living in Oblivion,Film about filmmaking. It takes place during one day on set of non-budget movie. Ultimate tribute to all independent filmmakers.
Lord of Illusions,"During a routine case in L.A., NY private investigator Harry D'Amour stumbles over members of a fanatic cult, who are waiting for the resurrection of their leader Nix. 13 years ago, Nix was..."
Love & Human Remains,"Set in a dreary urban landscape of an anonymous Canadian city, LOVE AND HUMAN REMAINS is a dark comedy about a group of twentysomethings looking for love and meaning in the '90s. The film ..."
Mad Love,Casey and Matt are high school kids in love. They run away together after Casey's parents check her into a mental hospital for trying to kill herself. Matt sneaks her out and on the road ...
Mallrats,"Both dumped by their girlfriends, two best friends seek refuge in the local mall."
Mighty Morphin Power Rangers: The Movie,"A giant egg is unearthed at a construction site and soon opened, releasing the terrible Ivan Ooze, who wreaks vengeance on Zordon for imprisoning him millennia ago. With Zordon dying and their powers lost, the Rangers head to a distant planet to find the mystic warrior Dulcea."
Mute Witness,"Billy Hughes, a mute makeup artist working on a slasher film being shot in Moscow, is locked in the studio after hours. While there she witnesses a brutal murder, and must first escape ..."
Nadja,"This ultra-hip, post-modern vampire tale is set in contemporary New York City. Members of a dysfunctional family of vampires are trying to come to terms with each other, in the wake of ..."
"Net, The","A computer programmer stumbles upon a conspiracy, putting her life and the lives of those around her in great danger."
Nine Months,"When he finds out his longtime girlfriend is pregnant, a commitment-phobe realizes he might have to change his lifestyle for better or much, much worse."
Party Girl,"Mary is a free-spirited young woman with a run-down New York apartment and a high fashion wardrobe. She calls her godmother, a librarian, for bail money after being arrested for throwing an..."
"Prophecy, The","The angel Gabriel comes to Earth to collect a soul which will end the stalemated war in Heaven, and only a former priest and a little girl can stop him."
Reckless,"On Christmas Eve, a regretful husband admits to his high-spirited wife that he has hired a contract killer to take her out. She immediately flees. A nice couple offers her shelter, but everyone have dark secrets in this wacky movie."
Safe,An affluent and unexceptional homemaker in the suburbs develops multiple chemical sensitivity.
"Scarlet Letter, The",An affair between a young woman and a pastor has disastrous consequences.
Showgirls,"A young drifter, named Nomi, arrives in Las Vegas to become a dancer and soon sets about clawing and pushing her way to become the top of the Vegas showgirls."
Smoke,"A Brooklyn smoke shop is the center of neighborhood activity, and the stories of its customers."
Something to Talk About,A woman's world is rocked when she discovers her husband is cheating on her.
Species,A group of scientists try to track down and trap a killer alien seductress before she successfully mates with a human.
Strange Days,A former cop turned street-hustler accidentally uncovers a police conspiracy in 1999 Los Angeles.
"Umbrellas of Cherbourg, The (Parapluies de Cherbourg, Les)",A young girl separated from her lover by war faces a life altering decision.
"Tie That Binds, The",John Netherwood and his wife Leann are fugitives who are both wanted for murder. They have a young daughter named Janie. John and Leann are in the process of robbing a house when the two ...
Three Wishes,"In an unexplained act of charity, Jeanne Holman, picks up an injured, apparent tramp and takes him home to care for him little realising who he was or the effect he would have on her life and those of her family."
Total Eclipse,"Young, wild poet Arthur Rimbaud and his mentor Paul Verlaine engage in a fierce, forbidden romance while feeling the effects of a hellish artistic lifestyle."
"To Wong Foo, Thanks for Everything! Julie Newmar","Three drag queens travel cross-country until their car breaks down, leaving them stranded in a small town."
Under Siege 2: Dark Territory,"Casey Ryback hops on a Colorado to LA train to start a vacation with his niece. Early into the trip, terrorists board the train and use it as a mobile HQ to hijack a top secret destructive US satellite."
Unstrung Heroes,"Steven Lidz, unhappy with his home life since his mother got sick, goes and lives with his two crazy Uncles. There he changes and gets closer to his Uncles, but his parents want him home ..."
Unzipped,"Isaac Mizrahi, one of the most successful designers in high fashion, plans his fall 1994 collection. He combines inspirations such as the Hollywood Eskimo look, the Mary Tyler Moore show, ..."
"Walk in the Clouds, A","A Walk in the Clouds depicted a story about a young-married US military soldier, named Paul, who returned home after the World War II. In the middle of the way back home, he accidentally ..."
Waterworld,"In a future where the polar ice-caps have melted and Earth is almost entirely submerged, a mutated mariner fights starvation and outlaw smokers, and reluctantly helps a woman and a young girl try to find dry land."
White Man's Burden,"The story takes place in alternative America where the blacks are members of social elite, and whites are inhabitants of inner city ghettos. Louis Pinnock is a white worker in a chocolate ..."
"Browning Version, The","Andrew Crocker-Harris is an embittered and disliked teacher of Greek and Latin at a British public school. After nearly 20 years of service, he is being forced to retire on the pretext of ..."
Burnt by the Sun (Utomlyonnye solntsem),"Russia, 1936: revolutionary hero Colonel Kotov is spending an idyllic summer in his village with his young wife and six-year-old daughter Nadia and other assorted family and friends. Things..."
Before the Rain (Pred dozhdot),"The circularity of violence seen in a story that circles on itself. In Republic of Macedonia, during war in Bosnia, Christians hunt an ethnic Albanian girl who may have murdered one of ..."
Before Sunrise,"A young man and woman meet on a train in Europe, and wind up spending one evening together in Vienna. Unfortunately, both know that this will probably be their only night together."
Billy Madison,"In order to inherit his fed up father's hotel empire, an immature and lazy man must repeat grades 1-12 all over again."
"Babysitter, The",A teenage babysitter is the focus of two boys and a man's separate obsessions.
Boys on the Side,"Jane is a night club singer, out of work. Robin is a quirky real estate agent looking for a ride-share to accompany her to California. Her advertisement is answered by Jane, who at first ..."
"Cure, The","Erik, a loner, finds a friend in Dexter, an eleven-year-old boy with AIDS. They vow to find a cure for AIDS together and save Dexter's life in an eventful summer."
Castle Freak,"A troubled couple and their blind daughter come to Italy to visit a 12th Century castle they've inherited. Soon they are plagued by unexplained noises, mysteriously broken objects, and the ..."
Circle of Friends,"'Circle Of Friends' is set in 1950's Ireland. The movie focuses on Benny Hogan and her best friend, Eve Malone. The story centers around Benny and Eve as they enter student life at ..."
Clerks,"A day in the lives of two convenience clerks named Dante and Randal as they annoy customers, discuss movies, and play hockey on the store roof."
Don Juan DeMarco,"A psychiatrist must cure a young patient that presents himself as Don Juan, the greatest lover in the world."
Disclosure,"A computer specialist is sued for sexual harassment by a former lover turned boss who initiated the act forcefully, which threatens both his career and his personal life."
Drop Zone,A tough cop teams up with a professional skydiver to capture a renegade computer hacker on the run from the law.
Destiny Turns on the Radio,"Johnny Destiny burns into Las Vegas in his hot Plymouth RoadRunner, stopping only to pick up a stranger stranded in the desert. But then, things aren't always as they seem. Anything can ..."
Death and the Maiden,A political activist is convinced that her guest is a man who once tortured her for the government.
Dolores Claiborne,A big-city reporter travels to the small town where her mother has been arrested for the murder of an elderly woman that she works for as a maid.
Dumb & Dumber (Dumb and Dumber),The cross-country adventures of two good-hearted but incredibly stupid friends.
Eat Drink Man Woman (Yin shi nan nu),A senior chef lives with his three grown daughters; the middle one finds her future plans affected by unexpected events and the life changes of the other household members.
Exotica,"This psychological thriller is true to its subjects as well as being complex, dynamic, and overly dramatic. How something so long ago, seemingly trivial, years later with more significant ..."
Exit to Eden,"Elliot is going to the island of Eden to live out his submissive fantasies, but inadvertently photographs diamond smugglers at work. Smugglers, and detectives, follow him to the island, ..."
Ed Wood,"An ambitious but troubled movie director tries his best to fulfill his dream, despite his lack of support."
French Kiss,"A woman flies to France to confront her straying fiancé, but gets into trouble when the charming crook seated next to her uses her for smuggling."
Forget Paris,Mickey Gordon is a basketball referee who travels to France to bury his father. Ellen Andrews is an American living in Paris who works for the airline he flies on. They meet and fall in ...
Far From Home: The Adventures of Yellow Dog,"Teenage Angus adopts a stray dog and names him Yellow. Several days later, while traveling along the coast of British Columbia with Angus' father, John, the boy and dog become stranded when..."
"Goofy Movie, A","When Max makes an preposterous promise to a girl he has a crush on, his chances to fulfilling it seem hopeless when he is dragged onto a cross-country trip with his embarrassing father, Goofy."
Hideaway,Hatch Harrison had a traffic accident with his car. At first the doctors said he was dead but then they succeeded to bring him back to life after two hours. But Hatch starts to have strange...
Fluke,"After a man dies in a car crash, he is reincarnated as a dog and attempts to reconnect with his family."
Farinelli: il castrato,"Farinelli, is the artistic name of Carlo Broschi, a young singer in Handel's time. He was castrated in his childhood in order to preserve his voice. During his life he becomes to be a very ..."
Gordy,A talking pig named Gordy becomes involved in a quest to save his family from the slaughterhouse.
Gumby: The Movie,"In this offshoot of the 1950s claymation cartoon series, the crazy Blockheads threaten to ruin Gumby's benefit concert by replacing the entire city of Clokeytown with robots."
The Glass Shield,J.J. is a rookie in the Sheriff's Department and the first black officer at that station. Racial tensions run high in the department as some of J.J.'s fellow officers resent his presence. ...
Hoop Dreams,A film following the lives of two inner-city Chicago boys who struggle to become college basketball players on the road to going professional.
Heavenly Creatures,"Two girls have an intense fantasy life; their parents, concerned the fantasy is too intense, separate them, and the girls take revenge."
Houseguest,"In hot water with the mob over an unpaid debt, a con man poses as a family friend in an affluent Pennsylvania suburb."
Immortal Beloved,"The life and death of the legendary Ludwig van Beethoven. Beside all the work he is known for, the composer once wrote a famous love letter to a nameless beloved and the movie tries to find..."
Heavyweights (Heavy Weights),"Plump kids are lured into joining a posh fat camp with the promise of quick weight loss and good times, only to find that the facility is a woodland hellhole run by a psycho ex-fitness instructor."
"Hunted, The","Paul is on one of his many business trips to Tokyo, as a computer-chip executive from New York, when he meets a beautiful and mysterious woman. Later, he finds himself in the wrong place at..."
I.Q.,Albert Einstein helps a young man who's in love with Einstein's niece to catch her attention by pretending temporarily to be a great physicist.
Interview with the Vampire: The Vampire Chronicles,"A vampire tells his epic life story: love, betrayal, loneliness, and hunger."
Jefferson in Paris,"One of the obsessive speculations in American history is whether Thomas Jefferson, in the years before he became president, had an affair with (and fathered a child with) his 15-year-old ..."
"Jerky Boys, The","When two unemployed telephone pranksters decide to use their vocal talents to impersonate a Chicago mob boss and curry favor with organized crime in New York, the trouble begins. It isn't..."
Junior,"As part of a fertility research project, a male scientist agrees to carry a pregnancy in his own body."
Just Cause,A Harvard professor is lured back into the courtroom after 25 years to take the case of a young black man condemned to death for the horrific murder of a child.
"Kid in King Arthur's Court, A","Young Calvin Fuller is pulled into King Arthur's court by Merlin. His mission: to save Camelot. To do this he must overcome the villain known as Lord Belascoe, train to become a knight, and..."
Kiss of Death,A reformed convict goes undercover with the help of an angry detective to ensnare a psychotic mobster.
Star Wars: Episode IV - A New Hope,"Luke Skywalker joins forces with a Jedi Knight, a cocky pilot, a wookiee and two droids to save the galaxy from the Empire's world-destroying battle-station, while also attempting to rescue Princess Leia from the evil Darth Vader."
Little Women,The March sisters live and grow in post-Civil War America.
"Little Princess, A",A young girl is relegated to servitude at a boarding school when her father goes missing and is presumed dead.
Ladybird Ladybird,This Ken Loach docu-drama relates the story of a British woman's fight with Social Services over the care of her children. Maggie has a history of bouncing from one abusive relationship to ...
"Enfer, L'","Paul, an irritable and stressed-out hotel manager, begins to gradually develop paranoid delusions about his wife's infidelity. As he succumbs to green-eyed jealousy, his life starts to ..."
Like Water for Chocolate (Como agua para chocolate),"This movie is about how life used to be in Mexico. It is a love story between Pedro and Tita, and why they coudn't get married because Tita's mother wanted her oldest daughter to get ..."
Legends of the Fall,"Epic tale of three brothers and their father living in the remote wilderness of 1900s USA and how their lives are affected by nature, history, war, love and betrayal."
Major Payne,"Major Benson Winifred Payne is being discharged from the Marines. Payne is a killin' machine, but the wars of the world are no longer fought on the battlefield. A career Marine, he has no ..."
Little Odessa,"This film tells a bitter tale of a dysfunctional family. Joshua, a cold-blooded professional killer, returns to his Brighton Beach boyhood home for a job. He knows it will be difficult to..."
My Crazy Life (Mi vida loca),"Mousie and Sad Girl are childhood best friends in a contemporary Los Angeles poor Hispanic neighborhood. But when Sad Girl becomes pregnant by Mousie's boyfriend, a drug dealer named ..."
Love Affair,"Ex-football star Mike Gambril meets Terry McKay on a flight to Sydney, which is forced to land on a small atoll. Both engaged to others, they become romantic on board the ship sent to take ..."
Losing Isaiah,"The natural and adoptive mothers of a young boy are involved in a bitter, controversial custody battle."
"Madness of King George, The","A meditation on power and the metaphor of the body of state, based on the real episode of dementia experienced by George III [now suspected a victim of porphyria, a blood disorder]. As he ..."
Mary Shelley's Frankenstein (Frankenstein),"When the brilliant but unorthodox scientist Victor Frankenstein rejects the artificial man that he has created, the Creature escapes and later swears revenge."
Man of the House,"Ben Archer is not happy. His mother, Sandy, has just met a man, and it looks like things are pretty serious. Driven by a fear of abandonment, Ben tries anything and everything to ruin the ..."
Mixed Nuts,The events focus around a crisis hotline business on one crazy night during the Christmas holidays.
Milk Money,"Young Frank and his pals get an idea for the ultimate in excitement. They decide to pool their savings, bicycle to the nearby Big City, and hire some woman of the streets to strip for them...."
Miracle on 34th Street,A lawyer and a little girl must prove that a man claiming to be Santa Claus is the real thing.
Miami Rhapsody,"Gwyn Marcus has always wanted a marriage like her parents. She has just accepted the proposal of her boyfriend Matt, but she has misgivings about their future together. Her fear of ..."
My Family,"This epic film traces over three generations an immigrant family's trials, tribulations, tragedies and triumphs. Jose and Maria, the first generation, come to Los Angeles, meet, marry, face..."
Murder in the First,An eager and idealistic young attorney defends an Alcatraz prisoner accused of murdering a fellow inmate. The extenuating circumstances: his client had just spent over three years in solitary confinement.
Nobody's Fool,"Sully is a rascally ne'er-do-well approaching retirement age. While he is pressing a worker's compensation suit for a bad knee, he secretly works for his nemesis, Carl, and flirts with ..."
Nell,"In a remote woodland cabin, a small town doctor discovers Nell - a beautiful young hermit woman with many secrets."
New Jersey Drive,"Jason and Midget are two young, black teenagers living in Newark,New Jersey, the unofficial car theft capital of the world. Their favourite pastime is that of everybody in their ..."
Beyond Bedlam,"Dr.Stephanie Lyell works for Neurological Research, and is testing a seemingly safe personality-altering drug on Marc Gilmour a notorious Serial Killer. But when a pair of bizarre suicides ..."
Nina Takes a Lover,"When Ninas husband goes off for a few weeks to work, she meets and starts seeing a photographer. This story is told as an interview by a journalist writing about adultery who is talking ..."
Natural Born Killers,Two victims of traumatized childhoods become lovers and psychopathic serial murderers irresponsibly glorified by the mass media.
Only You,"Destiny. Faith (Marisa Tomei) believes that two soul-mates can be united if they find each other. From the Ouija board, she has found the name of her missing half, and it is D-A-M-O-N ..."
Once Were Warriors,A family descended from Maori warriors is bedeviled by a violent father and the societal problems of being treated as outcasts.
Poison Ivy II,Lily is a sheltered art student from Michigan going to school in California. She finds an apartment and her roommates aren't quite normal. One day she finds a box of items belonging to a ...
Outbreak,"Extreme measures are necessary to contain an epidemic of a deadly airborne virus. But how extreme, exactly?"
Léon: The Professional (a.k.a. The Professional) (Léon),"Mathilda, a 12-year-old girl, is reluctantly taken in by Léon, a professional assassin, after her family is murdered. Léon and Mathilda form an unusual relationship, as she becomes his protégée and learns the assassin's trade."
"Perez Family, The","In an attempt to secure a sponsor, an unlikely group of Cuban refugees become a family as the U.S. Immigration and Naturalization Service gives families priority over others. In the ..."
"Pyromaniac's Love Story, A",A pastry boy and the son of a hair-piece mogul become involved in an arson scandal. Sergio is offered a bribe in exchange for taking the blame for the fire that destroys his workplace. ...
Pulp Fiction,"The lives of two mob hit men, a boxer, a gangster's wife, and a pair of diner bandits intertwine in four tales of violence and redemption."
Priest,"Father Greg Pilkington (Linus Roache) is torn between his call as a conservative Catholic priest and his secret life as a homosexual with a gay lover, frowned upon by the Church. Upon ..."
Quiz Show,"A young lawyer, Richard Goodwin, investigates a potentially fixed game show. Charles Van Doren, a big time show winner, is under Goodwin's investigation."
Picture Bride (Bijo photo),"The story of 16-year-old Riyo who journeys to Hawaii in 1918 to marry a man she has never met, except through photographs and letters they have exchanged. Hoping to escape a troubled past ..."
"Queen Margot (Reine Margot, La)","Young Queen Margot finds herself trapped in an arranged marriage amidst a religious war between Catholics and Protestants. She hopes to escape with a new lover, but finds herself imprisoned by her powerful and ruthless family."
"Quick and the Dead, The",Lady avenger returns to western town owned by a ruthless gunslinger hosting an elimination tournament.
Roommates,"An elderly yet young-at-heart man moves in with his grandson, and both their lives turn upside-down."
Ready to Wear (Pret-A-Porter),A chronicle of the interconnected lives of a group of people in the lead up to Paris Fashion Week.
Three Colors: Red (Trois couleurs: Rouge),Final entry in a trilogy of films dealing with contemporary French society concerns a model who discovers her neighbour is keen on invading people's privacy.
Three Colors: Blue (Trois couleurs: Bleu),A woman struggles to find a way to live her life after the death of her husband and child.
Three Colors: White (Trzy kolory: Bialy),Second of a trilogy of films dealing with contemporary French society shows a Polish immigrant who wants to get even with his former wife.
"Red Firecracker, Green Firecracker (Pao Da Shuang Deng)","A woman inherits her father's fireworks factory, as he had no son. The business does well and everything works in an orderly fashion until one day, an itinerant painter is hired to decorate..."
Stuart Saves His Family,A self-help advocate struggles to put his dysfunctional family in its place.
"Swan Princess, The",A power hungry sorcerer transforms a princess into a swan by day in this tale of everlasting love.
"Secret of Roan Inish, The","10-year-old Fiona is sent to live with her grandparents in a small fishing village in Donegal, Ireland. She soon learns the local legend that an ancestor of hers married a Selkie - a seal ..."
"Specialist, The",A woman entices a bomb expert she's involved with into destroying the mafia that killed her family.
Stargate,"An interstellar teleportation device, found in Egypt, leads to a planet with humans resembling ancient Egyptians who worship the god Ra."
"Santa Clause, The","When a man inadvertantly kills Santa on Christmas Eve, he finds himself magically recruited to take his place."
"Shawshank Redemption, The","Two imprisoned men bond over a number of years, finding solace and eventual redemption through acts of common decency."
Shallow Grave,Three friends discover their new flatmate dead but loaded with cash.
Suture,"Brothers Vincent (rich) and Clay (poor) meet up for the first time after their father's funeral and remark on how similar they look. But unknown to Clay, who thinks his life is taking a ..."
Strawberry and Chocolate (Fresa y chocolate),"This Oscar nominated film is the story of two men who are opposites, one gay, the other straight, one a fierce communist, the other a fierce individualist, one suspicious, the other accepting, and how they come to love each other."
Swimming with Sharks,"A young, naive Hollywood studio assistant finally turns the tables on his incredibly abusive producer boss."
"Sum of Us, The","A widowed father has to deal with two complex issues: while he is searching for Miss Right, his son, who is in his 20s and gay, is searching for Mr. Right."
National Lampoon's Senior Trip,"While on detention, a group of misfits and slackers have to write a letter to the President explaining what is wrong with the education system. There is only one problem, the President ..."
To Live (Huozhe),"After Fugui and Jiazhen lose their personal fortunes, they raise a family and survive difficult cultural changes during 1940s to 1970s China."
Tank Girl,"Based on the British cult comic-strip, our tank-riding anti-heroine fights a mega-corporation, which controls the world's water supply."
Tales from the Crypt Presents: Demon Knight,A man on the run is hunted by a demon known as the Collector.
Star Trek: Generations,"Captain Picard, with the help of supposedly dead Captain Kirk, must stop a madman willing to murder on a planetary scale in order to enter an energy ribbon."
Tales from the Hood,A funeral director tells four strange tales of horror with an African American focus to three drug dealers he traps in his place of business.
Tom & Viv,"In 1915, T.S. (Tom) Eliot and Vivienne Haigh-Wood elope, but her longstanding gynecological and emotional problems disrupt their planned honeymoon. Her father is angry because Tom's poetry ..."
Village of the Damned,A small town's women give birth to unfriendly alien children posing as humans.
Tommy Boy,"An incompetent, immature, and dimwitted heir to an auto parts factory must save the business to keep it out of the hands of his new, con-artist relatives and big business."
Vanya on 42nd Street,New York actors rehearse Chekhov's Uncle Vanya in a dilapidated theatre.
Underneath,A recovering gambling addict attempts to reconcile with his family and friends but finds trouble and temptation when caught between feelings for his ex-wife and her dangerous hoodlum boyfriend.
"Walking Dead, The","In 1972 Vietnam, a group of United States Marines are sent in to rescue several POW officers. The Landing Zone (LZ) which should have been cold actually turns out to indeed be very hot ..."
What's Eating Gilbert Grape,"After his father's death, Gilbert has to care for his mentally disabled brother, Arnie, and his morbidly obese mother, which is suddenly challenged when love walks into his life."
Virtuosity,A virtual-reality serial killer manages to escape into the real world.
While You Were Sleeping,A ticket-collecting romantic pretends to be engaged to an unconscious man but can't fool his brother.
"War, The","Vietnam War vet Costner must deal with a war of a different sort between his son and their friends, and a rival group of children. He also must deal with his own personal and employment ..."
Double Happiness,"Twenty-two year old Chinese-Canadian Jade Li comes from a traditional Chinese family, who try to put on the perfect public persona at all cost so as to save face. One primary part of this..."
Muriel's Wedding,"Muriel finds life in Porpoise Spit, Australia dull and spends her days alone in her room listening to Abba music and dreaming of her wedding day. Slight problem, Muriel has never had a date..."
"Baby-Sitters Club, The",Seven junior-high-school girls organize a daycare camp for children while at the same time experiencing classic adolescent growing pains.
Ace Ventura: Pet Detective,A goofy detective specializing in animals goes in search of a missing dolphin mascot of a football team.
"Adventures of Priscilla, Queen of the Desert, The",Two drag queens and a transsexual travel across the desert to perform their unique style of cabaret.
Backbeat,"A dramatization of the Hamburg, Germany phase of the Beatles' early history."
Bitter Moon,"British couple Fiona and Nigel Dobson are sailing to Istanbul en route to India. They encounter a beautiful French woman, and that night Nigel meets her while dancing alone in the ship's ..."
Bullets Over Broadway,"In New York in 1928, a struggling playwright is forced to cast a mobster's talentless girlfriend in his latest drama in order to get it produced."
Clear and Present Danger,CIA Analyst Jack Ryan is drawn into an illegal war fought by the US government against a Colombian drug cartel.
"Client, The",A young boy who witnessed the suicide of a mafia lawyer hires an attorney to protect him when the district attorney tries to use him to take down a mob family.
"Corrina, Corrina","When Manny Singer's wife dies, his young daughter Molly becomes mute and withdrawn. To help cope with looking after Molly, he hires sassy housekeeper Corrina Washington, who coaxes Molly ..."
Crooklyn,"From Spike Lee comes this vibrant semi-autobiographical portrait of a school-teacher, her stubborn jazz-musician husband and their five kids living in '70s Brooklyn."
"Crow, The",A man brutally murdered comes back to life as an undead avenger of his and his fiancée's murder.
Cobb,A reporter hired to write the 'official' biography of Ty Cobb discovers just how dark the baseball legend's real story is.
"Flintstones, The","In this live-action feature of the cartoon show, Fred Flintstone finally gets the job he's always wanted, but it may just come at a price."
Forrest Gump,"Forrest Gump, while not intelligent, has accidentally been present at many historic moments, but his true love, Jenny Curran, eludes him."
Four Weddings and a Funeral,"Over the course of five social occasions, a committed bachelor must consider the notion that he may have discovered love."
Higher Learning,"People from all different walks of life, encounter racial tension, rape, responsibility, and the meaning of an education on a university campus."
I Love Trouble,Peter Brackett and Sabrina Peterson are two competing Chicago newspaper reporters who join forces to unravel the mystery behind a train derailment.
It Could Happen to You,A police officer promises to share his lottery ticket with a waitress in lieu of a tip.
"Jungle Book, The","Rudyard Kipling's classic tale of Mowgli, the orphaned jungle boy raised by wolves, and how he becomes king of the jungle."
"Wonderful, Horrible Life of Leni Riefenstahl, The (Macht der Bilder: Leni Riefenstahl, Die)","A documentary about the life and work of Leni Riefenstahl, a German film director most notorious for making the most effective propaganda films for the Nazis."
"Lion King, The",Lion cub and future king Simba searches for his identity. His eagerness to please others and penchant for testing his boundaries sometimes gets him into trouble.
Little Buddha,"Lama Norbu comes to Seattle in search of the reincarnation of his dead teacher, Lama Dorje. His search leads him to young Jesse Conrad, Raju, a waif from Kathmandu, and an upper class ..."
"Wes Craven's New Nightmare (Nightmare on Elm Street Part 7: Freddy's Finale, A)",A demonic force has chosen Freddy Krueger as its portal to the real world. Can Heather play the part of Nancy one last time and trap the evil trying to enter our world?
"Mask, The",Bank clerk Stanley Ipkiss is transformed into a manic super-hero when he wears a mysterious mask.
Maverick,"Bret Maverick, needing money for a poker tournament, faces various comic mishaps and challenges, including a charming woman thief."
Mrs. Parker and the Vicious Circle,"Dorothy Parker remembers the heyday of the Algonquin Round Table, a circle of friends whose barbed wit, like hers, was fueled by alcohol and flirted with despair."
Naked Gun 33 1/3: The Final Insult,Frank Drebin comes out of retirement to help Police Squad infiltrate a gang of terrorists planning to detonate a bomb at the Academy Awards.
"Paper, The","Henry Hackett is the editor of a New York City tabloid. He is a workaholic who loves his job, but the long hours and low pay are leading to discontent. Also, publisher Bernie White faces ..."
Reality Bites,Generation X Graduates face life after college with a filmmaker looking for work and love in Houston.
Red Rock West,"When a promised job for Texan Michael fails to materialise in Wyoming, Mike is mistaken by Wayne to be the hitman he hired to kill his unfaithful wife, Suzanne. Mike takes full advantage of..."
Richie Rich,A rich young boy finds his family targeted in an inside job and must use his cunning to save them.
Safe Passage,A mother with seven sons feels like she's losing control of her life and her family. But personal pain and a troubled marriage fade into the background as news comes that one of her sons ...
"River Wild, The",Rafting expert Gail takes on a pair of armed killers while navigating a spectacularly violent river.
Speed,A young cop must prevent a bomb exploding aboard a city bus by keeping its speed above 50 mph.
Speechless,Two political speechwriters fall in love before they find out they are working for candidates on opposite sides.
Timecop,"An officer for a security agency that regulates time travel, must fend for his life against a shady politician who has a tie to his past."
True Lies,"A fearless, globe-trotting, terrorist-battling secret agent has his life turned upside down when he discovers his wife might be having an affair with a used car salesman."
When a Man Loves a Woman,"An airline pilot and his wife are forced to face the consequences of her alcoholism when her addictions threaten her life and their daughter's safety. While the woman enters detox, her husband must face the truth of his enabling behavior."
Wolf,Publisher Will Randall becomes a werewolf and has to fight to keep his job.
Wyatt Earp,Wyatt Earp is a movie about a man and his family. The movie shows us the good times and the bad times of one of the West's most famous individuals.
Bad Company,"Nelson Crowe is a CIA operative under the thumb of the Company for a disputed delivery of $50,000 in gold. They blackmail him into working for the Grimes Organization, which is set up as a ..."
"Low Down Dirty Shame, A","A black detective becomes embroiled in a web of danger while searching for a fortune in missing drug money.During the course of his investigation, he encounters various old connections, ..."
Boys Life,"Each of the three short films in this collection presents a young gay man at the threshold of adulthood. In Pool Days, Justin is a 17-year old Bethesda lad, hired as the evening life ..."
"Colonel Chabert, Le",Colonel Chabert has been severely wounded in the French-Russian Napoleonic war to the point that the medical examiner has signed his death certificate. When he regains his health and memory...
Faster Pussycat! Kill! Kill!,"Three go-go dancers holding a young girl hostage come across a crippled old man living with his two sons in the desert. After learning he's hiding a sum of cash around, the women start scheming on him."
Jason's Lyric,"The story of a young man, Jason (Allen Payne) who must confront his trauma-induced insecurity about love, as well as a sense of owed responsibility to his mother and troubled brother Joshua..."
"Secret Adventures of Tom Thumb, The",A boy born the size of a small doll is kidnapped by a genetic lab and must find a way back to his father in this inventive adventure filmed using stop motion animation techniques. Tom meets...
Street Fighter,Col. Guile and various other martial arts heroes fight against the tyranny of Dictator M. Bison and his cohorts.
Mirage,Matteo Juarez is a retired detective hired by a local businessman to follow his wife Jennifer. She has a split personality and seems to be putting herself in danger without knowing it.
Highlander III: The Sorcerer (a.k.a. Highlander: The Final Dimension),"Deceived that he had won the Prize, Connor MacLeod awakens from a peaceful life when an entombed immortal magician comes seeking the Highlander."
In the Mouth of Madness,An insurance investigator begins discovering that the impact a horror writer's books have on his fans is more than inspirational.
8 Seconds,"This film chronicles the life of Lane Frost, 1987 PRCA Bull Riding World Champion, his marriage and his friendships with Tuff Hedeman (three-time World Champion) and Cody Lambert."
Above the Rim,"Story of a promising high school basketball star and his relationships with two brothers, one a drug dealer and the other a former basketball star fallen on hard times and now employed as a security guard."
Addams Family Values,A comical Gothic horror-movie-type family tries to rescue their beloved uncle from his gold-digging new love.
"Age of Innocence, The","A tale of nineteenth-century New York high society in which a young lawyer falls in love with a woman separated from her husband, while he is engaged to the woman's cousin."
Airheads,Three band members hoping for a big break head to a radio station to play their demo tape and wind up holding everyone hostage with plastic guns when the head DJ refuses to play them.
"Air Up There, The","Jimmy Dolan is a college basketball coach who wants a big promotion. To get it, he needs to make a dramatic find. He ends up deep in Africa, hoping to recruit Saleh, a huge basketball ..."
Another Stakeout,Prankster cops Chris and Bill are joined by a Gina from the DA's office to stakeout a lakeside home.
Bad Girls,Four prostitutes join together to travel the Old West.
Barcelona,"Ted, a stuffy white guy from Illinois working in sales for the Barcelona office of a US corporation, is paid an unexpected visit by his somewhat less stuffy cousin Fred, who is an officer ..."
Being Human,One man must learn the meaning of courage across four lifetimes centuries apart.
"Beverly Hillbillies, The","A feature adaptation of the classic TV show, when nice guy redneck Jed Clampett strikes it rich when he finds black oil, and moves he and his kin to posh Beverly Hills."
Beverly Hills Cop III,"Axel Foley, while investigating a car theft ring, comes across something much bigger than that: the same men who shot his boss are running a counterfeit money ring out of a theme park in Los Angeles."
Black Beauty,"The fates of horses, and the people who own and command them, are revealed as Black Beauty narrates the circle of his life."
Blink,"Emma is a blind violinist who finally gets the opportunity to see. Meanwhile, a string of bizarre rapes and murders has taken place. All of the victims have had transplants within the last month. A coincidence, or is Emma next?"
Blown Away,An Irish bomber escapes from prison and targets a member of the Boston bomb squad.
Blue Chips,A college basketball coach is forced to break the rules in order to get the players he needs to stay competitive.
Blue Sky,"Jessica Lange stars in a period drama about a family moving to a military base, and she quickly becomes part of a cover-up involving nuclear bomb tests."
Body Snatchers,A teenage girl and her father discover alien clones are replacing humans on a remote U.S. military base in Alabama.
Boxing Helena,"A surgeon becomes obsessed with the seductive woman he once was in an affair with. Refusing to accept that she has moved on, he amputates her limbs and holds her captive in his mansion."
"Bronx Tale, A",A father becomes worried when a local gangster befriends his son in the Bronx in the 1960s.
Cabin Boy,"A foul-mouthed finishing school graduate mistakenly winds up on an ill-fated fishing boat, and faces the wrath of a crew that considers him bad luck."
Carlito's Way,"A Puerto Rican former convict, just released from prison, pledges to stay away from drugs and violence despite the pressure around him and lead on to a better life outside of N.Y.C."
City Slickers II: The Legend of Curly's Gold,"Shortly after their first western adventure, Mitch Robbins and his friends discover a treasure map that belonged to their late trail guide Curly and set out to discover its secrets."
Clean Slate,A private eye who has amnesia must go to court about a kingpin's murder.
Cliffhanger,A botched mid-air heist results in suitcases full of cash being searched for by various groups throughout the Rocky Mountains.
Coneheads,Aliens with conical crania crash land on Earth.
Color of Night,"A color-blind psychiatrist Bill Capa is stalked by an unknown killer after taking over his murdered friend's therapy group, all of whom have a connection to a mysterious young woman that Capa begins having intense sexual encounters with."
Cops and Robbersons,"When police discover that a mob hitman has moved in next door to the Robbersons, they want to find out what he is up to. So they set up a stakeout in the Robbersons' home. Hard-nosed, ..."
"Cowboy Way, The","Two buddies and championship rodeo partners travel to New York to find their missing friend, Nacho Salazar, after he disappears after travelling to New York City to pick up his daughter, ..."
Dangerous Game,"A New York film director, working on his latest movie in Los Angeles, begins to reflect the actions in his movie and real life, especially when he begins an affair with the lead actress."
Dave,"To avoid a potentially explosive scandal when the U.S. President goes into a coma, an affable temp agency owner with an uncanny resemblance, is put in his place."
Dazed and Confused,The adventures of high school and junior high students on the last day of school in May 1976.
Demolition Man,A police officer is brought out of suspended animation in prison to pursue an old ultra-violent nemesis who is loose in a non-violent future society.
"Endless Summer 2, The","Bruce Brown, king of surfing documentaries, returns after nearly thirty years to trace the steps of two young surfers to top surfing spots around the world. Along the way we see many of the..."
Even Cowgirls Get the Blues,Sissy Hankshaw is born with enormous thumbs that help her hitchhiking through the US from a young age. She becomes a model in advertising and her NY agent 'the Countess' sends her to his ...
Fatal Instinct,"A spoof of the late 80s and early 90s suspense thrillers and murder mysteries, including Basic Instinct, Sleeping With The Enemy, Cape Fear and others. A cop/attorney (yes he's both) is ..."
Farewell My Concubine (Ba wang bie ji),"The story of two men, who met as apprentices in the Peking Opera, and stayed friends for over 50 years."
"Favor, The","Kathy is married to Peter. Now she can't help but wonder how things could have been if she got together with her old boyfriend, Tom. Being married prevents from doing that so she asks her ..."
Fearless,A man's personality is dramatically changed after surviving a major airline crash.
Fear of a Black Hat,"A mockumentary chronicling the rise and fall of NWH, a not particularly talented--or particularly bright but always controversial--hip-hop group."
With Honors,"Convinced his thesis will have him graduate with honors from Harvard University, a stuffy student finds himself at the mercy of a homeless man's demands when he holds the papers hostage."
Flesh and Bone,"Some thirty years after Arlis witnesses his father murdering a family, he runs into Kay, who happens to be the family's baby who was spared. Kay and Arlis suspect nothing about each other, ..."
Widows' Peak,"Edwina has just moved into the neighborhood known as Widows' Peak, so called due to the prevalent marital status of the residents, who tend to be a rather exclusive bunch. The residents ..."
For Love or Money,"Doug is a young man who works all day as a concierge at a luxurious hotel, saving money to make his own business. Unfortunately, when he finds the financial supporter he needs, he discovers..."
"Firm, The",A young lawyer joins a prestigious law firm only to discover that it has a sinister dark side.
Free Willy,"When a boy learns that a beloved killer whale is to be killed by the aquarium owners, the boy risks everything to free the whale."
Fresh,"Michael (or Fresh as he's well known) is a 12-year-old drug pusher who lives in a crowded housing project with his cousins and aunt. His father has become a street bum, but still meets with..."
"Fugitive, The","Dr. Richard Kimble, unjustly accused of murdering his wife, must find the real killer while being the target of a nationwide manhunt."
Geronimo: An American Legend,The story of the Apache chief and his armed resistance to the US Government's subjugation of his people.
"Getaway, The","Doc McCoy is put in prison because his partners chickened out and flew off without him after exchanging a prisoner with a lot of money. Doc knows Jack Benyon, a rich business-man, is up ..."
Getting Even with Dad,A thief's son cons his father into spending more time with him.
Go Fish,"Max is a trendy, pretty, young lesbian, who is having trouble finding love. A friend sets her up with Ely, whom Max likes, but Ely is frumpy, homely, and older. Nor do they have much in ..."
Guilty as Sin,"A female lawyer takes an accused wife-murderer as a client, but finds herself morally compelled to betray him one way or another."
Hard Target,"A woman hires a drifter as her guide through New Orleans in search of her father, who has gone missing. They discover a deadly game of cat and mouse behind his disappearance in the process."
Heaven & Earth,The final movie in Oliver Stone's Vietnam trilogy follows the true story of a Vietnamese village girl who survives a life of suffering and hardship during and after the Vietnam war. As a ...
Hot Shots! Part Deux,Rambo parody in which Topper Harley leads a rescue team into Iraq to save Iraqi war prisoners and all of their previous rescue teams.
Live Nude Girls,"Georgina throws a sleepover party for her friend Jamie, a moderately successful actress, on the night of Jamie's fiancée's bachelor party. Jill, Jamie, Marcy, Rachel, and Georgina have been..."
"Englishman Who Went Up a Hill But Came Down a Mountain, The","When an English cartographer must tell a Welsh village that their mountain is only a hill, the offended community sets out to change that."
"House of the Spirits, The","A rancher, his clairvoyant wife and their family face turbulent years in South America in this adaptation of Isabel Allende's best-seller."
House Party 3,"Come to a new House Party, where Kid, after a lifetime 'playing the field', falls in love and is about to get married. 'Play' plans to throw the rockin'est bachelor party ever - until '..."
"Hudsucker Proxy, The",A naive business graduate is installed as president of a manufacturing company as part of a stock scam.
I'll Do Anything,"Matt Hobbs is a talented but unsuccessful actor. When estranged (and strange) ex-wife Beth dumps their daughter Jeannie on Matt, father and daughter have a lot of adjusting to do. His ..."
In the Army Now,Two misguided youths join the reserves to make some money for their entrepreneurial dreams. No sooner than they finish basic training are they called up to do their part to save the free world.
In the Line of Fire,"Secret Service agent Frank Horrigan couldn't save Kennedy, but he's determined not to let a clever assassin take out this president."
In the Name of the Father,A man's coerced confession to an IRA bombing he did not commit results in the imprisonment of his father as well. An English lawyer fights to free them.
"Inkwell, The","In 1976, Drew Tate is a young teenager who has trouble dealing with life after he accidentally sets his house on fire. His parents Kenny and Brenda decide to go to Martha's Vineyard to ..."
What's Love Got to Do with It?,"The story of singer Tina Turner's rise to stardom and how she gained the courage to break free from abusive husband, Ike Turner."
Judgment Night,"Four friends on their way to a boxing match get caught in heavy traffic, so they take a shortcut in order to get there faster, unfortunately it leads to them witnessing a murder which leaves them running for their lives."
Jurassic Park,"During a preview tour, a theme park suffers a major power breakdown that allows its cloned dinosaur exhibits to run amok."
Kalifornia,"A journalist duo go on a tour of serial killer murder sites with two companions, unaware that one of them is a serial killer himself."
Killing Zoe,"Zed has only just arrived in the beautiful Paris and already he's up to no good. Having just slept with a call girl, he spends a night on the town with his dangerous friends. They all ..."
King of the Hill,A young boy struggles on his own in a run-down motel after his parents and younger brother are separated from him in 1930s Depression-era Midwest.
Lassie,"The dog everyone loves now leaps into the '90s in this all-new exciting, updated version of Lassie! Determined to start a new life in the country, the Turner Family - Dad, stepmom, little ..."
Last Action Hero,"With the help of a magic ticket, a young film fan is transported into the fictional world of his favorite action film character."
Life with Mikey,"Michael Chapman was once a child TV star. But when he grew up, he couldn't get work. So he and his brother, Ed start their own talent agency that specializes in child acts. They can't seem ..."
Lightning Jack,"Lightning Jack Kane is an Australian outlaw in the wild west. During a bungled bank robbery he picks up mute Ben Doyle as a hostage. The two become good friends, with Jack teaching Ben how ..."
M. Butterfly,"In 1960s China, French diplomat Rene Gallimard falls in love with an opera singer, Song Liling - but Song is not at all who Gallimard thinks."
Made in America,"A young black woman discovers that her father was a sperm donor, and if that weren't bad enough, he's white."
Malice,"A tale about a happily married couple who would like to have children. Tracy teaches art, Andy's a college dean. Things are never the same after she is taken to hospital and operated upon by Jed, a know all doctor."
"Man Without a Face, The",Chuck wants to leave home but can't make the grade for boarding school. Then he finds out the disfigured recluse living nearby is an ex-teacher.
Manhattan Murder Mystery,A middle-aged couple suspects foul play when their neighbor's wife suddenly drops dead.
Menace II Society,A young street hustler attempts to escape the rigors and temptations of the ghetto in a quest for a better life.
Executive Decision,"When terrorists seize control of an airliner, an intelligence analyst accompanies a commando unit for a midair boarding operation."
In the Realm of the Senses (Ai no corrida),"A passionate telling of the story of Sada Abe, a woman whose affair with her master led to a sexual obsession which then came to a violent end."
What Happened Was...,"This darkly humorous film explores the personal psychic landscape of two lonely New Yorkers. Jackie and Michael are coworkers at a large law firm, who decide to meet at Jackie's for dinner ..."
Much Ado About Nothing,"Young lovers Hero and Claudio, soon to wed, conspire to get verbal sparring partners and confirmed singles Benedick and Beatrice to wed as well."
Mr. Jones,"The story about the relationship between a manic depressive man, Mr Jones, and the female doctor who takes more than a professional interest in his treatment."
Mr. Wonderful,"Electrician Gus gets the chance to fulfill a childhood dream by buying an old bowling-alley with some of his friends. Unfortunately, due to the alimony payments he has to make to his ..."
Mrs. Doubtfire,"After a bitter divorce, an actor disguises himself as a female housekeeper to spend time with his children held in custody by his former wife."
Naked,"Parallel tales of two sexually obsessed men, one hurting and annoying women physically and mentally, one wandering around the city talking to strangers and experiencing dimensions of life."
"Next Karate Kid, The",Mr. Miyagi is back and he takes a new pupil under his wing; a troubled adolescent girl.
No Escape,A soldier convicted for murdering his commanding officer is dumped and left to die on a prison island inhabited by two camps of convicts.
North,"Sick of the neglect he receives from his mom and dad, a young boy leaves home and travels the world in search of new parents."
Orlando,"Young nobleman Orlando is commanded by Queen Elizabeth I to stay forever young. Miraculously, he does just that. The film follows him as he moves through several centuries of British ..."
"Perfect World, A","A kidnapped boy strikes up a friendship with his captor: an escaped convict on the run from the law, headed by an honorable U.S. Marshal."
Philadelphia,"When a man with AIDS is fired by his law firm because of his condition, he hires a homophobic small time lawyer as the only willing advocate for a wrongful dismissal suit."
"Piano, The","A mute woman along with her young daughter, and her prized piano, are sent to 1850s New Zealand for an arranged marriage to a wealthy landowner, and she's soon lusted after by a local worker on the plantation."
Poetic Justice,"In this film, we see the world through the eyes of main character Justice, a young African-American poet. A mail carrier invites a few friends along for a long overnight delivery run."
"Program, The","Several players from different backgrounds try to cope with the pressures of playing football at a major university. Each deals with the pressure differently, some turn to drinking, others to drugs, and some to studying."
"Puppet Masters, The",The Earth is invaded by alien slugs that ride on people's backs and control their minds.
Radioland Murders,"In 1939, WBN, a fourth radio network, is about to take to America's airwaves. As if the confusion of the premiere night wasn't enough, Penny Henderson, the owner's secretary, must deal with..."
"Ref, The","A cat burglar is forced to take a bickering, dysfunctional family hostage on Christmas Eve."
"Remains of the Day, The",A butler who sacrificed body and soul to service in the years leading up to World War II realizes too late how misguided his loyalty was to his lordly employer.
Renaissance Man,A down-on-his-luck businessman desperately takes the only job offered - a teacher in the U.S. Army. His mission: keep a ragtag bunch of underachieving misfits from flunking out of basic ...
Rising Sun,"At the offices of a Japanese corporation, during a party, a woman, who's evidently a professional mistress, is found dead, apparently after some rough sex. A police detective, Web Smith is ..."
"Road to Wellville, The","A story about the ins and outs of one unusual health facility in the early 20th century, run by the eccentric Dr. Kellogg."
RoboCop 3,Robocop saves the day once more. This time the half man/half robot takes on ruthless developers who want to evict some people on their land.
Robin Hood: Men in Tights,A spoof of Robin Hood in general and Robin Hood: Prince of Thieves (1991) in particular.
Romeo Is Bleeding,Detective Jack Grimaldi (Gary Oldman) takes us through his shattered life after encountering the most deadly (and deceptive) criminal he has ever had to deal with. It doesn't help that ...
Romper Stomper,A group of skinheads become alarmed at the way their neighbourhood is changing.
Ruby in Paradise,"Ruby, a young woman, arrives in a Florida resort town during the off season to make a fresh start. She gets work as a sales clerk in a souvineer shop run by Mildred Chambers. She dates, and..."
Rudy,Rudy has always been told that he was too small to play college football. But he is determined to overcome the odds and fulfill his dream of playing for Notre Dame.
"Savage Nights (Nuits fauves, Les)","Jean is young, gay, and promiscuous. Only after he meets one or two women, including Laura does he come to realize his bisexuality. Jean has to overcome a personal crisis (he is ..."
Schindler's List,"In Poland during World War II, Oskar Schindler gradually becomes concerned for his Jewish workforce after witnessing their persecution by the Nazis."
"Scout, The",The story of a baseball scout who discovers a talented but troubled baseball player.
Searching for Bobby Fischer,A prepubescent chess prodigy refuses to harden himself in order to become a champion like the famous but unlikable Bobby Fischer.
"Secret Garden, The",A young British girl born and raised in India loses her neglectful parents in an earthquake. She is returned to England to live at her uncle's estate. Her uncle is very distant due to the ...
Serial Mom,A sweet mother takes a little too much at heart for the defence of her family.
"Shadow, The","In 30's New York City, the Shadow battles his nemesis, Shiwan Khan, who is building an atomic bomb."
Shadowlands,"C.S. Lewis, a world-renowned Christian theologian, writer and professor, leads a passionless life until he meets a spirited poet from the U.S."
Short Cuts,The day-to-day lives of a number of suburban Los Angeles residents.
"Simple Twist of Fate, A","His life was emotionally closed off from the world, until an orphaned baby showed up at his house."
Sirens,"When a painting is termed blasphemous, a young minister and his wife visit the artist... and the three sexually playful models living with him."
Six Degrees of Separation,"An affluent New York couple find their lives touched, intruded upon, and compelled by a mysterious young black man who is never quite who he says he is."
Sleepless in Seattle,A recently widowed man's son calls a radio talk-show in an attempt to find his father a partner.
Sliver,"Carly Norris is a book editor living in New York City who moves into the Sliver apartment building. In the apartment building, Carly meets two of her new neighbors, author Jack Lansford who..."
Blade Runner,A blade runner must pursue and try to terminate four replicants who stole a ship in space and have returned to Earth to find their creator.
Son in Law,"Having gotten a taste of college life, a drastically changed farm girl returns home for Thanksgiving break with her best friend, a flamboyant party animal who is clearly a fish out of water in a small farm town."
So I Married an Axe Murderer,A San Francisco poet who fears commitment has a girlfriend who he suspects may not be who she appears.
Striking Distance,"Coming from a police family, Tom Hardy ends up fighting his uncle after the murder of his father. Tom believes the killer is another cop, and goes on the record with his allegations. Demoted then to river duty, the killer taunts Tom."
Super Mario Bros.,"Two Brooklyn plumbers, Mario and Luigi, must travel to another dimension to rescue a princess from the evil dictator King Koopa and stop him from taking over the world."
Surviving the Game,"A homeless man is hired as a survival guide for a group of wealthy businessmen on a hunting trip in the mountains, unaware that they are killers who hunt humans for sport, and that he is their new prey."
Terminal Velocity,A maverick skydiver and a former KGB agent team up to stop the Russian mafia from stealing gold.
Thirty-Two Short Films About Glenn Gould,"A collection of vignettes highlighting different aspects of the life, work, and character of the acclaimed Canadian classical pianist."
Threesome,"Eddy and Stuart share two-thirds of a dormitory suite. Due to bureaucratic error, a woman named Alex is added to their room. At first, relations among the three are tense. Soon, however, ..."
"Nightmare Before Christmas, The","Jack Skellington, king of Halloween Town, discovers Christmas Town, but doesn't quite understand the concept."
"Three Musketeers, The","The three best of the disbanded Musketeers - Athos, Porthos, and Aramis - join a young hotheaded would-be-Musketeer, D'Artagnan, to stop the Cardinal Richelieu's evil plot: to form an ..."
Tombstone,"A successful lawman's plans to retire anonymously in Tombstone, Arizona, are disrupted by the kind of outlaws he was famous for eliminating."
Trial by Jury,"Valerie is a juror in the trail of a mob boss. When her young son's life is threatened, she has no option other than to see that justice isn't done."
True Romance,"Clarence marries hooker Alabama, steals cocaine from her pimp, and tries to sell it in Hollywood, while the owners of the coke try to reclaim it."
"War Room, The",A documentary of the Bill Clinton 1992 presidential campaign and the organization who ran it.
"Pagemaster, The",A cowardly boy who buries himself in accident statistics enters a library to escape a storm only to be transformed into an animated illustration by the Pagemaster. He has to work through obstacles from classic books to return to real life.
"Paris, France","Lucy (Leslie Hope), her husband Michael (Victor Ertmanis), and their business partner William (Dan Left) are the owners of a small publishing company in Toronto. The stability of their ..."
Killer (Bulletproof Heart),"A professional assassin, having just cleaned up a botched job, is pressured into another new assignment by his boss. He is beginning to find himself off-balanced and self-questioning ..."
Welcome to the Dollhouse,"Insightful look at an unattractive 7th grader as she struggles to cope with un-attentive parents, snobbish classmates, a smart older brother, an attractive younger sister, and her own insecurities."
Germinal,"In mid-nineteenth-century northern France, a coal mining town's workers are exploited by the mine's owner. One day, they decide to go on strike, and the authorities repress them."
Chasers,A hapless Navy grunt is assigned SP duty. The catch: he must escort a beautiful female prisoner on her way to prison for going UA. She in turn will try anything to escape.
Cronos,"A mysterious device designed to provide its owner with eternal life resurfaces after four hundred years, leaving a trail of destruction in its path."
Kika,"Kika, a young cosmetologist, is called to the mansion of Nicolas, an American writer to make-up the corpse of his stepson, Ramon. Ramon, who is not dead, is revived by Kika's attentions and..."
Bhaji on the Beach,"A group of women of Indian descent take a trip together from their home in Birmingham, England to the beach resort of Blackpool. The women vary in ages from mid-teens to old, and initially ..."
Little Big League,A young boy is bequeathed the ownership of a professional baseball team.
"Wedding Gift, The",null
"Ciao, Professore! (Io speriamo che me la cavo)","Marco Sperelli is a teacher, he is divorced and he is sent to work in Corzano, a town near Naples. The first day of work he finds in the school only the school-caretaker and few girls and ..."
Spanking the Monkey,"Raymond Aibelli is a promising medical student ready to begin a prestigious summer internship. But Susan, his mother, is immobilized by a broken leg, and his father Tom, a travelling ..."
"Little Rascals, The",Alfalfa is wooing Darla and his He-Man-Woman-Hating friends attempt to sabotage the relationship.
Andre,"The true story of how a marine sea lion named Andre befriended a little girl and her family, circa 1962."
Princess Caraboo,"Bristol, England, early 19th century. A beautiful young stranger who speaks a weird language is tried for the crime of begging. But when a man claims that he can translate her dialect, it ..."
"Celluloid Closet, The",A documentary surveying the various Hollywood screen depictions of homosexuals and the attitudes behind them throughout the history of North American film.
Métisse (Café au Lait),"Lola is pregnant. But she does not know who the father is : Jamal, the black muslim, son of diplomats, or Felix, the pennyless jewish messenger. Jamal and Felix meet at Lola's, and the race..."
"Brady Bunch Movie, The","The original '70s T.V. family is now placed in the 1990s, where they're even more square and out of place than ever."
Home Alone,An 8-year old troublemaker must protect his home from a pair of burglars when he is accidentally left home alone by his family during Christmas vacation.
Ghost,"After an accident leaves a young man dead, his spirit stays behind to warn his lover of impending danger, with the help of a reluctant psychic."
Aladdin,"When a street urchin vies for the love of a beautiful princess, he uses a genie's magic power to make himself off as a prince in order to marry her."
Terminator 2: Judgment Day,"A cyborg, identical to the one who failed to kill Sarah Connor, must now protect her young son, John Connor, from a more advanced cyborg, made out of liquid metal."
Dances with Wolves,"Lt. John Dunbar, exiled to a remote western Civil War outpost, befriends wolves and Indians, making him an intolerable aberration in the military."
Batman,The Dark Knight of Gotham City begins his war on crime with his first major enemy being the clownishly homicidal Joker.
"Silence of the Lambs, The",A young F.B.I. cadet must confide in an incarcerated and manipulative killer to receive his help on catching another serial killer who skins his victims.
Snow White and the Seven Dwarfs,"Snow White, pursued by a jealous queen, hides with the Dwarfs, but the queen learns of this and prepares to feed her a poison apple."
Beauty and the Beast,"Belle, whose father is imprisoned by the Beast, offers herself instead, unaware her captor to be an enchanted prince."
Pinocchio,"A living puppet, with the help of a cricket as his conscience, must prove himself worthy to become a real boy."
Pretty Woman,"A man in a legal but hurtful business needs an escort for some social events, and hires a beautiful prostitute he meets... only to fall in love."
"Wild Bunch, The",An aging group of outlaws look for one last big score as the traditional American West is disappearing around them.
Love and a .45,"Watty has made a living out of robbing convenience stores, but after one of these job turned into murder by his partner, the psychopath Billy Mack, he is on the run with his fiancé Starlene..."
"Bye Bye, Love","This is a story about the breakup of the family. In particular, it focuses on the lifestyle of three divorced men. The film is presented from their perspective and it reveals their ..."
One Fine Day,"Melanie Parker, an architect and mother of Sammy, and Jack Taylor, a newspaper columnist and father of Maggie, are both divorced. They meet one morning when overwhelmed Jack is left ..."
Candyman: Farewell to the Flesh,The Candyman arrives in New Orleans and sets his sights on a young woman whose family was ruined by the immortal killer years before.
Fargo,Jerry Lundegaard's inept crime falls apart due to his and his henchmen's bungling and the persistent police work of the quite pregnant Marge Gunderson.
Homeward Bound II: Lost in San Francisco,"Shadow, Sassy, and Chance have to find their way home after they become stranded at the San Francisco International Airport as their owners fly to Canada on vacation."
Heavy Metal,"A glowing orb terrorizes a young girl with a collection of stories of dark fantasy, eroticism and horror."
Hellraiser: Bloodline,"In the 22nd century, a scientist attempts to right the wrong his ancestor created: the puzzle box that opens the gates of Hell and unleashes Pinhead and his Cenobite legions."
"Pallbearer, The","A young man's life is thrown into a loop when he is asked to be a pallbearer for the funeral of a classmate he doesn't remember, and his old high school crush temporarily returns to town."
Jane Eyre,"Jane Eyre is an orphan cast out as a young girl by her aunt, Mrs. Reed, and sent to be raised in a harsh charity school for girls. There she learns to become a teacher and eventually seeks ..."
Loaded,"Seven teenagers retreat to a country house for the weekend to make their epic, an impossibly ambitious Celtic fantasy. As the making of the video drifts from playful hilarity to argument, ..."
Bread and Chocolate (Pane e cioccolata),Italian immigrant tries to become a member of Swiss society but fails as a waiter and even as a chicken plucker. He then becomes involved with shady wealthy character and tries to hide his ...
"Aristocats, The","With the help of a smooth talking tomcat, a family of Parisian felines set to inherit a fortune from their owner try to make it back home after a jealous butler kidnaps them and leaves them in the country."
"Flower of My Secret, The (La flor de mi secreto)","Leo Macias writes sentimental novels with great success but hidden under a pseudonym, Amanda Gris. She is unhappy with her professional life and with her husband, a soldier working in ..."
Ed,A trained chimpanzee plays third base for a minor-league baseball team.
Scream of Stone (Cerro Torre: Schrei aus Stein),"Two famous competitive climbers make a bet on who can climb Cerro Torre, one of the most dangerous mountains in Argentina and the world, first. As the day of the climb approaches, their increasing competitiveness becomes destructive."
My Favorite Season,"Old woman Berthe leaves her house to live in her daugter Emilie's one. Emilie and her brother Antoine have fallen out three years ago and have not seen each other since, but Emilie invites ..."
"Thin Line Between Love and Hate, A","An observable, fast-talking party man Darnell Wright, gets his punishment when one of his conquests takes it personally and comes back for revenge in this 'Fatal Attraction'-esque comic ..."
"Last Supper, The","A group of idealistic, but frustrated, liberals succumb to the temptation of murdering rightwing pundits for their political beliefs."
Primal Fear,"An altar boy is accused of murdering a priest, and the truth is buried several layers deep."
Carried Away,"Joseph Svenden is a middle-aged schoolteacher who lives on a farm with his dying mother. In his simple life there are no excitements, even in long-time relationship with a widow. However, ..."
All Dogs Go to Heaven 2,"Charlie and Itchy return to Earth to find Gabriel's Horn, but along the way meet up with a young boy named David, who ran away from home."
Land and Freedom (Tierra y libertad),"Spring 1936, a young unemployed communist, David, leaves his hometown Liverpool to join the fight against fascism in Spain. He joins an international group of Militia-men and women, the ..."
Denise Calls Up,"A group of friends in New York, working away at their PCs and laptops, keep in touch exclusively by phone and fax. They are all too busy to meet face to face. Gale plays matchmaker, by ..."
"Family Thing, A","Earl Pilcher Jr., runs an equipment rental outfit in Arkansas, lives with his wife and kids and parents, and rarely takes off his gimme cap. His mother dies, leaving a letter explaining ..."
Sgt. Bilko,"Sgt. Bilko is in charge of the Motor Pool at an Army base. He's also a good-natured con man, providing gambling facilities for the soldiers on base. When an old enemy from his past shows up..."
Jack and Sarah,A young American woman becomes a nanny in the home of a recent British widower.
Girl 6,This Spike Lee film examines the life of an aspiring actress in New York. She is upset by the treatment of women in the movie industry during one of her screen tests with 'QT'. Out of work ...
Diabolique,The wife and mistress of the sadistic dean of an exclusive prep school conspire to murder him.
Courage Under Fire,"A US Army officer, despondent about a deadly mistake he made, investigates a female chopper commander's worthiness for the Medal of Honor."
Mission: Impossible,"An American agent, under false suspicion of disloyalty, must discover and expose the real spy without the help of his organization."
Moll Flanders,"The daughter of a thief, young Moll is placed in the care of a nunnery after the execution of her mother. However, the actions of an abusive priest lead Moll to rebel as a teenager, ..."
"Superweib, Das",Franziska is kind of a romantic woman with two children and a husband who is working around the globe as a movie director. When she wants to buy a flat some day she gets in contact with ...
Dragonheart,The last dragon and a disillusioned dragonslaying knight must cooperate to stop an evil king who was given partial immortality.
Eddie,"Eddie is a New York limo driver and a fanatical follower of the New York Knicks professional basketball team. The team is struggling with a mediocre record when, in mid-season, Wild Bill ..."
Purple Noon (Plein soleil),"Tom Ripley is a talented mimic, moocher, forger and all-around criminal improviser; but there's more to Tom Ripley than even he can guess."
James and the Giant Peach,"An orphan with terrible aunts for guardians, befriends human like bugs who live inside a giant peach, who take the boy on a journey to New York City."
Fear,"When Nicole met David; handsome, charming, affectionate, he was everything. It seemed perfect, but soon she sees that David has a darker side. And his adoration turns to obsession, their dream into a nightmare, and her love into fear."
Kids in the Hall: Brain Candy,"A pharmaceutical scientist creates a pill that makes people remember their happiest memory, and although it's successful, it has unfortunate side effects."
Faithful,"A depressed housewife whose husband is having an affair contemplates suicide, but changes her mind when she faces death by a killer hired to do her in."
Underground,The story follows an underground weapons manufacturer in Belgrade during WWII and evolves into fairly surreal situations. A black marketeer who smuggles the weapons to partisans doesn't ...
Bloodsport 2 (a.k.a. Bloodsport II: The Next Kumite),"After thief Alex Cardo gets caught while stealing an ancient katana in East Asia, he soon finds himself imprisoned and beaten up by the crowd there. Especially one of the guards, Demien, ..."
Song of the Little Road (Pather Panchali),"Impoverished priest Harihar Ray, dreaming of a better life for himself and his family, leaves his rural Bengal village in search of work."
"World of Apu, The (Apur Sansar)","This final installment in Satyajit Ray's Apu Trilogy, follows Apu's life as an orphaned adult aspiring to be a writer as he lives through poverty, and the unforeseen turn of events."
Mystery Science Theater 3000: The Movie,Mike Nelson and his robot companions watch and give their comments about This Island Earth (1955).
Space Jam,Michael Jordan agrees to help the Looney Tunes play a basketball game vs. alien slavers to determine their freedom.
Barbarella,"In the far future, a highly sexual woman is assigned with finding and stopping the evil Durand-Durand. Along the way, she encounters various unusual people."
Some Folks Call It a Sling Blade,"Twenty-five years after commiting a double murder, Karl Childers is going to be released from an institution for the criminally insane. A local reporter comes to talk to him, and after some..."
"Run of the Country, The","In a small village on the border of Northern Ireland and The Republic of Ireland, the relationship between a short tempered policeman and his rebellious son becomes even more strenuous when the young man falls for a wrong girl."
"Alphaville (Alphaville, une étrange aventure de Lemmy Caution)",A U.S. secret agent is sent to the distant space city of Alphaville where he must find a missing person and free the city from its tyrannical ruler.
Coup de torchon (Clean Slate),"1938, in a French african colony. Lucien Cordier is the cop of this village, populated with blacks and a few whites (usually racialist and lustful). He is a washout, everyone (including his..."
It's My Party,"You won't leave me, will you? Nick asks Brandon shortly after revealing to him the results of his last blood test for HIV. I don't want to die alone. In spite of Brandon's protestations..."
Country Life,Adaptation of Chekhov's Uncle Vanya set in rural Australia in the 1920's. Jack Dickens and his niece Sally run the family farm to support brother-in-law Alexander as a (supposedly ...
Operation Dumbo Drop,"To keep the loyalty of a village during the Vietnam war, a U.S. Army officer and his unit struggle to deliver it a live elephant."
"Promise, The (Versprechen, Das)","East-Berlin, 1961, shortly after the erection of the Wall. Konrad, Sophie and three of their friends plan a daring escape to Western Germany. The attempt is successful, except for Konrad, ..."
Mrs. Winterbourne,Connie Doyle is eighteen and pregnant when her boyfriend kicks her out. She accidentally ends up on a train where she meets Hugh Winterbourne and his wife Patricia who is pregnant. The ...
Solo,Mario Van Peebles stars as an android killing weapon designed by the military and utilized to enter into a Latin American war to destroy the rebels - natives fighting simply to maintain ...
"Substitute, The","After a botched mission in Cuba, professional mercenary Shale and his crew Joey Six, Hollan, Rem, and Wellman head home to Miami, Florida, where Shale is reunited with his fiance Jane ..."
True Crime,"Mary Giordano is a bright, intelligent student who goes to a catholic school. She also has a addiction to mystery novels and detective magazines (hence the title of the movie), which ..."
Butterfly Kiss,"Eunice is walking along the highways of northern England from one filling station to another. She is searching for Judith, the woman, she says to be in love with. It's bad luck for the ..."
Feeling Minnesota,An ex-convict and his bumbling crook brother fight for the same woman.
Delta of Venus,"A struggling American writer (England) and a fellow American expatriate (Mandylor) begin a sordid affair among the chaos and discord of 1940 Paris, France on the brink of World War II."
Angus,"A miserable fat teenager secretly has a crush on the class beauty, ends up becoming the surprising participant to dance with her at a high school dance, meaning he's got to get his act together with the help of his best friend."
Faces,"An old married man leaves his wife for a younger woman. Shortly after, his ex-wife also begins a relationship with a younger partner. The film follows their struggles to find love amongst each other."
Boys,"Patty Vare falls off a horse and is found unconscious by preparatory school student John Baker. He takes her to his dormitory. As he quickly discovers, she is hiding from something. For ..."
"Quest, The","Chris embarks on an odyssey of self-discovery that spans the globe. Kidnapped and enslaved by gun smugglers, sold by pirates and thrust into the murky underworld of gambling and kickboxing,..."
Cosi,Lewis is a young Sydney amateur theater director at his first experience: he is offered a job with a Governmental program for the rehabilitation of mentally ill patients in a Sydney ...
Mulholland Falls,"In 1950's Los Angeles, a special crime squad of the LAPD investigates the murder of a young woman."
"Truth About Cats & Dogs, The",A successful veternarian & radio show host with low self-esteem asks her model friend to impersonate her when a handsome man wants to see her.
Oliver & Company,A lost and alone kitten joins a gang of dogs engaged in petty larceny in New York.
Celtic Pride,Two over-loyal Celtic fans kidnap their opponent's star player in order to guarantee their team the championship.
Flipper,"Sandy Ricks is sent by his mom to Coral Key, a rustic island in the Florida keys, to spend the summer with his uncle Porter Ricks. Sandy dislikes everything about his new environment until ..."
Dead Man,"On the run after murdering a man, accountant William Blake encounters a strange North American man named Nobody who prepares him for his journey into the spiritual world."
"Horseman on the Roof, The (Hussard sur le toit, Le)","In a time of war and disease, a young officer gallantly tries to help a young woman find her husband."
"Visitors, The (Visiteurs, Les)","A medieval nobleman and his squire are accidentally transported to contemporary times by a senile sorcerer. He enlists the aid of his descendent to try to find a way to return home, all the..."
Multiplicity,A man who never has enough time for the things he wants to do is offered the opportunity to have himself duplicated.
Wallace & Gromit: The Best of Aardman Animation,null
Halfmoon (Paul Bowles - Halbmond),"Three short stories by the American expatriate, Paul Bowles, are brought to sinister life - 'Merkala Beach', 'Call at Corazon' and the haunting 'Allal'."
"Haunted World of Edward D. Wood Jr., The",How was it possible that a movie like Plan 9 from Outerspace could be made? This documentary about Ed Wood Jr.'s masterpiece gives the answer.
"Craft, The",A newcomer to a Catholic prep high school falls in with a trio of outcast teenage girls who practice witchcraft and they all soon conjure up various spells and curses against those who even slightly anger them.
"Great White Hype, The","When the champ's promoter, Rev. Sultan, decides something new is needed to boost the marketability of the boxing matches, he searches and finds the only man to ever beat the champ. The ..."
Last Dance,"Upon taking a new job, young lawyer Rick Hayes is assigned to the clemency case of Cindy Liggett, a woman convicted of first degree murder and sentenced to death. As Hayes investigates the ..."
Cold Comfort Farm,"In England in the early 1930's, 20 year old Flora Poste, recently orphaned and left with only 100 pounds a year, goes to stay with distant relatives on Cold Comfort Farm. Everyone on the ..."
Heaven's Prisoners,"A hardened New Orleans cop, Dave Robicheaux, finally tosses in the badge and settles into life on the bayou with his wife. But a bizarre plane crash draws him back into the fray when his family is viciously threatened."
"Rock, The","A mild-mannered chemist and an ex-con must lead the counterstrike when a rogue group of military men, led by a renegade general, threaten a nerve gas attack from Alcatraz against San Francisco."
Cemetery Man (Dellamorte Dellamore),A cemetery man must kill the dead a second time when they become zombies.
Twister,"Bill and Jo Harding, advanced storm chasers on the brink of divorce, must join together to create an advanced weather alert system by putting themselves in the cross-hairs of extremely violent tornadoes."
Barb Wire,Post-apocalyptic remake of Casablanca (1942) set in a sleazy nightclub.
Ghost in the Shell (Kôkaku kidôtai),A cyborg policewoman and her partner hunt a mysterious and powerful hacker called the Puppet Master.
Thinner,A lawyer is cursed by a gypsy to lose weight...and lose weight...and lose weight...
Spy Hard,"General Rancor is threatening to destroy the world with a missile he is hiding at his secret base. But to complete his goal, he needs a special computer chip, invented by the scientist Prof..."
Wallace & Gromit: A Close Shave,"Wallace falls for Wendolene, a wool shop owner, while Gromit is framed for the sheep rustling."
Force of Evil,"An unethical lawyer, with an older brother he wants to help, becomes a partner with a client in the numbers racket."
"Stupids, The",An incredibly dull-witted family unknowingly stumble upon an illegal weapons deal while on the trail of their stolen garbage.
"Arrival, The","Zane, an astronomer, discovers intelligent alien life. But the aliens are keeping a deadly secret, and will do anything to stop Zane from learning it."
Dr. Strangelove or: How I Learned to Stop Worrying and Love the Bomb,An insane general triggers a path to nuclear holocaust that a war room full of politicians and generals frantically try to stop.
"Month by the Lake, A","For 16 years Miss Bentley has been spending April at an elegant hillside villa on Lake Como. This year, 1937, her London society artist father has recently died and the only other ..."
Gold Diggers: The Secret of Bear Mountain,"A city girl teams up with a tomboy to solve the mystery of Bear Mountain, Molly Morgan, and the buried treasure as well as learn about true friendships."
Kim,"Buring the British Raj, the orphan of a British soldier poses as a Hindu and is torn between his loyalty to a Buddhist mystic and aiding the English secret service."
Carmen Miranda: Bananas Is My Business,"A biography of the Portuguese-Brazilian singer Carmen Miranda, whose most distinctive feature was her tutti frutti hat. She came to the US as the Brazilian Bombshell and was a Broadway ..."
Ashes of Time (Dung che sai duk),A broken-hearted hit man moves to the desert where he finds skilled swordsmen to carry out his contract killings.
Maya Lin: A Strong Clear Vision,A film about the work of the artist most famous for her monuments such as the Vietnam Memorial Wall and the Civil Rights Fountain Memorial.
Stalingrad,"A depiction of the brutal battle of Stalingrad, the Third Reich's 'high water mark', as seen through the eyes of German officer Hans von Witzland and his battalion."
"Phantom, The","The Phantom, descendent of a line of African superheroes, travels to New York City to thwart a wealthy criminal genius from obtaining three magic skulls which would give him the secret to ultimate power."
Striptease,A stripper and single mother gets dragged into a dangerous situation after a congressman takes a fancy to her.
Heavy,"The life of an overweight, unhappy cook is changed after a kind, beautiful college drop-out comes to work as a waitress at he and his mother's road-side restaurant."
Jack,"Because of an unusual aging disorder that has aged him four times faster than a normal human being, a boy enters the fifth grade for the first time with the appearance of a 40 year old man."
I Shot Andy Warhol,Based on the true story of Valerie Solanas who was a 60s radical preaching hatred toward men in her Scum manifesto. She wrote a screenplay for a film that she wanted Andy Warhol to ...
"Grass Harp, The","After his mother's death, Collin Fenwick goes to live with his father's cousins, the wealthy, avaricious, and controlling Verena Talbo, and her compliant, earthy sister Dolly. When a city ..."
Marlene Dietrich: Shadow and Light,"Following the life of Marlene Dietrich through her films (including home movies) and interviews with family, friends, co-workers, acquaintances, and presumed lovers. From the cabaret scene ..."
Spirits of the Dead,Three directors each adapt a Poe short story to the screen: Toby Dammit features a disheveled drugged and drunk English movie star who nods acceptance in the Italian press and his ...
Trainspotting,"Renton, deeply immersed in the Edinburgh drug scene, tries to clean up and get out, despite the allure of the drugs and influence of friends."
'Til There Was You,"Two strangers, whose paths are always crossing, finally meet when fate steps in."
Independence Day (a.k.a. ID4),"The aliens are coming and their goal is to invade and destroy Earth. Fighting superior technology, mankind's best weapon is the will to survive."
Stealing Beauty,"After her mother commits suicide, nineteen year old Lucy Harmon travels to Italy to have her picture painted. However, she has other reasons for wanting to go. She wants to renew her ..."
"Fan, The",An all star baseball player becomes the unhealthy focus of a down on his luck salesman.
"Hunchback of Notre Dame, The","A deformed bell-ringer must assert his independence from a vicious government minister in order to help his friend, a gypsy dancer."
"Cable Guy, The","A lonely and disturbed cable guy raised on television just wants a new friend, but his target, a designer, rejects him, with bad consequences."
Kingpin,A star bowler whose career was prematurely cut off hopes to ride a new prodigy to success and riches.
Eraser,A Witness Protection specialist becomes suspicious of his co-workers when dealing with a case involving high-tech weapons.
"Gate of Heavenly Peace, The",null
"Nutty Professor, The","Grossly overweight professor Sherman Klump, desperate to lose weight, takes a special chemical that turns him into the slim but obnoxious Buddy Love."
My Life and Times With Antonin Artaud (En compagnie d'Antonin Artaud),"May, 1946, in Paris young poet Jacques Prevel meets Antonin Artaud, the actor, artist, and writer just released from a mental asylum. Over ten months, we follow the mad Artaud from his ..."
Daylight,Disaster in a New York tunnel as explosions collapse both ends of it. One hero tries to help the people inside find their way to safety.
"Frighteners, The","After a tragic car accident that killed his wife, a man discovers he can communicate with the dead to con people but when a demonic spirit appears, he may be the only one who can stop it from killing the living and the dead."
Lone Star,"When the skeleton of his murdered predecessor is found, Sheriff Sam Deeds unearths many other long-buried secrets in his Texas border town."
Harriet the Spy,Harriet M. Welsch is a spy. But when Harriet's friends find her secret notebook the tables are turned on her. Can she win her friends back and still keep on going with the spy business?
Phenomenon,"An ordinary man sees a bright light descend from the sky, and discovers he now has super-intelligence and telekinesis."
Walking and Talking,"Things have been tough lately for Amelia. Her best friend moved out of the apartment, her cat got cancer, and now her best friend, Laura, is getting married. She copes with things, from the..."
She's the One,"The love lives of two brothers, Mickey and Francis, interconnect as Francis cheats on his wife with Mickey's ex-girlfriend, while Mickey impulsively marries a stranger."
"Time to Kill, A","A young lawyer defends a black man accused of murdering two men who raped his 10-year-old daughter, sparking a rebirth of the K.K.K."
American Buffalo,Long-repressed feelings of bitterness and betrayal explode when three inner-city losers plot the robbery of a valuable coin in a seedy second-hand junk shop.
Alaska,"Jake Barnes and his two kids, Sean and Jessie, have moved to Alaska after his wife died. He is a former airline pilot now delivering toilet paper across the mountains. During an emergency ..."
Fled,Two prisoners chained together flee during an escape attempt gone bad.
Kazaam,Being a lone young boy in the 'hood is dangerous and unpleasant. This is what Max experiences when he fools a gang of local toughs who cornered him at school. The gang finds out that the ...
Larger Than Life,A motivational speaker discovers that the inheritance his father left for him is in the form of an elephant.
Two Deaths,"A tale of power, passion and obsession set in a politically torn Eastern European country."
"Very Brady Sequel, A","A man claiming to be Carol Brady's long-lost first husband, Roy Martin, shows up at the suburban Brady residence one evening. An impostor, the man is actually determined to steal the Bradys..."
"Death in the Garden (Mort en ce jardin, La)","Chark, an adventurer comes to small village in the near of a gold digger's camp. He is arrested by the local police, who accuse him of having comitted a bank robbery in a neighoured town. ..."
Kaspar Hauser,Kaspar Hauser is the son of the duke of Baden. At the age of one he was swapped by another baby that has been killed right after the change. The real Kaspar Hauser grew up in prison without...
"Adventures of Pinocchio, The","One of puppet-maker Geppetto's creations comes magically to life. This puppet, Pinocchio, has one major desire and that is to become a real boy someday. In order to accomplish this goal he ..."
Joe's Apartment,"A nice guy has just moved to New York and discovers that he must share his run-down apartment with a couple thousand singing, dancing cockroaches."
"First Wives Club, The","Reunited by the death of a college friend, three divorced women seek revenge on the husbands who left them for younger women."
Stonewall,A group of homosexual people try to live with dignity and self-respect while events build to the opening battle in the major gay rights movement.
Ransom,"When a rich man's son is kidnapped, he cooperates with the police at first but then tries a unique tactic against the criminals."
High School High,"Richard Clark has just left the well-known Wellington Academy to teach at Marion Barry High School. Now, he will try to inspire the D-average students into making good grades and try to woo a fellow teacher."
Phat Beach,A hefty homeboy borrows his dad's Mercedes and goes to the beach with his friends for wild sun & fun.
Foxfire,The story of five teenage girls who form an unlikely bond after beating up a teacher who has sexually harassed them. They build a solid friendship but their wild ways begin to get out of ...
Chain Reaction,Two researchers in a green alternative energy project are put on the run when they are framed for murder and treason.
Matilda,"Story of a wonderful little girl, who happens to be a genius, and her wonderful teacher vs. the worst parents ever and the worst school principal imaginable."
Emma,In rural 1800s England things go bad for a young matchmaker after she finds a man for another woman.
"Crow: City of Angels, The","Many years after the first film, the spirit of the Crow resurrects another man seeking revenge for the murder of his son."
House Arrest,"A group of children, desperate to keep their various parents from getting divorces, kidnap them and hold them prisoner in a basement in order to force them to reconcile."
"Eyes Without a Face (Yeux sans visage, Les)","A surgeon causes an accident which leaves his daughter disfigured, and goes to extremes to give her a new face."
Tales from the Crypt Presents: Bordello of Blood,The Crypt Keeper returns to tell the story of a funeral parlor that moonlights as a vampire bordello.
"Story of Xinghua, The (Xinghua san yue tian)","Gesitueerd in een verlaten dorp nabij de ruines van de Grote Muur in Noord-China, schetst dit allegorisch drama het conflict tussen morele corruptie, oude Onder het systeem van vrije handel..."
"Day the Sun Turned Cold, The (Tianguo niezi)",Guan Jian wants to report the murder of his father who died 10 years ago. The alleged murderer whom Guan Jian accuses of the crime is his own mother.
Flirt,"The same situation is played out in different cities (New York, Berlin and Tokyo). A lover has to choose whether to commit to a partner who is returning home. In each case there are other ..."
"Spitfire Grill, The","Percy, upon being released from prison, goes to the small town of Gillead, to find a place where she can start over again. She is taken in by Hannah, to help out at her place, the Spitfire ..."
Escape from L.A.,"Snake Plissken is once again called in by the United States government to recover a potential doomsday device from Los Angeles, now an autonomous island where undesirables are deported."
Cyclo (Xich lo),A young man who struggles through life by earning some money with his bicycle-taxi in Saigon (Ho Chi Minh city) gets contact to a group of criminals. They introduce him to the mafia-world ...
Basquiat,"Basquiat tells the story of the meteoric rise of youthful artist Jean-Michel Basquiat. Starting out as a street artist, living in Thompkins Square Park in a cardboard box, Jean-Michel is ..."
Tin Cup,A washed up golf pro working at a driving range tries to qualify for the US Open in order to win the heart of his succesful rival's girlfriend.
"Ballad of Narayama, The (Narayama Bushiko)","In Kabuki style, the film tells the story of a remote mountain village where the scarcity of food leads to a voluntary but socially-enforced policy in which relatives carry 70-year-old ..."
"Godfather, The",The aging patriarch of an organized crime dynasty transfers control of his clandestine empire to his reluctant son.
Supercop (Police Story 3: Supercop) (Jing cha gu shi III: Chao ji jing cha),A Hong Kong detective teams up with his female Red Chinese counterpart to stop a Chinese drug czar.
"Wife, The","Tom Noonan's dark comedy features a husband-and-wife team of psychotherapists who run a New-Age therapy group out in the wilderness. Late one night, Jack and Rita are visited by one of ..."
Small Faces,"Three teenage brothers, gang-member Bobby, troubled mama's boy Alan and self-assured prankster Lex, reside in a downtrodden section of Glasgow, Scotland, circa 1968. But while Bobby and ..."
Bound,"Corky, a tough female ex con and her lover Violet concoct a scheme to steal millions of stashed mob money and pin the blame on Violet's crooked boyfriend Caesar."
Carpool,"A man with an important business meeting finds himself having to take care of the carpool for the neighborhood school children when his wife gets sick. Stopping to get donuts for the kids, ..."
Kansas City,"Robert Altman's jazz-scored film explores themes of love, crime, race, and politics in 1930s Kansas City. When Blondie O'Hara's husband, a petty thief, is captured by Seldom Seen and held ..."
Gone Fishin',Two fishing fanatics get in trouble when their fishing boat gets stolen while on a trip.
Vive L'Amour (Ai qing wan sui),"The film focuses on three city folks who unknowingly share the same apartment: Mei, a real estate agent who uses it for her sexual affairs; Ah-jung, her current lover; and Hsiao-ang, who's ..."
Nothing to Lose,"A young street fighter seeks revenge against a powerful drug lord who killed his entire family. Using of his many special combat skills, he's about to take down a whole criminal operation, reaching his goal whatever the consequences."
Supercop 2 (Project S) (Chao ji ji hua),"As a crime wave sweeps through Hong Kong, the police call on Jessica Yang, a rising star in their ranks, to help stop a notorious gang of thieves."
"Relic, The","A homicide detective and an anthropologist try to destroy a South American lizard-like god, who's on a people eating rampage in a Chicago museum."
"Island of Dr. Moreau, The","After being rescued and brought to an island, a man discovers that its inhabitants are experimental animals being turned into strange-looking humans, all of it the work of a visionary doctor."
First Kid,"Luke Davenport is the thirteen-year-old son of Paul Davenport, the President of the United States, and first lady Linda Davenport. Ill tempered Agent Woods is the secret service agent in ..."
"Trigger Effect, The","How tenuous is man's hold on civilization when survival becomes an issue? When the lights go out and stay out for several days, suburbanites Matthew and Annie learn the hard way that man is..."
Bogus,"Recently orphaned, a young boy is taken in by his godmother who is shocked to realize that she can see the boy's imaginary friend: a flamboyant, French magician named Bogus."
Bulletproof,"Two criminals, Keats and Moses, end their friendship when Keats turns out to be an undercover cop. Years later the two are forced to work together when Keats is assigned to protect Moses as a witness."
Land Before Time III: The Time of the Great Giving,"A nearby meteorite crash blocks off the dinosaurs' water supply, starting an ecological chain-reaction that threatens life in the valley. All the dinosaurs, including a group of stupid ..."
1-900 (06),"Sarah, 30, single, well educated, likes art, places a voice ad for phone sex, inviting replies from men under 35, sturdy and sensual. Wilbert, a chubby middle aged architect, leaves a ..."
Halloween: The Curse of Michael Myers (Halloween 6: The Curse of Michael Myers),"Six years after Michael Myers last terrorized Haddonfield, he returns there in pursuit of his niece, Jamie Lloyd, who has escaped with her newborn child, for which Michael and a mysterious cult have sinister plans."
Twelfth Night,"Shakespeare's comedy of gender confusion, in which a girl disguises herself as a man to be near the count she adores, only to be pursued by the woman he loves."
Mother Night,"An American spy behind the lines during WWII serves as a Nazi propagandist, a role he cannot escape in his future life as he can never reveal his real role in the war."
Wild Reeds (Les roseaux sauvages),"In a village in the Southwest of France, 1962. Maite and Francois are 18 years old. They are friends, not lovers. In Francois's classroom, there are Serge, whose brother has just married to..."
For Whom the Bell Tolls,"During the Spanish Civil War, an American allied with the Republicans finds romance during a desperate mission to blow up a strategically important bridge."
"Philadelphia Story, The","When a rich woman's ex-husband and a tabloid-type reporter turn up just before her planned remarriage, she begins to learn the truth about herself."
Singin' in the Rain,A silent film production company and cast make a difficult transition to sound.
"American in Paris, An",Three friends struggle to find work in Paris. Things become more complicated when two of them fall in love with the same woman.
Funny Face,An impromptu fashion shoot at a book store brings about a new fashion model discovery in the shop clerk.
Breakfast at Tiffany's,A young New York socialite becomes interested in a young man who has moved into her apartment building.
Vertigo,"A San Francisco detective suffering from acrophobia investigates the strange activities of an old friend's wife, all the while becoming dangerously obsessed with her."
Rear Window,A wheelchair-bound photographer spies on his neighbours from his apartment window and becomes convinced one of them has committed murder.
It Happened One Night,"A spoiled heiress, running away from her family, is helped by a man who is actually a reporter in need of a story."
Gaslight,"Years after her aunt was murdered in her home, a young woman moves back into the house with her new husband. However, he has a secret that he will do anything to protect, even if it means driving his wife insane."
"Gay Divorcee, The",Mimi Glossop wants a divorce so her Aunt Hortense hires a professional to play the correspondent in apparent infidelity. American dancer Guy Holden meets Mimi while visiting Brightbourne (...
North by Northwest,"A hapless New York advertising executive is mistaken for a government agent by a group of foreign spies, and is pursued across the country while he looks for a way to survive."
"Apartment, The","A man tries to rise in his company by letting its executives use his apartment for trysts, but complications and a romance of his own ensue."
Some Like It Hot,"When two musicians witness a mob hit, they flee the state in an all-female band disguised as women, but further complications set in."
Charade,Romance and suspense ensue in Paris as a woman is pursued by several men who want a fortune her murdered husband had stolen. Who can she trust?
Casablanca,"In Casablanca, Morocco during the early days of World War II, an American expatriate meets a former lover, with unforeseen complications."
"Maltese Falcon, The","A private detective takes on a case that involves him with three eccentric criminals, a gorgeous liar, and their quest for a priceless statuette."
My Fair Lady,A misogynistic and snobbish phonetics professor agrees to a wager that he can take a flower girl and make her presentable in high society.
Sabrina,A playboy becomes interested in the daughter of his family's chauffeur. But it's his more serious brother who would be the better man for her.
Roman Holiday,A bored and sheltered princess escapes her guardians and falls in love with an American newsman in Rome.
"Little Princess, The","A little girl is left by her father in an exclusive seminary for girls, due to her father having to go to Africa with the army."
Meet Me in St. Louis,"In the year before the 1904 St Louis World's Fair, the four Smith daughters learn lessons of life and love, even as they prepare for a reluctant move to New York."
"Wizard of Oz, The",Dorothy Gale is swept away to a magical land in a tornado and embarks on a quest to see the Wizard who can help her return home.
Gone with the Wind,A manipulative Southern belle carries on a turbulent affair with a blockade runner during the American Civil War.
My Favorite Year,A dissolute matinee idol is slated to appear on a live TV variety show.
Sunset Blvd. (a.k.a. Sunset Boulevard),A hack screenwriter writes a screenplay for a former silent-film star who has faded into Hollywood obscurity.
Citizen Kane,"Following the death of a publishing tycoon, news reporters scramble to discover the meaning of his final utterance."
2001: A Space Odyssey,"Humanity finds a mysterious, obviously artificial object buried beneath the Lunar surface and, with the intelligent computer H.A.L. 9000, sets off on a quest."
All About Eve,An ingenue insinuates herself in to the company of an established but aging stage actress and her circle of theater friends.
"Women, The",A study of the lives and romantic entanglements of various interconnected women.
Rebecca,A self-conscious bride is tormented by the memory of her husband's dead first wife.
Foreign Correspondent,"On the eve of WWII, a young American reporter tries to expose enemy agents in London."
Notorious,A woman is asked to spy on a group of Nazi friends in South America. How far will she have to go to ingratiate herself with them?
Spellbound,A psychiatrist protects the identity of an amnesia patient accused of murder while attempting to recover his memory.
"Affair to Remember, An",A couple falls in love and agrees to meet in six months at the Empire State Building - but will it happen?
To Catch a Thief,"When a reformed jewel thief is suspected of returning to his former occupation, he must ferret out the real thief in order to prove his innocence."
Father of the Bride,"The father of a young woman deals with the emotional pain of her getting married, along with the financial and organizational trouble of arranging the wedding."
"Band Wagon, The",A pretentiously artistic director is hired for a new Broadway musical and changes it beyond recognition.
Ninotchka,A stern Russian woman sent to Paris on official business finds herself attracted to a man who represents everything she is supposed to detest.
Love in the Afternoon,A middle-aged playboy becomes fascinated by the daughter of a private detective who has been hired to entrap him with the wife of a client.
Gigi,"Weary of the conventions of Parisian society, a rich playboy and a youthful courtesan-in-training enjoy a platonic friendship, but it may not stay platonic for long."
"Reluctant Debutante, The","A teenage American girl while visiting her father, is thrown into London society during the Debutante Season."
"Adventures of Robin Hood, The","When Prince John and the Norman Lords begin oppressing the Saxon masses in King Richard's absence, a Saxon lord fights back as the outlaw leader of a rebel guerrilla army."
"Mark of Zorro, The",A young aristocrat must masquerade as a fop in order to maintain his secret identity of Zorro as he restores justice to early California.
Laura,A police detective falls in love with the woman whose murder he is investigating.
"Ghost and Mrs. Muir, The","In 1900, a young widow finds her seaside cottage is haunted...and forms a unique relationship with the ghost."
Lost Horizon,A plane crash delivers a group of people to the secluded land of Shangri-La -- but is it the miraculous utopia it appears to be?
Top Hat,"An American dancer comes to Britain and falls for a model whom he initially annoyed, but she mistakes him for his goofy producer."
To Be or Not to Be,"During the Nazi occupation of Poland, an acting troupe becomes embroiled in a Polish soldier's efforts to track down a German spy."
My Man Godfrey,A scatterbrained socialite hires a vagrant as a family butler...but there's more to Godfrey than meets the eye.
Giant,Sprawling epic covering the life of a Texas cattle rancher and his family and associates.
East of Eden,"In the Salinas Valley, in and around World War I, Cal Trask feels he must compete against overwhelming odds with his brother Aron for the love of their father Adam. Cal is frustrated at ..."
"Thin Man, The","Nick and Nora Charles, a former detective and his rich, playful wife, investigate a murder case mostly for the fun of it."
His Girl Friday,A newspaper editor uses every trick in the book to keep his ace reporter ex-wife from remarrying.
Around the World in 80 Days,A Victorian Englishman bets that with the new steamships and railways he can do what the title says.
It's a Wonderful Life,An angel helps a compassionate but despairingly frustrated businessman by showing what life would have been like if he never existed.
Mr. Smith Goes to Washington,"A naive man is appointed to fill a vacancy in the US Senate. His plans promptly collide with political corruption, but he doesn't back down."
Bringing Up Baby,"While trying to secure a $1 million donation for his museum, a befuddled paleontologist is pursued by a flighty and often irritating heiress and her pet leopard Baby."
Penny Serenade,A couple's big dreams give way to a life full of unexpected sadness and unexpected joy.
"Scarlet Letter, The","After having a child out of wedlock, a young Puritan woman is pressured to reveal the name of her lover."
Angel on My Shoulder,The Devil arranges for a deceased gangster to return to Earth as a well-respected judge to make up for his previous life.
Little Lord Fauntleroy,An American boy turns out to be the long-lost heir of a British fortune. He is sent to live with the cold and unsentimental lord who oversees the trust.
They Made Me a Criminal,A boxer flees believing he has comitted a murder while he was drunk.
"Inspector General, The",An illiterate stooge in a traveling medicine show wanders into a strange town and is picked up on a vagrancy charge. The town's corrupt officials mistake him for the inspector general whom ...
Angel and the Badman,"Quirt Evans, an all round bad guy, is nursed back to health and sought after by Penelope Worth, a Quaker girl. He eventually finds himself having to choose between his world and the world Penelope lives in."
"39 Steps, The","A man in London tries to help a counterespionage agent. But when the agent is killed and the man stands accused, he must go on the run to both save himself and also stop a spy ring which is trying to steal top secret information."
A Walk in the Sun,"During WWII, a platoon of American soldiers trudge through the Italian countryside in search of a bridge they have been ordered to blow up, encountering danger and destruction along the way."
Night of the Living Dead,A group of people hide from bloodthirsty zombies in a farmhouse.
"African Queen, The","In Africa during WWI, a gin-swilling riverboat captain is persuaded by a strait-laced missionary to use his boat to attack an enemy warship."
Beat the Devil,"On their way to Africa are a group of rogues who hope to get rich there, and a seemingly innocent British couple. They meet and things happen..."
Cat on a Hot Tin Roof,"Brick, an alcoholic ex-football player, drinks his days away and resists the affections of his wife, Maggie. His reunion with his father, Big Daddy, who is dying of cancer, jogs a host of memories and revelations for both father and son."
"Last Time I Saw Paris, The",Charles returns to Paris to reminisce about the life he led in Paris after it was liberated. He worked on Stars and Stripes when he met Marion and Helen. He would marry and be happy ...
Meet John Doe,"A man needing money agrees to impersonate a nonexistent person who said he'd be committing suicide as a protest, and a political movement begins."
"Farewell to Arms, A",A tale of the love between ambulance driver Lt. Henry and Nurse Catherine Barkley during World War I. The action takes place in Italy and the two fall in love during the war and will stop ...
"Yes, Madam (a.k.a. Police Assassins) (a.k.a. In the Line of Duty 2) (Huang gu shi jie)","Asprin (Mang Hoi) and Strepsil (John Shum), two petty thieves who inadvertently become involved in a murder case when they steal items belonging to a murdered man. The man had hidden an ..."
Dangerous Ground,"Vusi Madlazi returns to the South African village he left as a young boy (he was organizing against apartheid, and left in fear of his life) to bury his father. He meets up with his brother..."
Picnic,Emotions are ignited amongst the complacent townsfolk when a handsome drifter arrives in a small Kansas community on the morning of the Labour Day picnic.
"Pompatus of Love, The","Four guys sit around drinking beer and talking, trying to figure out the meaning of the pompatus of love (from the Steve Miller song Joker) and analyzing their relationships with women."
Fly Away Home,A father and daughter decide to attempt to lead a flock of orphaned Canada Geese south by air.
Bliss,"The sex therapist, Spaulding Gray, is very successful. Beautiful women are lining up to see him. He seduces his clients. And they are all very happy. He has a secret technique, which is not that secret."
Grace of My Heart,"An aspiring singer, Denise Waverly/Edna Buxton, sacrifices her own singing career to write hit songs that launch the careers of other singers. The film follows her life from her first break..."
Maximum Risk,A policeman takes his twin brother's place and inherits his problems and a beautiful girlfriend. He is forced to kickbox his way from France to the U.S. and back while playing footsie with ...
Michael Collins,"Neil Jordan's historical biopic of Irish revolutionary Michael Collins, the man who led a guerrilla war against the UK, helped negotiate the creation of the Irish Free State, and led the National Army during the Irish Civil War."
"Rich Man's Wife, The","A rich man's wife finds she has a bad prenuptial agreement with an even worse husband. Over drinks with a stranger, she fantasizes about doing her husband in to void the prenupt. The ..."
Big Night,A failing Italian restaurant run by two brothers gambles on one special night to try to save the business.
Last Man Standing,A drifting gunslinger-for-hire finds himself in the middle of an ongoing war between the Irish and Italian mafia in a Prohibition era ghost town.
Caught,"Joe and Betty run a fish market and have sunk into a comfortable, if somewhat boring life. Enter the drifter Nick, who takes a job in the store and a place in their home. He proceeds to ..."
Set It Off,"Desperation drives four inner-city women (Queen Latifah, Jada Pinkett Smith, Vivica A. Fox, Kimberly Elise) to bank robbery in Los Angeles, then they start mistrusting one another."
2 Days in the Valley,48 hours of intersecting lives and crimes in Los Angeles.
Extreme Measures,"Thriller about Guy Luthan (Hugh Grant), a British doctor working at a hospital in New York who starts making unwanted enquiries when the body of a man who died in his emergency room ..."
"Glimmer Man, The","Two cops, played by Seagal and Wayans, are forced to work together to solve a chain of mysterious killings by a killer nicknamed The Family Man."
D3: The Mighty Ducks,"The unruly team of hockey misfits grows up a bit and receives scholarships to a prestigious prep school, where they take on the snotty varsity team."
"Chamber, The",A young man fresh out of law school tries to win a reprieve for his racist grandfather who is on death row.
"Apple Dumpling Gang, The",Three orphan children strike gold in 1878 California.
"Davy Crockett, King of the Wild Frontier",Legends (and myths) from the life of famed American frontiersman Davey Crockett are depicted in this feature film edited from television episodes. Crockett and his friend George Russell ...
Escape to Witch Mountain,Two mysterious orphan children have extraordinary powers and are chased by a scheming millionaire. But where do these kids really call home?
"Love Bug, The",A race car driver becomes a champion with a Volkswagen Beetle with a mind of its own.
Herbie Rides Again,The living Volkswagen Beetle helps an old lady protect her home from a corrupt developer.
Old Yeller,"A boy brings a yellow dog home. The dog loves the family as much as they love him, but can the love last ?"
"Parent Trap, The",Teenage twin sisters swap places and scheme to reunite their divorced parents.
Pollyanna,A young girl comes to an embittered town and confronts its attitude with her determination to see the best in life.
Homeward Bound: The Incredible Journey,Three pets escape from a California ranch to find their owners in San Francisco.
"Shaggy Dog, The",A teenage boy is cursed with periodically turning into an sheepdog.
Swiss Family Robinson,A Swiss family must survive being shipwrecked on a deserted island.
That Darn Cat!,"A woman is kidnapped. While in captivity, she manages to send a message out with a wandering cat. The cat's owner calls the FBI. The FBI tries to follow the cat. Jealous boyfriends and nosy..."
"20,000 Leagues Under the Sea","A ship sent to investigate a wave of mysterious sinkings encounters the advanced submarine, the Nautilus, commanded by Captain Nemo."
Cool Runnings,"When a Jamaican sprinter is disqualified to the Olympic Games, he enlists the help of a dishonored coach to start the first Jamaican Bobsled Team."
Angels in the Outfield,"When a boy prays for a chance to have a family if the California Angels win the pennant, angels are assigned to make that possible."
Cinderella,"When Cinderella's cruel stepmother prevents her from attending the Royal Ball, she gets some unexpected help from the lovable mice Gus and Jaq, and from her Fairy Godmother."
Winnie the Pooh and the Blustery Day,"Winnie the Pooh and his friends experience high winds, heavy rains, and a flood in Hundred Acre Wood."
"Three Caballeros, The","Donald receives his birthday gifts, which include traditional gifts and information about Brazil (hosted by Zé Carioca) and Mexico (by Panchito, a Mexican Charro Rooster)."
"Sword in the Stone, The",The wizard Merlin teaches a young boy who is destined to be King Arthur.
So Dear to My Heart,This heartwarming classic tells the tale of a country boy who adopts a mischevious black lamb and learns valuable lessons about love and dedication.
Robin Hood: Prince of Thieves,"When Robin and his Moorish companion come to England and the tyranny of the Sheriff of Nottingham, he decides to fight back as an outlaw."
Mary Poppins,A magic nanny comes to work for a cold banker's unhappy family.
Dumbo,"Ridiculed because of his enormous ears, a young circus elephant is assisted by a mouse to achieve his full potential."
Pete's Dragon,An orphan boy and his magical dragon come to town with his abusive adoptive parents in pursuit.
Bedknobs and Broomsticks,"An apprentice witch, three kids and a cynical conman search for the missing component to a magic spell useful to the defense of Britain."
Alice in Wonderland,Alice stumbles into the world of Wonderland. Will she get home? Not if the Queen of Hearts has her way.
"Fox and the Hound, The",Two childhood friends find themselves forced to become enemies.
Freeway,"A twisted take on 'Little Red Riding Hood' with a teenage juvenile delinquent on the run from a social worker traveling to her grandmother's house and being hounded by a charming, but sadistic, serial killer/pedophile."
"Sound of Music, The",A woman leaves an Austrian convent to become a governess to the children of a Naval officer widower.
Die Hard,"John McClane, officer of the NYPD, tries to save his wife Holly Gennaro and several others that were taken hostage by German terrorist Hans Gruber during a Christmas party at the Nakatomi Plaza in Los Angeles."
"Lawnmower Man, The",A simple man is turned into a genius through the application of computer science.
"Secret Agent, The","London of the late 19th century is a haven for political exiles of all sorts - refugees, partisans, anarchists. Verloc has made his living spying for the Russian government, an agent ..."
Secrets & Lies,"A successful black woman discovers that her birth mother is a lower-class white woman, but the woman denies it. As emotions run high, everyone's secrets are exposed."
That Thing You Do!,"A Pennsylvania band scores a hit in 1964 and rides the star-making machinery as long as it can, with lots of help from its manager."
To Gillian on Her 37th Birthday,"David Lewis is affected by the death of his wife Gillian, who fell from the mast pole of their boat on a sailing trip two years ago. David deals with his grief by continuing his romance ..."
Surviving Picasso,"The passionate Merchant-Ivory drama tells the story of Francoise Gilot, the only lover of Pablo Picasso who was strong enough to withstand his ferocious cruelty and move on with her life."
Beautiful Thing,"In a suburb of London, young Jamie is escaping sport hours, to avoid being the victim of his comrades. Young Ste, his neighbor, is beaten by his father, and comes to sleep overnight. They discover new feelings, sleeping in the same bed."
"Long Kiss Goodnight, The",A woman suffering from amnesia begins to recover her memories after trouble from her past finds her again.
"Ghost and the Darkness, The",A bridge engineer and an experienced old hunter begin a hunt for two lions after they start attacking local construction workers.
Looking for Richard,Al Pacino's deeply-felt rumination on Shakespeare's significance and relevance to the modern world through interviews and an in-depth analysis of Richard III.
Trees Lounge,"Tommy is an unemployed mechanic who spends most of his time in a bar (Trees Lounge) in a small blue collar town. He seems to always be thinking, If only X then I could stop drinking."
Normal Life,"Chris is young idealistic cop who falls in love and gets married to Pam, a beautiful but emotionally unstable woman who suffers from alcoholism and drug addiction. While Chris is trying ..."
Get on the Bus,"A disparate group of African-American men travel by bus to Washington, DC for the Million Man March."
Shadow Conspiracy,"Bobby Bishop (Sheen) is a special assistant to the President of the United States. Accidentally, he meets his friend professor Pochenko on the street. Pochenko has time to tell Bishop about..."
Jude,A stonemason steadfastly pursues a cousin he loves. However their love is troubled as he is married to a woman who tricked him into marriage and she is married to a man she does not love.
Everyone Says I Love You,A New York girl sets her father up with a beautiful woman in a shaky marriage while her half sister gets engaged.
William Shakespeare's Romeo + Juliet,Shakespeare's famous play is updated to the hip modern suburb of Verona still retaining its original dialogue.
Swingers,Wannabe actors become regulars in the stylish neo-lounge scene; Trent teaches his friend Mike the unwritten rules of the scene.
Sleepers,"After a prank goes disastrously wrong, a group of boys are sent to a detention center where they are brutalized; over 10 years later, they get their chance for revenge."
Johns,"It's the day before Christmas, the day before John's 21st birthday. He's a prostitute on Santa Monica Blvd in L.A., and he wants to spend that night and the next day at the posh Park Plaza ..."
Aladdin and the King of Thieves,"The King of Thieves disrupts Aladdin and Jasmine's long-anticipated wedding, looking for an oracle that will lead him to an even bigger treasure. His true identity causes trouble for Aladdin."
Shall We Dance,A budding romance between a ballet master and a tapdancer becomes complicated when rumours surface that they're already married.
"Damsel in Distress, A","Lady Alyce Marshmorton must marry soon, and the staff of Tottney Castle have laid bets on who she'll choose, with young Albert wagering on Mr. X. After Alyce goes to London to meet a beau..."
Crossfire,"A man is murdered, apparently by one of a group of soldiers just out of the army. But which one? And why?"
"Murder, My Sweet","After being hired to find an ex-con's former girlfriend, Philip Marlowe is drawn into a deeply complex web of mystery and deceit."
Willy Wonka & the Chocolate Factory,"Charlie receives a golden ticket to a factory, his sweet tooth wants going into the lushing candy, it turns out there's an adventure in everything."
"Innocents, The",A young governess for two children becomes convinced that the house and grounds are haunted.
Sleeper,A nerdish store owner is revived out of cryostasis into a future world to fight an oppressive government.
Bananas,"When a bumbling New Yorker is dumped by his activist girlfriend, he travels to a tiny Latin American nation and becomes involved in its latest rebellion."
"Fish Called Wanda, A","In London, four very different people team up to commit armed robbery, then try to doublecross each other for the loot."
Monty Python's Life of Brian,"Brian is born on the original Christmas, in the stable next door. He spends his life being mistaken for a messiah."
Victor/Victoria,"A struggling female soprano finds work playing a male female impersonator, but it complicates her personal life."
"Candidate, The","Bill McKay is a candidate for the U.S. Senate from California. He has no hope of winning, so he is willing to tweak the establishment."
"Great Race, The","When a popular daredevil proposes an automobile race across three continents, his arch rival vows to beat him, while an ambitious female reporter has her own plans for victory."
Bonnie and Clyde,A somewhat romanticized account of the career of the notoriously violent bank robbing couple and their gang.
"Old Man and the Sea, The",An old Cuban fisherman's dry spell is broken when he hooks a gigantic fish that drags him out to sea. Based on Ernest Hemingway's story.
Dial M for Murder,"An ex-tennis pro carries out a plot to murder his wife. When things go wrong, he improvises a brilliant plan B."
Madame Butterfly,null
Dirty Dancing,"Spending the summer at a Catskills resort with her family, Frances Baby Houseman falls in love with the camp's dance instructor, Johnny Castle."
Reservoir Dogs,"After a simple jewelery heist goes terribly wrong, the surviving criminals begin to suspect that one of them is a police informant."
Platoon,A young recruit in Vietnam faces a moral crisis when confronted with the horrors of war and the duality of man.
Weekend at Bernie's,"Two losers try to pretend that their murdered boss is really alive, while the killer attempts to track him down to finish him off."
Basic Instinct,"A violent, suspended police detective investigates a brutal murder, in which a seductive woman could be involved."
"Doors, The","The story of the famous and influential 1960s rock band and its lead singer and composer, Jim Morrison, from his days as a UCLA film student in Los Angeles, to his untimely death in Paris, France at age 27 in 1971."
"Crying Game, The","A British soldier is kidnapped by IRA terrorists. He befriends one of his captors, who is drawn into the soldier's world."
Glengarry Glen Ross,An examination of the machinations behind the scenes at a real estate office.
Sophie's Choice,"After spending time with his new neighbors, an aspiring writer realizes they are harboring deep secrets that will forever change him."
E.T. the Extra-Terrestrial,A troubled child summons the courage to help a friendly alien escape Earth and return to his home-world.
"Christmas Carol, A","On Christmas Eve, an old miser named Ebenezer Scrooge is visited by the spirit of his former partner, Jacob Marley. The deceased partner was in his lifetime as mean and miserly as Scrooge ..."
Days of Thunder,A young hot-shot stock car driver gets his chance to compete at the top level.
Top Gun,"As students at the United States Navy's elite fighter weapons school compete to be best in the class, one daring young pilot learns a few things from a civilian instructor that are not taught in the classroom."
Rebel Without a Cause,"A rebellious young man with a troubled past comes to a new town, finding friends and enemies."
"Streetcar Named Desire, A",Disturbed Blanche DuBois moves in with her sister in New Orleans and is tormented by her brutish brother-in-law while her reality crumbles around her.
Children of the Corn IV: The Gathering,"All the kids in a town over night become feverish and have convulsions. The next day they start to become evil, change their names for those of kids killed long ago, and then start killing ..."
Microcosmos (Microcosmos: Le peuple de l'herbe),A documentary on insect life in meadows and ponds.
Palookaville,"Jerry and his two pals, Russ and Syd, are just looking for some easy money to help them break out of their nowhere lives in their nowhere town. Despite a bungled jewelry store heist which ..."
"Associate, The",A comedy about making it on Wall Street. Prejudices are hard to break and Laurel Ayres quickly learns that in order for people to take her seriously she has to work for an older white man or be one.
"Funeral, The","New York City, the 1930s. A powerful crime family is caught in a lethal crossfire between union organizers and brutal corporate bosses. Against this turbulent backdrop, the family's three ..."
"People vs. Larry Flynt, The",A partially idealized film of the controversial pornography publisher and how he became a defender of free speech for all people.
"Perfect Candidate, A","The filmmakers follow Oliver North's unsuccessful 1994 bid for a Virginia Senate seat, focusing on North's campaign strategist, Mark Goodin, and a Washington Post reporter. Mudslinging ..."
On Golden Pond,"Norman is a curmudgeon with an estranged relationship with his daughter Chelsea. At Golden Pond, he and his wife nevertheless agree to care for Billy, the son of Chelsea's new boyfriend, and a most unexpected relationship blooms."
"Return of the Pink Panther, The","Inspector Clouseau is put on the case when the Pink Panther diamond is stolen, with the Phantom's trademark glove the only clue."
Drop Dead Fred,A young woman finds her already unstable life rocked by the presence of a rambunctious imaginary friend from childhood.
"Abyss, The",A civilian diving team is enlisted to search for a lost nuclear submarine and face danger while encountering an alien aquatic species.
"Fog, The","Legend says that Antonio Bay was built in 1880 with blood money obtained from shipwrecked lepers but no one believes it. On the eve of the town's centennial many plan to attend the celebrations, including the murdered lepers."
Escape from New York,"In 1997, when the US President crashes into Manhattan, now a giant maximum security prison, a convicted bank robber is sent in to rescue him."
"Howling, The","After a bizarre and near fatal encounter with a serial killer, a television newswoman is sent to a remote mountain resort whose residents may not be what they seem."
Jean de Florette,A greedy landowner and his backward nephew conspire to block the only water source for an adjoining property in order to bankrupt the owner and force him to sell.
Manon of the Spring (Manon des sources),A beautiful but shy shepherdess plots vengeance on the men whose greedy conspiracy to acquire her father's land caused his death years earlier.
Talking About Sex,null
Private Benjamin,A sheltered young high society woman joins the United States Army on a whim and finds herself in a more difficult situation than she ever expected.
Monty Python and the Holy Grail,"King Arthur and his knights embark on a low-budget search for the Grail, encountering many, very silly obstacles."
Hustler White,"Reminiscent of Sunset Boulevard, Hustler White transposes the action from the silver screen's old movie backlots to contemporary male prostitution and the porn industry. Said to be an homage to classic Hollywood cinema."
Snowriders,"Nothing beats the original; Warren Miller's Snowriders is the definition of epic. With skiers and riders like John Egan, Brad Vancour, Jeremy Bloom, and JT Holmes you're definitely going to..."
When We Were Kings,A documentary of the 1974 heavyweight championship bout in Zaire between champion George Foreman and underdog challenger Muhammad Ali.
Wallace & Gromit: The Wrong Trousers,Wallace is used by a criminal penguin in a robbery involving mechanical trousers.
"Return of Martin Guerre, The (Retour de Martin Guerre, Le)","In medieval France, some villagers challenge a man's claim of identity when he (as he says) returns home from some time in the army."
Lesson Faust,"A very free adaptation of Marlowe's 'Doctor Faustus', Goethe's 'Faust' and various other treatments of the old legend of the man who sold his soul to the devil. Svankmajer's Faust is a ..."
He Walked by Night,"This film-noir piece, told in semi-documentary style, follows police on the hunt for a resourceful criminal who shoots and kills a cop."
Raw Deal,Joe Sullivan has taken the rap for Rick who double-crosses him with a flawed escape plan and other means intended to get rid of him.
T-Men,Two US Treasury agents hunt a successful counterfeiting ring.
"Tin Drum, The (Blechtrommel, Die)","Danzig in the 1920s/1930s. Oskar Matzerath, son of a local dealer, is a most unusual boy. Equipped with full intellect right from his birth he decides at his third birthday not to grow up ..."
"Ruling Class, The","A member of the House of Lords dies, leaving his estate to his son. Unfortunately, his son thinks he is Jesus Christ. The other, somewhat more respectable, members of their family plot to steal the estate from him. Murder and mayhem ensue."
Mina Tannenbaum,The film tells the story of two girls who are of totally different character. They know each other since their childhood and were friends until they became teenagers. But growing up and ...
2 ou 3 choses que je sais d'elle (2 or 3 Things I Know About Her),"In this film, 'Her' refers to both Paris, the character of Juliette Janson and the actress playing her, Marina Vlady. The film is a kind of dramatised documentary, illustrating and ..."
"Bloody Child, The",null
Dear God,"When letters written to God start getting results, and replies, people everywhere are amazed. The Post Office however is annoyed."
Bad Moon,"One man's struggle to contain the curse he hides within... and his last-ditch attempt to free himself with the love of family. But when it looks as if he is losing his battle, and ..."
American Dream,"Chronicles the six-month strike at Hormel in Austin, Minnesota, in 1985-86. The local union, P-9 of the Food and Commercial Workers, overwhelmingly rejects a contract offer with a $2/hour ..."
Bob Roberts,A right-wing folk singer becomes a corrupt politician and runs a crooked election campaign. Only one independent muck-raking reporter is trying to stop him.
Cinema Paradiso (Nuovo cinema Paradiso),"A filmmaker recalls his childhood, when he fell in love with the movies at his village's theater and formed a deep friendship with the theater's projectionist."
"Cook the Thief His Wife & Her Lover, The",The wife of an abusive criminal finds solace in the arms of a kind regular guest in her husbands restaurant.
Dead Tired (Grosse Fatigue),"What is going on here?!? French director, Michel Blanc (as Himself), just doesn't understand why his life is suddenly falling apart. This nightmarish comedy-thriller is all about identity. ..."
Delicatessen,Post-apocalyptic surrealist black comedy about the landlord of an apartment building who occasionally prepares a delicacy for his odd tenants.
"Double Life of Veronique, The (Double Vie de Véronique, La)","Two parallel stories about two identical women; one living in Poland, the other in France. They don't know each other, but their lives are nevertheless profoundly connected."
Enchanted April,This slow-paced gem is about the civilizing influence of Italy on beleaguered Londoners both male and female and has its own civilizing influence on the viewer. It's almost like taking a ...
Paths of Glory,"After refusing to attack an enemy position, a general accuses the soldiers of cowardice and their commanding officer must defend them."
"Grifters, The",A small-time conman has torn loyalties between his estranged mother and new girlfriend--both of whom are high-stakes grifters with their own angles to play.
Hear My Song,Owner of a failing club seeks infamous Irish singer Josef Locke in order to bring business and success to his club
"Shooter, The","The story is of a small town in the early west and of a 'shooter' of reputation that drifts into it and stands up to the controlling family that runs it. But far from a John Wayne, this ..."
"English Patient, The","At the close of WWII, a young nurse tends to a badly-burned plane crash victim. His past is shown in flashbacks, revealing an involvement in a fateful love affair."
Mediterraneo,"Greek Sea, World War II. An Italian ship leaves a handful of soldiers in a little island; their mission is to spot enemy ships and to hold the island in case of attack. The village of the ..."
My Left Foot,"Christy Brown, born with cerebral palsy, learns to paint and write with his only controllable limb - his left foot."
"Sex, Lies, and Videotape",A sexually repressed woman's husband is having an affair with her sister. The arrival of a visitor with a rather unusual fetish changes everything.
Passion Fish,"May-Alice Culhane was a successful soap opera star, but a car accident has left her bound to a wheelchair. She returns to her now-empty family home in the bayous of Louisiana which she had ..."
Strictly Ballroom,A maverick dancer risks his career by performing an unusual routine and sets out to succeed with a new partner.
"Thin Blue Line, The","A film that successfully argued that a man was wrongly convicted for murder by a corrupt justice system in Dallas County, Texas."
Tie Me Up! Tie Me Down! (¡Átame!),An unbalanced but alluring former mental patient takes a porn star prisoner in the hopes of convincing her to marry him.
Madonna: Truth or Dare,Documentary following singer Madonna on her controversial Blond Ambition tour in 1990.
Paris Is Burning,"A chronicle of New York's drag scene in the 1980s, focusing on balls, voguing and the ambitions and dreams of those who gave the era its warmth and vitality."
One Flew Over the Cuckoo's Nest,A criminal pleads insanity after getting into trouble again and once in the mental institution rebels against the oppressive nurse and rallies up the scared patients.
Cheech and Chong's Up in Smoke,"Two stoners unknowingly smuggle a van - made entirely of marijuana - from Mexico to L.A., with incompetent Sgt. Stedenko on their trail."
Star Wars: Episode V - The Empire Strikes Back,"After the rebels have been brutally overpowered by the Empire on their newly established base, Luke Skywalker takes advanced Jedi training with Master Yoda, while his friends are pursued by Darth Vader as part of his plan to capture Luke."
"Princess Bride, The","While home sick in bed, a young boy's grandfather reads him a story called The Princess Bride."
Raiders of the Lost Ark (Indiana Jones and the Raiders of the Lost Ark),Archaeologist and adventurer Indiana Jones is hired by the US government to find the Ark of the Covenant before the Nazis.
Brazil,A bureaucrat in a retro-future world tries to correct an administrative error and himself becomes an enemy of the state.
Aliens,"The planet from Alien (1979) has been colonized, but contact is lost. This time, the rescue team has impressive firepower, but will it be enough?"
"Good, the Bad and the Ugly, The (Buono, il brutto, il cattivo, Il)",A bounty hunting scam joins two men in an uneasy alliance against a third in a race to find a fortune in gold buried in a remote cemetery.
Withnail & I,"London, 1969 - two 'resting' (unemployed and unemployable) actors, Withnail and Marwood, fed up with damp, cold, piles of washing-up, mad drug dealers and psychotic Irishmen, decide to ..."
12 Angry Men,A jury holdout attempts to prevent a miscarriage of justice by forcing his colleagues to reconsider the evidence.
Lawrence of Arabia,"Follows a brilliant, flamboyant and controversial British military figure and his conflicted loyalties during wartime service."
"Clockwork Orange, A","In future Britain, charismatic delinquent Alex DeLarge is jailed and volunteers for an experimental aversion therapy developed by the government in an effort to solve society's crime problem - but not all goes according to plan."
To Kill a Mockingbird,"Atticus Finch, a lawyer in the Depression-era South, defends a black man against an undeserved rape charge, and his kids against prejudice."
Apocalypse Now,"During the Vietnam War, Captain Willard is sent on a dangerous mission into Cambodia to assassinate a renegade colonel who has set himself up as a god among a local tribe."
Once Upon a Time in the West (C'era una volta il West),Epic story of a mysterious stranger with a harmonica who joins forces with a notorious desperado to protect a beautiful widow from a ruthless assassin working for the railroad.
Star Wars: Episode VI - Return of the Jedi,"After rescuing Han Solo from the palace of Jabba the Hutt, the rebels attempt to destroy the second Death Star, while Luke struggles to make Vader return from the dark side of the Force."
"Wings of Desire (Himmel über Berlin, Der)",An angel tires of overseeing human activity and wishes to become human when he falls in love with a mortal.
"Third Man, The","Pulp novelist Holly Martins travels to shadowy, postwar Vienna, only to find himself investigating the mysterious death of an old friend, Harry Lime."
Goodfellas,Henry Hill and his friends work their way up through the mob hierarchy.
Alien,"The commercial vessel Nostromo receives a distress call from an unexplored planet. After searching for survivors, the crew heads home only to realize that a deadly bioform has joined them."
Army of Darkness,"A man is accidentally transported to 1300 A.D., where he must battle an army of the dead and retrieve the Necronomicon so he can return home."
"Big Blue, The (Grand bleu, Le)","Enzo and Jacques have known each other for a long time. Their friendship started in their childhood days in the Mediterranean. They were not real friends in these days, but there was ..."
Ran,"An elderly lord abdicates to his three sons, and the two corrupt ones turn against him."
"Killer, The (Die xue shuang xiong)","A disillusioned assassin accepts one last hit in hopes of using his earnings to restore vision to a singer he accidentally blinded, only to be double-crossed by his boss."
Psycho,"A Phoenix secretary steals $40,000 from her employer's client, goes on the run and checks into a remote motel run by a young man under the domination of his mother."
"Blues Brothers, The","Jake Blues, just out from prison, puts together his old band to save the Catholic home where he and brother Elwood were raised."
"Godfather: Part II, The","The early life and career of Vito Corleone in 1920s New York is portrayed while his son, Michael, expands and tightens his grip on his crime syndicate stretching from Lake Tahoe, Nevada to pre-revolution 1958 Cuba."
Full Metal Jacket,A pragmatic U.S. Marine observes the dehumanizing effects the Vietnam War has on his fellow recruits from their brutal boot camp training to the bloody street fighting in Hue.
"Grand Day Out with Wallace and Gromit, A","Wallace and Gromit have run out of cheese and this provides an excellent excuse for the animated duo to take their holiday on the moon, where, as everyone knows, there is ample cheese."
Henry V,"In the midst of the Hundred Years' War in 1415, the young King Henry V of England embarks on the conquest of France."
Amadeus,"The incredible story of Wolfgang Amadeus Mozart, told by his peer and secret rival Antonio Salieri - now confined to an insane asylum."
"Quiet Man, The","A retired American boxer returns to the village of his birth in Ireland, where he finds love."
Once Upon a Time in America,"A former Prohibition-era Jewish gangster returns to the Lower East Side of Manhattan over thirty years later, where he once again must confront the ghosts and regrets of his old life."
Raging Bull,"An emotionally self-destructive boxer's journey through life, as the violence and temper that leads him to the top in the ring, destroys his life outside it."
Annie Hall,Neurotic New York comedian Alvy Singer falls in love with the ditsy Annie Hall.
"Right Stuff, The","The story of the original Mercury 7 astronauts and their macho, seat-of-the-pants approach to the space program."
Stalker,A guide leads two men through an area known as the Zone to find a room that grants wishes.
"Boot, Das (Boat, The)","The claustrophobic world of a WWII German U-boat; boredom, filth, and sheer terror."
"Sting, The","In Chicago in September 1936, a young con man seeking revenge for his murdered partner teams up with a master of the big con to win a fortune from a criminal banker."
Harold and Maude,"Young, rich, and obsessed with death, Harold finds himself changed forever when he meets lively septuagenarian Maude at a funeral."
Trust,"After being thrown away from home, Maria encounters a lady who complains of not having children. Almost getting raped, she ends up in an abandoned house, where she meets Matthew. When a baby is kidnapped Maria sets out to find the lady."
"Seventh Seal, The (Sjunde inseglet, Det)","A man seeks answers about life, death, and the existence of God as he plays chess against the Grim Reaper during the Black Plague."
Local Hero,An American oil company sends a man to Scotland to buy up an entire village where they want to build a refinery. But things don't go as expected.
"Terminator, The","A human-looking indestructible cyborg is sent from 2029 to 1984 to assassinate a waitress, whose unborn son will lead humanity in a war against the machines, while a soldier from that war is sent to protect her at all costs."
Dead Alive (Braindead),"A young man's mother is bitten by a Sumatran rat-monkey. She gets sick and dies, at which time she comes back to life, killing and eating dogs, nurses, friends, and neighbors."
Glory,"Robert Gould Shaw leads the US Civil War's first all-black volunteer company, fighting prejudices of both his own Union army and the Confederates."
Rosencrantz and Guildenstern Are Dead,"Two minor characters from the play, Hamlet stumble around unaware of their scripted lives and unable to deviate from them."
Manhattan,The life of a divorced television writer dating a teenage girl is further complicated when he falls in love with his best friend's mistress.
Miller's Crossing,"Tom Regan, an advisor to a Prohibition-era crime boss, tries to keep the peace between warring mobs but gets caught in divided loyalties."
Dead Poets Society,English teacher Keating told their students to look at poetry with a different perspective of really authentic knowledge and feelings.
"Graduate, The",A disillusioned college graduate finds himself torn between his older lover and her daughter.
Touch of Evil,"A stark, perverse story of murder, kidnapping, and police corruption in a Mexican border town."
"Femme Nikita, La (Nikita)","Convicted felon Nikita, instead of going to jail, is given a new identity and trained, stylishly, as a top secret spy/assassin."
"Bridge on the River Kwai, The","After settling his differences with a Japanese PoW camp commander, a British colonel co-operates to oversee his men's construction of a railway bridge for their captors - while oblivious to a plan by the Allies to destroy it."
8 1/2 (8½),A harried movie director retreats into his memories and fantasies.
Chinatown,"A private detective hired to expose an adulterer finds himself caught up in a web of deceit, corruption and murder."
"Day the Earth Stood Still, The",An alien lands and tells the people of Earth that they must live peacefully or be destroyed as a danger to other planets.
"Treasure of the Sierra Madre, The","Fred Dobbs and Bob Curtin, two Americans searching for work in Mexico, convince an old prospector to help them mine for gold in the Sierra Madre Mountains."
Bad Taste,The population of a small town disappears and is replaced by aliens that chase human flesh for their intergalactic fast-food chain.
Duck Soup,Rufus T. Firefly is named president/dictator of bankrupt Freedonia and declares war on neighboring Sylvania over the love of wealthy Mrs. Teasdale.
Better Off Dead...,"A teenager has to deal with his girlfriend dumping him among family crises, homicidal paper boys, and a rival skier."
"Shining, The","A family heads to an isolated hotel for the winter where an evil and spiritual presence influences the father into violence, while his psychic son sees horrific forebodings from the past and of the future."
Stand by Me,"After the death of a friend, a writer recounts a boyhood journey to find the body of a missing boy."
M,"When the police in a German city are unable to catch a child-murderer, other criminals join in the manhunt."
Evil Dead II (Dead by Dawn),The lone survivor of an onslaught of flesh-possessing spirits holds up in a cabin with a group of strangers while the demons continue their attack.
"Great Escape, The",Allied P.O.W.s plan for several hundred of their number to escape from a German camp during World War II.
"Deer Hunter, The",An in-depth examination of the ways in which the U.S. Vietnam war impacts and disrupts the lives of people in a small industrial town in Pennsylvania.
Diva,"Two tapes, two Parisian mob killers, one corrupt policeman, an opera fan, a teenage thief, and the coolest philosopher ever filmed. All these characters twist their way through an intricate and stylish French language thriller."
Groundhog Day,A weatherman finds himself living the same day over and over again.
Unforgiven,"Retired Old West gunslinger William Munny reluctantly takes on one last job, with the help of his old partner and a young man."
"Manchurian Candidate, The",A former Korean War POW is brainwashed by Communists into becoming a political assassin. But another former prisoner may know how to save him.
Pump Up the Volume,Mark runs a pirate radio station and causes an uproar when he speaks his mind and enthralls fellow teens.
Arsenic and Old Lace,"A drama critic learns on his wedding day that his beloved maiden aunts are homicidal maniacs, and that insanity runs in his family."
Back to the Future,"A young man is accidentally sent thirty years into the past in a time-traveling DeLorean invented by his friend, Dr. Emmett Brown, and must make sure his high-school-age parents unite in order to save his own existence."
Fried Green Tomatoes,A housewife who is unhappy with her life befriends an old lady in a nursing home and is enthralled by the tales she tells of people she used to know.
Patton,"The World War II phase of the career of the controversial American general, George S. Patton."
Down by Law,The story of three different men in a Louisiana prison and their eventual journey.
Akira,A secret military project endangers Neo-Tokyo when it turns a biker gang member into a rampaging psychic psychopath that only two kids and a group of psychics can stop.
Highlander,"An immortal Scottish swordsman must confront the last of his immortal opponent, a murderously brutal barbarian who lusts for the fabled Prize."
Cool Hand Luke,A man refuses to conform to life in a rural prison.
Cyrano de Bergerac,"Embarrassed by his large nose, a romantic poet/soldier romances his cousin by proxy."
Young Frankenstein,"An American grandson of the infamous scientist, struggling to prove that he is not as insane as people believe, travels to his family's home country and discovers the process that reanimates a dead body."
Night on Earth,An anthology of 5 different cab drivers in 5 American and European cities and their remarkable fares on the same eventful night.
Raise the Red Lantern (Da hong deng long gao gao gua),"A young woman becomes the fourth wife of a wealthy lord, and must learn to live with the strict rules and tensions within the household."
"Great Dictator, The",Dictator Adenoid Hynkel tries to expand his empire while a poor Jewish barber tries to avoid persecution from Hynkel's regime.
Fantasia,A collection of animated interpretations of great works of Western classical music.
High Noon,"A marshall, personally compelled to face a returning deadly enemy, finds that his own town refuses to help him."
"Big Sleep, The","Private detective Philip Marlowe is hired by a rich family. Before the complex case is over, he's seen murder, blackmail, and what might be love."
Heathers,"In order to get out of the snobby clique that is destroying her good-girl reputation, an intelligent teen teams up with a dark sociopath in a plot to kill the cool kids."
Somewhere in Time,A Chicago playwright uses self-hypnosis to find the actress whose vintage portrait hangs in a grand hotel.
Ben-Hur,"When a Jewish prince is betrayed and sent into slavery by a Roman friend, he regains his freedom and comes back for revenge."
This Is Spinal Tap,"Spinal Tap, one of England's loudest bands, is chronicled by film director Marty DeBergi on what proves to be a fateful tour."
Koyaanisqatsi (a.k.a. Koyaanisqatsi: Life Out of Balance),"A collection of expertly photographed phenomena with no conventional plot. The footage focuses on nature, humanity and the relationship between them."
Some Kind of Wonderful,"A young tomboy, Watts, finds her feelings for her best friend, Keith, run deeper than just friendship when he gets a date with the most popular girl in school. Unfortunately, the girl's old..."
Indiana Jones and the Last Crusade,"When Dr. Henry Jones Sr. suddenly goes missing while pursuing the Holy Grail, eminent archaeologist Indiana Jones must follow in his father's footsteps and stop the Nazis."
Being There,"A simple, sheltered gardener becomes an unlikely trusted advisor to a powerful businessman and an insider in Washington politics."
Gandhi,"Gandhi's character is fully explained as a man of nonviolence. Through his patience, he is able to drive the British out of the subcontinent. And the stubborn nature of Jinnah and his commitment towards Pakistan is portrayed."
"Unbearable Lightness of Being, The","In 1968, a Czech doctor with an active sex life meets a woman who wants monogamy, and then the Soviet invasion further disrupts their lives."
"Room with a View, A","When Lucy Honeychurch and chaperone Charlotte Bartlett find themselves in Florence with rooms without views, fellow guests Mr Emerson and son George step in to remedy the situation. Meeting..."
Real Genius,Teenage geniuses deal with their abilities while developing a laser.
Pink Floyd: The Wall,A confined but troubled rock star descends into madness in the midst of his physical and social isolation from everyone.
"Killing Fields, The","A photographer is trapped in Cambodia during tyrant Pol Pot's bloody Year Zero cleansing campaign, which claimed the lives of two million undesirable civilians."
My Life as a Dog (Mitt liv som hund),"A boy and his brother don't get along well. In order to let their ill mother rest, they're separated and sent each one with their relatives."
Forbidden Planet,A starship crew goes to investigate the silence of a planet's colony only to find two survivors and a deadly secret that one of them has.
Field of Dreams,"An Iowa corn farmer, hearing voices, interprets them as a command to build a baseball diamond in his fields; he does, and the Chicago White Sox come."
"Man Who Would Be King, The",Two British soldiers in India decide to resign from the Army and set themselves up as deities in Kafiristan--a land where no white man has set foot since Alexander.
Butch Cassidy and the Sundance Kid,Two Western bank/train robbers flee to Bolivia when the law gets too close.
"Paris, Texas","A man wanders out of the desert after a four year absence. His brother finds him, and together they return to L.A. to reunite the man with his young son. Soon after, he and the boy set out ..."
Until the End of the World (Bis ans Ende der Welt),"Set in 1999, a woman (Dommartin) has a car accident with some bank robbers, who enlist her help to take the bank money to a drop in Paris. On the way she runs into another fugitive from the..."
When Harry Met Sally...,"Harry and Sally have known each other for years, and are very good friends, but they fear sex would ruin the friendship."
Hype!,Documentary covering the growth and subsequent overexposure of the Seattle grunge music scene in the early 90s
Santa with Muscles,An evil millionaire believes he is Santa Claus after an accident renders him amnesiac.
Female Perversions,"An ambitious female attorney wallows in excess and meaningless sex with both male and female partners, while dealing with her personal life problems including helping her kleptomaniac sister."
I'm Not Rappaport,"Old Nat Moyer is a talker, a philosopher, and a troublemaker with a fanciful imagination. His companion is Midge Carter, who is half-blind, but still the super of an apartment house. When ..."
Alien³ (a.k.a. Alien 3),"After the last encounter LT Ellen Ripley crash lands on Fiorina Fury 161, a deep space maximum security prison . When a serial killer haunts the facility, Ripley realizes that she brought along an unwelcome visitor."
"American Werewolf in London, An",Two American college students on a walking tour of Britain are attacked by a werewolf that none of the locals will admit exists.
Amityville 1992: It's About Time,"Jacob Sterling brings home a mysterious clock from the infamous Amityville house, not knowing that it's haunted by demonic spirits."
Amityville 3-D,A reporter moves into the ominous Long Island house to debunk it of the recent supernatural events and becomes besieged by the evil manifestations which are connected to a hell-spawn demon lurking in the basement.
Amityville: Dollhouse,"A children's doll house, which is a miniature of the infamous haunted Long Island house, is given to a young girl where the demonic evil soon comes out to cause more terror."
Amityville: A New Generation,An old mirror from the haunted Long Island house finds its way into a photographer's family where the evil soon manifests itself to cause more terror and mayhem.
Amityville II: The Possession,"A family moves into their new home, which proves to be evil, resulting in the demonic possession of the teenage son. Only the local priest can save him."
"Amityville Horror, The","Newlyweds move into a large house where a mass murder was committed, and experience strange manifestations which drive them away."
"Amityville Curse, The","Five people spend the night in an abandoned house, the Amityville haunted house, and soon find themselves terrorized by assorted ghosts, venomous insects and ghostly apparitions."
Blood for Dracula (Andy Warhol's Dracula),An ailing vampire count travels to Italy with his servant to find a bride.
April Fool's Day,A group of nine college students staying at a friend's remote island mansion begin to fall victim to an unseen murderer over the April Fool's day weekend.
Audrey Rose,A stranger attempts to convince a happily married couple that their daughter is actually his daughter reincarnated.
"Believers, The","A New York psychiatrist finds that a voodoo cult, which believes in child sacrifice, has a keen interest in his own son."
"Birds, The",A wealthy San Francisco socialite pursues a potential boyfriend to a small Northern California town that slowly takes a turn for the bizarre when birds of all kinds suddenly begin to attack people.
"Blob, The",An alien lifeform consumes everything in its path as it grows and grows.
Blood Beach,"Something or someone is attacking people one by one on the beach. Some of them are mutilated, but most of them are sucked into the sand, disappearing without a trace. What is the creature ..."
Body Parts,"After losing his arm in a car accident, a criminal psychologist has it replaced with a limb that belonged to a serial killer."
"Body Snatcher, The",A ruthless doctor and his young prize student find themselves continually harassed by their murderous supplier of illegal cadavers.
Dracula (Bram Stoker's Dracula),The vampire comes to England to seduce a visitor's fiancee and inflict havoc in the foreign land.
"Bride of Frankenstein, The (Bride of Frankenstein)","Mary Shelley reveals the main characters of her novel survived: Dr. Frankenstein, goaded by an even madder scientist, builds his monster a mate."
Burnt Offerings,"A family moves into an old, haunted house that regenerates itself by feeding off of the life forces of its injured occupants."
Candyman,"The Candyman, a murderous soul with a hook for a hand, is accidentally summoned to reality by a skeptic grad student researching the monster's myth."
Cape Fear,"A convicted rapist, released from prison after serving a fourteen-year sentence, stalks the family of the lawyer who originally defended him."
Cape Fear,A lawyer's family is stalked by a man he once helped put in jail.
Carrie,"Carrie White is shy and outcast 17-year old girl who is sheltered by her domineering, religious mother, and unleashes her telekinetic powers after being humiliated by her classmates for the last time at her senior prom."
Cat People,A young woman's sexual awakening brings horror when she discovers her urges transform her into a monstrous black leopard.
"Nightmare on Elm Street, A","Several people are hunted by a cruel serial killer who kills his victims in their dreams. When the survivors are trying to find the reason for being chosen, the murderer won't lose any chance to kill them as soon as they fall asleep."
"Nosferatu (Nosferatu, eine Symphonie des Grauens)",Vampire Count Orlok expresses interest in a new residence and real estate agent Hutter's wife.
Vampire in Venice (Nosferatu a Venezia) (Nosferatu in Venice),"Professor Paris Catalano visits Venice, to investigate the last known appearance of the famous vampire Nosferatu during the carnival of 1786."
"Omen, The",Mysterious deaths surround an American ambassador. Could the child that he is raising actually be the anti-christ? The devil's own son?
Blood and Wine (Blood & Wine),"A man who has failed as a father and husband commits a heist to make money for his fledging business, but things become complicated when his wife interferes."
Albino Alligator,"While escaping from a foiled robbery attempt, three thieves find themselves surrounded by police at a New Orleans bar--only they're not the people the police are searching for."
"Mirror Has Two Faces, The","Rose and Gregory, both Columbia University professors meet when Rose's sister answers Gregory's personals ad. Several times burned, the handsome-but-boring Gregory believes that sex has ..."
Breaking the Waves,"Oilman Jan is paralyzed in an accident. His wife, who prayed for his return, feels guilty; even more, when Jan urges her to have sex with another."
Nightwatch,"A law student, who takes a job as a night watchman at a morgue, begins to discover clues that implicate him as the suspect of a series of murders."
Star Trek: First Contact,The Borg go back in time intent on preventing Earth's first contact with an alien species. Captain Picard and his crew pursue them to ensure that Zefram Cochrane makes his maiden flight reaching warp speed.
Shine,"Pianist David Helfgott, driven by his father and teachers, has a breakdown. Years later he returns to the piano, to popular if not critical acclaim."
Sling Blade,"Karl Childers, a simple man hospitalized since his childhood murder of his mother and her lover, is released to start a new life in a small town."
Jingle All the Way,"A father vows to get his son a Turbo Man action figure for Christmas, however, every store is sold out of them, and he must travel all over town and compete with everybody else in order to find one."
Paradise Lost: The Child Murders at Robin Hood Hills,A horrific triple child murder leads to an indictment and trial of three nonconformist boys based on questionable evidence.
"Preacher's Wife, The","Good natured Reverend Henry Biggs finds that his marriage to choir mistress Julia is flagging, due to his constant absence caring for the deprived neighborhood they live in. On top of all ..."
Ridicule,"To get royal backing on a needed drainage project, a poor French lord must learn to play the delicate games of wit at court at Versailles."
"Crucible, The",A Salem resident attempts to frame her ex-lover's wife for being a witch in the middle of the 1692 witchcraft trials.
101 Dalmatians,"A woman kidnaps puppies to kill them for their fur, but various animals then gang up against her and get their revenge in slapstick fashion."
I Can't Sleep (J'ai pas sommeil),"Beautiful Daiga has emigrated from Lithuania to Paris and is looking for a place to stay and work. Theo is a struggling musician, and his brother Camille - a transvestite dancer. One of ..."
Die Hard 2,"John McClane attempts to avert disaster as rogue military operatives seize control of Dulles International Airport in Washington, D.C."
Star Trek: The Motion Picture,"When an alien spacecraft of enormous power is spotted approaching Earth, Admiral Kirk resumes command of the Starship Enterprise in order to intercept, examine and hopefully stop the intruder."
Star Trek VI: The Undiscovered Country,"On the eve of retirement, Kirk and McCoy are charged with assassinating the Klingon High Chancellor and imprisoned. The Enterprise crew must help them escape to thwart a conspiracy aimed at sabotaging the last best hope for peace."
Star Trek V: The Final Frontier,Captain Kirk and his crew must deal with Mr. Spock's long-lost half-brother who hijacks the Enterprise for an obsessive search for God at the center of the galaxy.
Star Trek II: The Wrath of Khan,"With the assistance of the Enterprise crew, Admiral Kirk must stop an old nemesis, Khan Noonien Singh, from using the life-generating Genesis Device as the ultimate weapon."
Star Trek III: The Search for Spock,Admiral Kirk and his bridge crew risk their careers stealing the decommissioned Enterprise to return to the restricted Genesis planet to recover Spock's body.
Star Trek IV: The Voyage Home,"To save Earth from an alien probe, Admiral Kirk and his fugitive crew go back in time to 20th century Earth to retrieve the only beings who can communicate with it, humpback whales."
Batman Returns,"When a corrupt businessman and the grotesque Penguin plot to take control of Gotham City, only Batman can stop them, while the Catwoman has her own agenda."
Young Guns,"A group of young gunmen, led by Billy the Kid, become deputies to avenge the murder of the rancher who became their benefactor. But when Billy takes their authority too far, they become the hunted."
Young Guns II,"In 1881, cattle baron John Chisum pays a bounty to Patrick Floyd Garrett to kill outlaw Billy the Kid."
Grease,"Good girl Sandy and greaser Danny fell in love over the summer. But when they unexpectedly discover they're now in the same high school, will they be able to rekindle their romance?"
Grease 2,An English student at a 1960's American high school has to prove himself to the leader of a girls' gang whose members can only date greasers.
Marked for Death,"Chicago DEA agent John Hatcher has just returned from Colombia, where his partner was killed in the line of duty by a drug dealer who has since been taken down. As a result of his partner's..."
"Substance of Fire, The",Publishing magnate refuses to publish a book by his son's male lover so the kids buy out their father and run it themselves!
Under Siege,"A former S.E.A.L., now cook, is the only person who can stop a gang of terrorists when they seize control of a U.S. Navy battleship."
Jaws,"When a gigantic great white shark begins to menace the small island community of Amity, a police chief, a marine scientist and a grizzled fisherman set out to stop it."
Jaws 2,Police chief Brody must protect the citizens of Amity after a second monstrous shark begins terrorizing the waters.
Jaws 3-D,The sons of police chief Brody must protect civilians at a Sea World theme park after a 35-foot shark becomes trapped in the park with them.
My Fellow Americans,"Two former U. S. Presidents, hated rivals, join forces to expose the current, corrupt President at the risk of their lives."
Mars Attacks!,Earth is invaded by Martians with unbeatable weapons and a cruel sense of humor.
Citizen Ruth,"An irresponsible, drug-addicted, recently impregnated woman finds herself in the middle of an abortion debate when both parties attempt to sway her to their respective sides."
Jerry Maguire,"When a sports agent has a moral epiphany and is fired for expressing it, he decides to put his new philosophy to the test as an independent with the only athlete who stays with him."
Raising Arizona,"When a childless couple of an ex-con and an ex-cop decide to help themselves to one of another family's quintupelets, their lives get more complicated than they anticipated."
Tin Men,A minor car accident drives two rival aluminum-siding salesmen to the ridiculous extremes of man versus man in 1963 Baltimore.
Sneakers,"A security pro finds his past coming back to haunt him, when he and his unique team are tasked with retrieving a particularly important item."
Bastard Out of Carolina,"Difficult tale of poor, struggling South Carolinian mother & daughter, who each face painful choices with their resolve and pride. Bone, the eldest daughter, and Anney her tired mother, ..."
In Love and War,"Reporter Ernest Hemingway is an ambulance driver in Italy during World War I. While bravely risking his life in the line of duty, he is injured and ends up in the hospital, where he falls ..."
Marvin's Room,A leukemia patient attempts to end a 20-year feud with her sister to get her bone marrow.
Ghosts of Mississippi,The widow of murdered civil rights leader Medger Evers and a district attorney struggle to finally bring the murderer to justice.
Night Falls on Manhattan,A newly elected District attorney finds himself in the middle of a police corruption investigation that may involve his father and his partner.
Beavis and Butt-Head Do America,The dimwitted teen duo of Beavis and Butt-Head travel across America in search of their stolen television set.
La Cérémonie,"The upper-class owner of a gallery, Catherine Lelievre, hires the efficient and quiet maid Sophie to work in the family manor in the French countryside. Her husband Georges Lelievre, who is..."
Scream,"Attempting to cope with her mother's murder, Sydney and her horror movie-obsessed friends are stalked by a murderer who seems to have a hard time letting the past go."
"Last of the Mohicans, The",Three trappers protect a British Colonel's daughters in the midst of the French and Indian War.
Michael,Two tabloid reporters checking out a report of the Archangel Michael living with an old woman find that it's true. But that's not the only surprise.
"Evening Star, The","Continuing the story of Aurora Greenway in her latter years. After the death of her daughter, Aurora struggled to keep her family together, but has one grandson in jail, a rebellious ..."
Hamlet,"Hamlet, Prince of Denmark, returns home to find his father murdered and his mother remarrying the murderer, his uncle. Meanwhile, war is brewing."
"Whole Wide World, The","In Texas in the 1930s, young schoolteacher Novalyne Price meets a handsome, eccentric, interesting young man named Robert Howard. He's a successful writer - of the pulp stories of 'Conan ..."
Mother,"A neurotic, twice divorced sci-fi writer moves back in with his mom to solve his personal problems."
"Thieves (Voleurs, Les)","In the middle of the night, someone brings Ivan's body home to his wife and his sad-faced, jug-eared son. Through flashbacks, the film discloses the relationships among Ivan and his brother..."
Evita,"The hit musical based on the life of Evita Duarte, a B-picture Argentinian actress who eventually became the wife of Argentinian president Juan Perón, and the most beloved and hated woman in Argentina."
"Portrait of a Lady, The","An American girl inherits a fortune and falls into a misguided relationship with a gentleman confidence artist whose true nature, including a barbed and covetous disposition, turns her life into a nightmare."
Walkabout,Two young siblings are stranded in the Australian Outback and are forced to cope on their own. They meet an Australian boy on walkabout: a ritual separation from his tribe.
Message to Love: The Isle of Wight Festival,"In August 1970 600,000 fans flocked to the Isle of Wight to witness the third and final festival to be held on the island. Besides the music, they also got a look at the greed, cynicism and..."
Murder at 1600,"A 25 year old female White House staffer, Carla Town is murdered in the White House. D.C. homicide detective Regis is assigned to investigate, only to find all evidence suppressed by the ..."
Hearts and Minds,"Set when the apartheid government was still in control, this powerful South African thriller is based on the true story of a policeman belonging to an elite government squad who was ..."
Fierce Creatures,Zookeepers struggle to deal with the policies of changing directors.
Turbulence,"After a shootout on a flight transporting prisoners, a stewardess must outwit a smooth-talking serial killer and land the plane herself."
Angel Baby,Two schizophrenics meet during therapy and fall passionately in love. Ahead of them lies the inevitable road to disaster - one they share to the end.
First Strike (Police Story 4: First Strike) (Ging chaat goo si 4: Ji gaan daan yam mo),This installment of Chan's Police Story series has our hero trying to locate a missing nuclear warhead.
Underworld,"After spending seven years behind bars, Johnny Crown is back on the street, with lots of cash, a psychotherapy degree and a burning desire to find and punish gangsters who had killed his ..."
Beverly Hills Ninja,A man tries to rescue a woman with a little help from his half brother.
Metro,"Roper, a hostage negotiator catches a murderous bank robber after a blown heist. The bank robber escapes and immediately goes after the man who put him behind bars. The ending is played out..."
The Machine,"Marc Lacroix is a psychiatrist, a student of the brain, with a rocky marriage, a mistress, and a ten-year-old son. He also has a secret laboratory where he's built a machine he thinks will ..."
"Cement Garden, The","After the death of her husband, the mother of Julie, Jack, Sue and Tom begins to suffer from a mysterious illness. Aware that she is going to have to go into hospital she opens a bank ..."
Dante's Peak,"A vulcanologist arrives at a countryside town named Dante's Peak after a long dormant volcano, which has recently been named the second most desirable place to live in America, and discovers that Dante's Peak, may wake up at any moment."
Amos & Andrew,"When Andrew Sterling, a successful black urbanite writer buys a vacation home on a resort in New England the police mistake him for a burglar. After surrounding his home with armed men, ..."
Benny & Joon,A mentally ill young woman finds her love in an eccentric man who models himself after Buster Keaton.
Prefontaine,"Based on the life of Olympic hopeful Steve Prefontaine, a long distance runner who lived in Oregon and died young"
Guantanamera,It is a satire about life in Cuba. The members of a funeral procession and some truckdrivers who have to take the same route begin to talk about god and the world ending up in discovering ...
McHale's Navy,"Retired Lieutenant Commander Quinton McHale spends his days puttering around the Caribbean in the old PT-73 selling homebrew, ice cream, and swimsuit calendars. He's brought out of ..."
Kolya (Kolja),"Franta Louka is a concert cellist in Soviet-occupied Czechoslovakia, a confirmed bachelor and a lady's man. Having lost his place in the state orchestra, he must make ends meet by playing ..."
Gridlock'd,"After a friend overdoses, Spoon and Stretch decide to kick their drug habits and attempt to enroll in a government detox program. Their efforts are hampered by seemingly endless red tape, ..."
Waiting for Guffman,An aspiring director and the marginally talented amateur cast of a hokey small-town Missouri musical production go overboard when they learn that someone from Broadway will be in attendance.
Prisoner of the Mountains (Kavkazsky plennik),"Two Russian soldiers, one battle-seasoned and the other barely into his boots and uniform, are taken prisoner by an anxious Islamic father from a remote village hoping to trade them for his captured son."
"Beautician and the Beast, The",A New York cosmetologist mistakenly thought to be a science teacher is offered a job to teach the children of an Eastern European dictator.
SubUrbia,A group of suburban teenagers try to support each other through the difficult task of becoming adults.
Hotel de Love,Twin brothers meet a childhood sweetheart at a tacky hotel and rediscover their love as they renew their competition for her affection.
"Pest, The","A Miami con man agrees to be the human target for a Neo-Nazi manhunter, in order to collect $50,000 if he survives."
Fools Rush In,"After a one night stand with Isabel, Alex realizes that she is pregnant and they decide to get married. However, along with the marriage comes compromise of one's own cultural traditions."
Touch,"When Juvenal, a presumed miracle worker, appears on the scene Bill Hill attempts to exploit him but his plans go astray with the untimely intervention of August Murray and the developing ..."
Absolute Power,A career thief witnesses a horrific crime involving the U.S. President.
That Darn Cat,"A maid is kidnapped and scratches a message onto D.C. the cat's collar and when his owner Patti discovers this, she plays amateur detective with the help of D.C. to try to find the culprits."
Vegas Vacation (National Lampoon's Las Vegas Vacation),"In the fourth outing for the vacation franchise, the Griswolds have to survive Vegas fever when they go to Las Vegas for a fun family vacation."
That Old Feeling,A bride's divorced parents find their old feelings for each other during the wedding reception and over the course of the next few days upsetting the newlywed's honeymoon.
Lost Highway,"After a bizarre encounter at a party, a jazz saxophonist is framed for the murder of his wife and sent to prison, where he inexplicably morphs into a young mechanic and begins leading a new life."
Rosewood,A dramatization of a 1923 horrific racist lynch mob attack on an African American community.
Donnie Brasco,"An FBI undercover agent infiltrates the mob and finds himself identifying more with the mafia life, at the expense of his regular one."
Booty Call,Two friends who have gone too long without sex set out to get some.
City of Industry,"A retired thief swears revenge on the lunatic who murdered his brother and partner, while going on the run with the loot they stole."
Best Men,The film opens with 4 tuxedo clad men showing up at a penitentiary to meet a friend who has just been released after three years in prison and is going straight from the jail to marry his ...
Jungle2Jungle (a.k.a. Jungle 2 Jungle),"A New Yorker suddenly learns he has a thirteen-year-old son who's been raised in the jungle. He brings the boy to New York city, and that's where the fun starts."
Kama Sutra: A Tale of Love,Two girlhood friends become sexual rivals at maturity.
Private Parts,"The autobiographical story of Howard Stern, the radio rebel who is now also a TV personality, an author and a movie star."
"Saint, The","Simon Templar has no real family, no real home and Simon Templar isn't even his real name. Yet Simon Templar, also known as the Saint for his use of creating false identities using the ..."
Smilla's Sense of Snow,"Based on Peter Hoeg's bestseller, this film is set in snowy Copenhagen where a small boy is found dead after he fell off a roof. Smilla Jasperson, a close friend who lives in the same house..."
"Van, The","The third installment of Irish author Roddy Doyle's 'Barrytown Trilogy', following 'The Commitments' and 'The Snapper', depicts the hilarious yet poignant adventures of Bimbo. Upon being ..."
Crash,"After getting into a serious car accident, a TV director discovers an underground sub-culture of scarred, omnisexual car-crash victims who use car accidents and the raw sexual energy they produce to try to rejuvenate his sex life with his wife."
"Daytrippers, The","When a happily married woman discovers a love letter written by her husband to an unknown party, she enlists her dysfunctional family to discover the truth."
Liar Liar,A fast track lawyer can't lie for 24 hours due to his son's birthday wish after the lawyer turns his son down for the last time.
Selena,"The true story of Selena Quintanilla-Perez, a Texas-born Tejano singer who rose from cult status to performing at the Astrodome, as well as having chart topping albums on the Latin music charts."
"Devil's Own, The","A police officer uncovers the real identity of his house-guest, an I.R.A. terrorist in hiding."
Cats Don't Dance,"Danny, an ambitious singing/dancing cat, goes to Hollywood and overcomes several obstacles to fulfill his dream of becoming a movie star."
B*A*P*S,Two tacky homegirls move to L.A. to become dancers; instead they scam a dying millionaire but eventually become B*A*P*S (Black American Princesses).
Love and Other Catastrophes,A day in the life of two film-school students trying to find love and another house-mate.
Turbo: A Power Rangers Movie,"The legendary Power Rangers must stop the evil space pirate Divatox from releasing the powerful Maligore from his volcanic imprisonment on the island of Muranthias, where only the kindly ..."
Double Team,"Counter-terrorist Jack Quinn misses his target, Stavros, on the eve of his final mission. From there, he is sent to The Colony, a rebirth for presumed-dead assassins. He breaks free from ..."
Inventing the Abbotts,A light-hearted story of two working-class brothers courting three wealthy and beautiful sisters in a small Illinois town.
Anaconda,"A National Geographic film crew is taken hostage by an insane hunter, who takes them along on his quest to capture the world's largest - and deadliest - snake."
Grosse Pointe Blank,"Martin Blank is a professional assassin. He is sent on a mission to a small Detroit suburb, Grosse Pointe, and, by coincidence, his ten-year high school reunion party is taking place there at the same time."
Keys to Tulsa,"Richter Boudreau, the son of local celebrity Cynthia, is not very successful and works as a film critic for a local newspaper. In a short time he loses his job and his heritage, and one of ..."
Kissed,"Over the years, a child's romantic ideals about death blossom into necrophilia, the study of embalming and the most profound relationship of her life."
8 Heads in a Duffel Bag,"A mob bagman finds that his luggage, containing the proof of his latest hit, has been switched."
Hollow Reed,"Following the break-up of his marriage after revealing his homosexuality, GP Martin Wyatt loses custody of his son Oliver to his now ex-wife Hannah and her new partner Frank. It is not long..."
Paradise Road,Fact-based recounting of a group of women who are imprisoned on the island of Sumatra by the Japanese during World War II and used music as a relief to their misery.
Traveller,"A young man, Pat, visits the clan of gypsy-like grifters (Irish Travellers) in rural North Carolina from whom he is descended. He is at first rejected, but cousin Bokky takes him on as an ..."
Romy and Michele's High School Reunion,"Two dense, inseparable friends hit the road for their 10-year high school reunion and concoct an elaborate lie about their lives in order to impress their classmates."
Volcano,"A volcano erupts in downtown L.A., threatening to destroy the city."
Children of the Revolution,Few knew that Stalin spent his last night in the arms of a young Australian woman. Few still knew that their love-child brought Australia to the brink of civil war. Until now ...
Austin Powers: International Man of Mystery,"A 1960s hipster secret agent is brought out of cryofreeze to oppose his greatest enemy in the 1990s, where his social attitudes are glaringly out of place."
Breakdown,A man searches for his missing wife after his car breaks down in the middle of the desert.
"Truth or Consequences, N.M.","A group of crooks, an ex con, his friend and a gun crazy gangster plan a drug heist, but not everything goes as planned."
Warriors of Virtue,A young boy is whisked away to the mythical land of Tao where he becomes the center of a conflict between an evil lord and a group of animal warriors.
Fathers' Day,A woman cons two old boyfriends into searching for her runaway son by convincing both that they are the boy's father.
"Fifth Element, The","In the colorful future, a cab driver unwittingly becomes the central figure in the search for a legendary cosmic weapon to keep Evil and Mr Zorg at bay."
Nowhere,Follows a day in the lives of a group of high school kids Los Angeles and the strange lives they lead.
Losing Chase,"Chase (Mirren), a lifetime resident of Martha's Vineyard, married Richard (Bridges), and like the area, grew into the Upper-Middle-Class. Her distaste for artificiality leads her to a wild ..."
Sprung,"Two pairs of best friends - Montel & Clyde and Brandy & Adina meet at the party, where Clyde makes Adina think he is very rich and gets her into bed the same evening. When Adina finds out ..."
Love! Valour! Compassion!,"Gregory invites seven friends to spend the summer at his large, secluded 19th-century home in upstate New York. The seven are: Bobby, Gregory's significant other, who is blind but who ..."
Shall We Dance? (Shall We Dansu?),A successful but unhappy Japanese accountant finds the missing passion in his life when he begins to secretly take ballroom dance lessons.
Twin Town,Twin Town opens with wide sweeping shots of seaside Swansea; to be the place of action for the next one and a half hours. The serene setting with miles upon miles of old semi-detached ...
Addicted to Love,"Maggie's and Sam's former partners are in love; she wants revenge and he wants his lost love back, so they work together to break up the happy couple."
Brassed Off,"The coal mine in a northern English village may be closing, which would also mean the end of the miners' brass band."
"Designated Mourner, The","Jack and Judy are husband and wife, and Howard is Judys father. They live in some fictional undemocratic and repressive country, and tell us a story about their lives, mostly from Jack's ..."
"Lost World: Jurassic Park, The",A research team is sent to the Jurassic Park Site B island to study the dinosaurs there while another team approaches with another agenda.
Ponette,"An extremely captivating movie on how a little girl copes with her mother's death. She withdraws from all the people around her, waiting for her mother to come back. She tries waiting, and ..."
Schizopolis,"Fletcher Munson, the lethargic employee of a pseudo-religious self help company, and his doppelganger, the friendly but dull dentist Dr. Jeffrey Korchek."
Rough Magic,"Set in the 1950s, Rough Magic tells the story of what happens when a pretty apprentice magician goes to Mexico to escape her fiancé, a wealthy politician, and to find a Mayan shaman who ..."
Trial and Error,"An actor poses as a lawyer to help his sick friend, and problems develop."
Con Air,Newly paroled ex-con and former U.S. Ranger Cameron Poe finds himself trapped in a prisoner transport plane when the passengers seize control.
"Pillow Book, The","As a young girl in Japan, Nagiko's father paints characters on her face, and her aunt reads to her from The Pillow Book, the diary of a 10th-century lady-in-waiting. Nagiko grows up, ..."
"To Have, or Not (En avoir (ou pas))","Alice, fired from her job on an assembly line, leaves her boyfriend and provincial home for an uncertain new life in Lyon. There she encounters Bruno, a construction worker who's just been ..."
Speed 2: Cruise Control,A computer hacker breaks into the computer system of the Seabourn Legend cruise liner and sets it speeding on a collision course into a gigantic oil tanker.
Batman & Robin,Batman & Robin try to keep their relationship together even as they must stop Mr. Freeze and Poison Ivy from freezing Gotham City.
Dream With the Fishes,"Terry is a suicidal voyeur who treats a dying addict to a final binge, but Terry will only do this if he promises to kill him."
For Roseanna (Roseanna's Grave),"Roseanna is dying of a heart condition, and all she wants is to be buried next to her daughter, in a cemetery that is getting full fast. The cemetery can't expand because Capestro, the man ..."
Hercules,The son of the Greek Gods Zeus and Hera is stripped of his immortality as an infant and must become a true hero in order to reclaim it.
My Best Friend's Wedding,"When a woman's long-time friend says he's engaged, she realizes she loves him herself... and sets out to get him, with only days before the wedding."
Tetsuo II: Body Hammer,"Sequel to Tetsuo this time has the Iron Man transforming into cyberkinetic gun when a gang of vicious skinheads kidnap his son. When the skinheads capture him, they begin to experiment on..."
When the Cat's Away (Chacun cherche son chat),"Chloe, a young woman, is going on holidays. She entrusts her beloved cat to Madame Renée's care. But one day Madame Renée (an old lady of the neighborhood) can not find the cat. Chloe ..."
"Contempt (Mépris, Le)",Screenwriter Paul Javal's marriage to his wife Camille disintegrates during movie production as she spends time with the producer. Layered conflicts between art and business ensue.
Face/Off,"In order to foil an extortion plot, an FBI agent undergoes a face-transplant surgery and assumes the identity and physical appearance of a ruthless terrorist, but the plan turns from bad to worse when the same criminal impersonates the cop."
Gabbeh,"An elderly couple go about their routine of cleaning their gabbeh (a intricately-designed rug), while bickering gently with each other. Magically, a young woman appears, helping the two ..."
Men in Black (a.k.a. MIB),A police officer joins a secret organization that polices and monitors extra terrestrial interactions on planet earth.
Out to Sea,"A failed gambler, intent on meeting a rich widow, tricks his widowed brother-in-law into boarding a cruise ship as dance hosts."
Wild America,"Three brothers - Marshall, Marty and Mark dream of becoming naturalists and portraying animal life of America. One summer their dream comes true, they travel through America, filming ..."
"Simple Wish, A","Murray is a male fairy godmother, and he's trying to help 8-year-old Anabel to fulfill her simple wish - that her father Oliver, who is a cab driver, would win the leading role in a ..."
Contact,"Dr. Ellie Arroway, after years of searching, finds conclusive radio proof of intelligent aliens, who send plans for a mysterious machine."
G.I. Jane,A female Senator succeeds in enrolling a woman into Combined Reconnaissance Team training where everyone expects her to fail.
Conan the Barbarian,A vengeful barbarian warrior sets off to avenge his tribe and his parents whom were slain by an evil sorcerer and his warriors when he was a boy.
George of the Jungle,George grows up in the jungle raised by apes. Based on the Cartoon series.
Cop Land,The sheriff of a suburban New Jersey community populated by New York City policemen slowly discovers the town is a front for mob connections and corruption.
Event Horizon,A rescue crew investigates a spaceship that disappeared into a black hole and has now returned...with someone or something new on-board.
Spawn,"A mercenary is killed, but comes back from Hell as a reluctant soldier of the Devil."
Air Bud,"A young boy and a talented stray dog with an amazing basketball playing ability become instant friends. Rebounding from his father's accidental death, 12-year-old Josh Framm moves with his ..."
Picture Perfect,"A young advertising executive's life becomes increasingly complicated when, in order to impress her boss, she pretends to be engaged to a man she has just met."
In the Company of Men,"Two business executives--one an avowed misogynist, the other recently emotionally wounded by his love interest--set out to exact revenge on the female gender by seeking out the most innocent, uncorrupted girl they can find and ruining her life."
Free Willy 3: The Rescue,A teenage Jesse and old friend Randolph try to foil an illegal whaler threatening Willy and his pregnant mate.
Career Girls,"2 young women reunite and rekindle their friendship after having said goodbye at their college graduation, six years earlier."
Conspiracy Theory,"A man obsessed with conspiracy theories becomes a target after one of his theories turns out to be true. Unfortunately, in order to save himself, he has to figure out which theory it is."
Desperate Measures,San Francisco police officer Frank Connor is in a frantic search for a compatible bone marrow donor for his gravely ill son. There's only one catch: the potential donor is convicted ...
Steel,"John Henry Irons designs weapons for the military. When his project to create weapons that harmlessly neutralize soldiers is sabotaged, he leaves in disgust. When he sees gangs are using ..."
She's So Lovely,"Maureen is pregnant and her husband Eddie is missing. Nervous, Maureen shares a couple of drinks with neighbor Kiefer, who tries to rape her and then beats her. When Eddie returns and finds..."
Hoodlum,Black gangsters in 1930 Harlem fights Dutch Schultz who is trying to horn in on their numbers racket.
Leave It to Beaver,"Cleavers are an all-American family living in Ohio - wise father Ward, loving mother June, teen-age son Wally and 8-year-old Beaver Theodore. Beaver hopes to get a bike as a gift from his..."
Mimic,"Three years ago, entomologist Dr. Susan Tyler genetically created an insect to kill cockroaches carrying a virulent disease. Now, the insects are out to destroy their only predator, mankind."
Money Talks,"Sought by police and criminals, a small-time huckster makes a deal with a TV newsman for protection."
Excess Baggage,"Emily has always been the rich brat who tries to pull every imaginable stunt to get attention. But one day, as she fakes her own kidnapping and locks herself in the trunk of a car, a thief ..."
Kull the Conqueror,An barbarian warrior becomes a king when he defeats a king in armed combat and the king's heir conspire to overthrow him and reclaim the throne by resurrecting an evil sorceress.
Air Force One,"Hijackers seize the plane carrying the President of the United States and his family, but he - an ex-soldier - works from hiding to defeat them."
187 (One Eight Seven),"After surviving a brutal attack (Instrument used was a board with nails in it) by a student, teacher Trevor Garfield moves from New York to Los Angeles."
"Hunt for Red October, The","In November 1984, the Soviet Union's best submarine captain in their newest sub violates orders and heads for the USA. Is he trying to defect or to start a war?"
My Own Private Idaho,Two best friends living on the streets of Portland as hustlers embark on a journey of self discovery and find their relationship stumbling along the way.
"Kiss Me, Guido","Warren has an extra room in his apartment (and is five months behind on the rent) after his lover moves out, so a friend places an ad on his behalf for a GWM roommate. Frankie, a pizza ..."
Star Maps,"Carlos wants to be an actor. But his father, Pepe, wants him to work in the family business, that is, male prostitution. Carlos decides that he will be one of his father's boys until he can..."
In & Out,A midwestern teacher questions his sexuality after a former student makes a comment about him at the Academy Awards.
"Edge, The",An intellectual billionaire and two lesser men struggle to band together and survive after getting stranded in the Alaskan wilderness with a blood-thirsty Kodiak Bear hunting them down.
"Peacemaker, The",A US Army colonel and a civilian woman supervising him must track down stolen Russian nuclear weapons before they're used by terrorists.
L.A. Confidential,"As corruption grows in 1950s LA, three policemen - one strait-laced, one brutal, and one sleazy - investigate a series of murders with their own brand of justice."
Seven Years in Tibet,"True story of Heinrich Harrer, an Austrian mountain climber who became friends with the Dalai Lama at the time of China's takeover of Tibet."
Kiss the Girls,Police hunting for a serial killer are helped when a victim manages to escape for the first time.
Soul Food,"One person can keep a family together and, when that one person is gone, a family can be torn apart."
Wishmaster,"A demonic djinn attempts to grant its owner three wishes, which will allow him to summon his brethren to earth."
"Thousand Acres, A",King Lear set on a farm in Iowa.
"Game, The",Wealthy San Francisco financier Nicholas Van Orton gets a strange birthday present from wayward brother Conrad: a live-action game that consumes his life.
Fire Down Below,Environmental protection agent Jack Taggart is fighting big business types led by Orin Hanner who are dumping toxic waste somewhere in the Kentucky hills region. They also killed his fellow...
U Turn,"A man heading to Vegas to pay off his gambling debt before the Russian mafia kills him, is forced to stop in an Arizona town where everything that can go wrong, does go wrong."
"MatchMaker, The","Marcy is an assistant to Senator John McGlory, who is having problems with a re-election campaign. Desperate for Irish votes, McGlory's chief of staff Nick sends Marcy to Ireland to trace ..."
"Assignment, The","An American naval officer is recruited for an operation to eliminate his lookalike, the infamous terrorist Carlos The Jackal."
"Smile Like Yours, A",Greg Kinnear plays a carriage-shy husband in a romantic comedy about a couple trying to conceive a child.
Ulee's Gold,"A reclusive beekeeper slowly pulls his dysfunctional family back together, but not without having to fight his son's previous dastardly cohorts."
"Ice Storm, The","1973, suburban Connecticut: middle class families experimenting with casual sex, drink, etc., find their lives out of control."
Stag,"Victor Mallick returned to his home and found out that all of his friends have arranged a surprise bachelor/stag party for him. Two strippers were hired to cheer up the party. However, when..."
Chasing Amy,"Holden and Banky are comic book artists. Everything's going good for them until they meet Alyssa, also a comic book artist. Holden falls for her, but his hopes are crushed when he finds out she's gay."
How to Be a Player,A playboy gets the tables turned on him when a party is arranged with all of the women he has been two-timing are in attendance.
"Full Monty, The",Six unemployed steel workers form a male striptease act. The women cheer them on to go for the full monty - total nudity.
Indian Summer (a.k.a. Alive & Kicking),"A passionately committed young dancer is forced to re-examine his career and life when faced with death, finding hope through an older man who becomes his lover, mentor and companion."
"Mrs. Brown (a.k.a. Her Majesty, Mrs. Brown)","Queen Victoria is deeply depressed after the death of her husband, disappearing from public. Her servant Brown, who adores her, through caress and admiration brings her back to life, but ..."
I Know What You Did Last Summer,Four teens are in great danger one year after their car hits a stranger whose body they dump in the sea.
The Devil's Advocate,An exceptionally adept Florida lawyer is offered a job to work in New York City for a high-end law firm with a high-end boss - the biggest opportunity of his career to date.
RocketMan (a.k.a. Rocket Man),"Fred Z. Randall is geeky and obnoxious spacecraft designer, who gets the chance to make his dream come true and travel to Mars as a member of the first manned flight there."
Playing God,"Stripped of his medical license after performing an operation while high on amphetamines, famed LA surgeon Dr Eugene Sands abandons his former life only to find himself crossing paths with ..."
"House of Yes, The",A mentally unbalanced young woman (who thinks she's Jackie Kennedy) flips into a murderous rage when her brother returns home to reveal he's engaged.
"Fast, Cheap & Out of Control","What do an elderly topiary gardener, a retired lion tamer, a man fascinated by mole rats, and a cutting-edge robotics designer have in common? Both nothing and everything in this ..."
Year of the Horse,"This film documents Neil Young and Crazy Horse's 1996 concert tour. Jim Jarmusch interviews the band about their long history, and we see backstage footage from the 1970s and 1980s."
Gattaca,A genetically inferior man assumes the identity of a superior one in order to pursue his lifelong dream of space travel.
FairyTale: A True Story,"In 1917, two children take a photograph, which is soon believed by some to be the first scientific evidence of the existence of fairies."
Phantoms,"150 dead and 350 missing in the tiny mountain town of Snowfield, Colorado. And that's only the beginning..."
Wonderland,null
"Life Less Ordinary, A","Ewan McGregor stars as a cleaning man in L.A. who takes his boss' daughter hostage after being fired and replaced by a robot. Two angels who are in charge of human relationships on earth,..."
Eve's Bayou,"The story is set in 1962 Louisiana. The Batiste family is headed by charming doctor Louis. Though he is married to beautiful Roz, he has a weakness for attractive female patients. One night..."
Switchback,An FBI agent tries to catch a serial killer who kidnapped his son.
Stripes,Two friends who are dissatisfied with their jobs decide to join the army for a bit of fun.
Bean,The bumbling Mr. Bean travels to America when he is given the responsibility of bringing a highly valuable painting to a Los Angeles museum.
Mad City,"A disgruntled security guard holds a school trip group hostage, while a news reporter forms a bond with him."
One Night Stand,"Los Angeles advertisement director Max visits his friend, artist Charlie, who was diagnosed with A.I.D.S. in New York. There he meets Karen, they are attracted to each other and after they ..."
"Tango Lesson, The","On a trip to Paris Sally meets Pablo, a tango dancer. He starts teaching her to dance then she returns to London to work on some projects. She visits Buenos Aires and learns more from ..."
Welcome to Sarajevo,"Journalist Floyd from US, Michael Henderson from UK and their teams meet the beginning of Bosnian war in Sarajevo. During their reports they find an orphanage run by devoted Mrs. Savic near..."
Deceiver,"Textile company heir Wayland is accused of murder of a prostitute named Elizabeth, whose body was found cut in two in the park. The murder is investigated by tough detective Kennesaw and ..."
"Rainmaker, The",An underdog lawyer takes on a fraudulent Insurance company.
Boogie Nights,The story of a young man's adventures in the Californian pornography industry of the late 1970s and early 1980s.
Witness,A young Amish boy is sole witness to a murder; policeman John Book goes into hiding in Amish country to protect him until the trial.
Starship Troopers,"Humans in a fascistic, militaristic future do battle with giant alien bugs in a fight for survival."
"Joy Luck Club, The",The life histories of four Asian women and their daughters reflect and guide each other.
Sliding Doors,"A London woman's love life and career both hinge, unknown to her, on whether or not she catches a train. We see it both ways, in parallel."
Mortal Kombat: Annihilation,A group of martial arts warriors have only six days to save the Earth from an extra-dimensional invasion.
"Truman Show, The",An insurance salesman/adjuster discovers his entire life is actually a T.V. show.
"Wings of the Dove, The","An impoverished woman who has been forced to choose between a privileged life with her wealthy aunt and her journalist lover, befriends an American heiress. When she discovers the heiress is attracted to her own lover and is dying, she sees a chance to have both the privileged life she cannot give up and the lover she cannot live without."
Mrs. Dalloway,"In 1923 London, socialite Clarissa Dalloway's well-planned party is overshadowed by the return of an old suitor she had known 33 years earlier."
Red Corner,"An American attorney on business in China, ends up wrongfully on trial for murder and his only key to innocence is a female defense lawyer from the country."
"Jackal, The","An imprisoned IRA sniper is freed to help stop a brutal, seemingly faceless assassin from completing his next job."
Anastasia,"The last surviving child of the Russian Royal Family joins two con men to reunite with her grandmother, the Dowager Empress, while the undead Rasputin seeks her death."
"Man Who Knew Too Little, The",Wallace Ritchie is mistaken for a spy and must stop a plot to assassinate international leaders at a banquet.
Alien: Resurrection,"Two centuries after her death, Ellen Ripley is revived as a powerful human/alien hybrid clone who must continue her war against the aliens."
Alien Escape,"An alien vessel crashes on Earth and is discovered by Cindy, Shauna and Becky, three friends beginning what they think to be a casual vacation in the mountains. The alien creatures, ..."
Amistad,About a 1839 mutiny aboard a slave ship that is traveling towards the northeastern coast of America. Much of the story involves a court-room drama about the free man who led the revolt.
"Apostle, The","After his happy life spins out of control, a preacher from Texas changes his name, goes to Louisiana and starts preaching on the radio."
Bent,Max is gay and as such is sent to Dachau concentration camp under the Nazi regime. He tries to deny he is gay and gets a yellow label (the one for Jews) instead of pink (the one for gays). ...
"Butcher Boy, The","Francie and Joe live the usual playful, fantasy filled childhoods of normal boys. However, with a violent, alcoholic father and a manic depressive, suicidal mother the pressure on Francie ..."
Deconstructing Harry,"Suffering from writer's block and eagerly awaiting his writing award, Harry Block remembers events from his past and scenes from his best-selling books as characters, real and fictional, come back to haunt him."
Flubber,"An absent-minded professor discovers flubber, a rubber-like super-bouncy substance."
For Richer or Poorer,A real estate hustler and his wife hide from the IRS among the Amish.
Good Will Hunting,"Will Hunting, a janitor at M.I.T., has a gift for mathematics, but needs help from a psychologist to find direction in his life."
Home Alone 3,"Alex Pruitt, a young boy of nine living in Chicago, fend off thieves who seek a top-secret chip in his toy car to support a North Korean terrorist organization's next deed."
Midnight in the Garden of Good and Evil,"A visiting city reporter's assignment suddenly revolves around the murder trial of a local millionaire, whom he befriends."
Mouse Hunt,Two stumblebum inheritors are determined to rid their antique house of a mouse who is equally determined to stay where he is.
Office Killer,"A mousy office worker accidentally kills one of her coworkers, then proceeds to bump off a few others."
Scream 2,"Two years after the first series of murders, a new psychopath dons the Ghostface costume and a new string of killings begins."
"Sweet Hereafter, The","A bus crash in a small town brings a lawyer to the town to defend the families, but he discovers that everything is not what it seems."
Titanic,"A seventeen-year-old aristocrat falls in love with a kind, but poor artist aboard the luxurious, ill-fated R.M.S. Titanic."
Tomorrow Never Dies,James Bond heads to stop a media mogul's plan to induce war between China and the UK in order to obtain exclusive global media coverage.
"Postman, The",A nameless drifter dons a postman's uniform and bag of mail as he begins a quest to inspire hope to the survivors living in post-apocalyptic America.
"Horse Whisperer, The",The mother of a severely traumatized daughter enlists the aid of a unique horse trainer to help the girl's equally injured horse.
"Winter Guest, The",A recent widow who is determined to leave Scotland for Australia with her son gets an unexpected visit from her aging mother.
Jackie Brown,A middle-aged woman finds herself in the middle of a huge conflict that will either make her a profit or cost her life.
Kundun,"From childhood to adulthood, Tibet's fourteenth Dalai Lama deals with Chinese oppression and other problems."
Mr. Magoo,The myopic millionaire defeats jewel smugglers in his usual bumbling manner.
"Big Lebowski, The","The Dude Lebowski, mistaken for a millionaire Lebowski, seeks restitution for his ruined rug and enlists his bowling buddies to help get it."
Afterglow,A handyman with marital problems meets a housewife with the same.
My Life in Pink (Ma vie en rose),Ludovic is a transgender girl who is coming out. She talks of marrying her neighbor's son and can not understand why everyone is so surprised about it. Her family and neighbors struggle ...
Great Expectations,Modernization of Charles Dickens classic story finds the hapless Finn as a painter in New York pursuing his unrequited and haughty childhood love.
3 Ninjas: High Noon On Mega Mountain,"Three young boys, Rocky, Colt and Tum Tum together with their neighbor girl, computer whiz Amanda are visiting Mega Mountain amusement park when it is invaded by an army of ninjas led by ..."
Firestorm,"Firefighter Jesse Graves has to save ornithologist Jennifer and other people caught in a forest fire, which was set up by the lawyer of convicted killer Earl Shaye, who escaped from the ..."
Senseless,A student gets his senses enhanced by an experimental drug. But abuse is not an option.
Wag the Dog,"Shortly before an election, a spin-doctor and a Hollywood producer join efforts to fabricate a war in order to cover up a presidential sex scandal."
Dark City,"A man struggles with memories of his past, including a wife he cannot remember, in a nightmarish world with no sun."
Star Kid,Shy seventh-grader Spencer Griffith's life changes when a meteor falls into a local junkyard and he finds a Cybersuit - an exoskeleton with AI from another galaxy. Spencer puts on the ...
Hard Rain,"In Huntingburg, the armored truck with three million dollars driven by Tom and his Uncle Charlie gets stuck in the flooding and realizes that the town has been evacuated since the dam does ..."
Half Baked,The story of three not so bright men who come up with a series of crazy schemes to get a friend out of jail.
Fallen,"Homicide detective John Hobbes witnesses the execution of serial killer Edgar Reese. Soon after the execution the killings start again, and they are very similar to Reese's style."
Shooting Fish,Two con artists' plan to steal enough for a house are twisted when a pretty girl enters the picture.
"Prophecy II, The","Gabriel returns to try to destroy the human race he despises so much, with the help of a suicidal teen and the opposition of the angel Danyael."
Fallen Angels (Duo luo tian shi),"A disillusioned killer embarks on his last hit but first he has to overcome his affections for his cool, detached partner. Thinking it's dangerous and improper to become involved with a ..."
"Four Days in September (O Que É Isso, Companheiro?)","Fernando, a journalist, and his friend César join terrorist group MR8 in order to fight Brazilian dictatorial regime during the late sixties. Cesare, however, is wounded and captured during..."
Spice World,World famous pop group The Spice Girls zip around London in their luxurious double decker tour bus having various adventures and performing for their fans.
Deep Rising,"A group of heavily armed hijackers board a luxury ocean liner in the South Pacific Ocean to loot it, only to do battle with a series of large-sized, tentacled, man-eating sea creatures who have taken over the ship first."
Music From Another Room,"Music From Another Room is a romantic comedy that follows the exploits of Danny, a young man who grew up believing he was destined to marry the girl he helped deliver as a five year old boy..."
"Replacement Killers, The","Failing to kill anymore because of his conscience, a troubled hit-man seeks aid from a forger to help him get papers to China. However, the drug-lord has hired replacements to finish the job and kill the hit-man."
Night Flier,A reporter is on the trail of a vampiric murderer who travels by plane.
Blues Brothers 2000,"Elwood must reunite the old band, with a few new members, and go on another Mission from God."
"Wedding Singer, The","Robbie, the singer and Julia, the waitress are both engaged to be married but to the wrong people. Fortune intervenes to help them discover each other."
Sphere,A spaceship is discovered under three hundred years' worth of coral growth at the bottom of the ocean.
Palmetto,A recently released ex-con gets involved in a fake kidnapping scheme that turns very real.
As Good as It Gets,"A single mother/waitress, a misanthropic author, and a gay artist form an unlikely friendship after the artist is in an accident."
King of New York,A former drug lord returns from prison determined to wipe out all his competition and distribute the profits of his operations to New York's poor and lower classes in this stylish and ultra violent modern twist on Robin Hood.
Men with Guns,"Three losers, Eddie, Lucas and Mamet, are sent to collect some debt at a remote farm. But the thugs there are too hard for them, and they are humiliated. They return for revenge, it gets ..."
Twilight,"A retired detective accepts a simple task, unaware that it will tear open old, forgotten, but deadly wounds."
U.S. Marshals,"US Marshal Samuel Gerard (Jones) and his team of Marshals are assigned to track down Sheridan (Snipes), a murderer and robber."
Love and Death on Long Island,"Giles De'Ath is a widower who doesn't like anything modern. He goes to movies and falls in love with film star, Ronnie Bostock. He then investigates everything about the movie and Ronnie. ..."
"Callejón de los milagros, El","Based on the Nobel Prize Winner's novel, the Egyptian Naguib Mahfouz. The story, translated from El Cairo to Mexico City's downtown, narrates the life of the members of the neighbourhood ..."
In God's Hands,"Three pro surfers - gifted Shane, once-great Mickey and rising young star Keoni travel to Madagascar, Bali and Hawaii in search for the ultimate wave."
Everest,"An international team of climbers ascends Mt. Everest in the spring of 1996. The film depicts their lengthy preparations for the climb, their trek to the summit, and their successful return..."
Hush,"Helen is the young girlfriend of good-looking Jackson Baring. When Helen gets pregnant and marries Jackson, they decide to move to his hometown, Kilronan, and have a baby there. But his ..."
Suicide Kings,A group of youngsters kidnap a respected Mafia figure.
"Man in the Iron Mask, The",The cruel King Louis XIV of France has a secret twin brother who he keeps imprisoned. Can the twin be substituted for the real king?
"Newton Boys, The","The story of the Newton gang, the most successful bank robbers in history, owing to their good planning and minimal violence."
Wild Things,A police detective uncovers a conspiracy behind a case involving a high-school guidance counselor when accusations of rape are made against him by two female students.
Paulie,"Paulie, a talking parrot, recounts his travels looking for his original owner to a Russian janitor who helps him to the end of his journey."
"Cool, Dry Place, A","A single father balances his work as an attorney with the care of his five year old son and his work as a high school basketball coach in rural Kansas, where he moved after his wife ..."
Fireworks (Hana-bi),"Nishi leaves the police in the face of harrowing personal and professional difficulties. Spiraling into depression, he makes questionable decisions."
Primary Colors,A man joins the political campaign of a smooth-operator candidate for president of the USA.
Wide Awake,A 10 year old boy goes on a search for God after his grandfather dies.
Two Girls and a Guy,"Two girls, Carla and Lou meet on the street outside a loft waiting for their boyfriends. In a short time, they find out that they're waiting for the same guy - young actor Blake, who said ..."
Storefront Hitchcock,"Rock-music lover and feature-film director Jonathan Demme takes on eccentric British singer-songwriter, Robyn Hitchcock, in an ambitious concert film. Setting up a stage in a New York ..."
"Object of My Affection, The","A pregnant New York social worker begins to develop romantic feelings for her gay best friend, and decides she'd rather raise her child with him, much to the dismay of her overbearing boyfriend."
Meet the Deedles,Two surfers end up as Yellowstone park rangers and have to stop a former ranger who is out for revenge.
Homegrown,"Life is good for Jack, Carter and Harlan, three inept ne'r-do-wells who help run master dope-grower Malcoms flourishing marijuana plantation somewhere in northern California. But then ..."
Barney's Great Adventure,"Mom and dad dump son Cody, daughter Abby, her best friend Marcella and a baby on the farm with Grandpa and Grandma. Purple dinosaur Barney soon appears to entertain kids, and when a large ..."
"Big One, The","On his book tour, Michael Moore exposes more wrongdoing by greedy big businesses and callous politicians around America."
Lost in Space,The Robinson family was going into space to fight for a chance for humanity. Now they are fighting to live long enough to find a way home.
Mercury Rising,Shadowy elements in the NSA target a nine-year old autistic savant for death when he is able to decipher a top secret code.
"Spanish Prisoner, The",An employee of a corporation with a lucrative secret process is tempted to betray it. But there's more to it than that.
City of Angels,"Inspired by the modern classic, Wings of Desire, City involves an angel (Cage) who is spotted by a doctor in an operating room. Franz plays Cage's buddy who somehow knows a lot about angels."
"Last Days of Disco, The","Story of two female Manhattan book editors fresh out of college, both finding love and themselves while frequenting the local disco."
"Odd Couple II, The",Oscar and Felix take a road trip to their son and daughter's wedding.
My Giant,"Billy Crystal plays a Hollywood agent who stumbles upon Max, a giant living in Romania, and tries to get him into the movies."
He Got Game,A basketball player's father must try to convince him to go to a college so he can get a shorter sentence.
"Gingerbread Man, The","Lawyer Rick Magruder has a one-night-stand affair with caterer Mallory Doss. He becomes hooked on her, and when he learns her nut-case father Dixon is threatening her, he puts the weight of..."
Live Flesh (Carne trémula),"After leaving jail, Víctor is still in love with Elena, but she's married to the former cop -now basketball player- who became paralysed by a shot from Víctor's gun..."
Zero Effect,The world's greatest detective Daryl Zero aided by his associate Steve Arlo investigates a complex and mysterious case of blackmail and missing keys for shady tycoon Gregory Stark who is less than forthcoming about what is really happening!
Nil By Mouth,"The family of Raymond, his wife Val and her brother Billy live in working-class London district. Also in their family is Val and Billy's mother Janet and grandmother Kath. Billy is a drug ..."
"Borrowers, The",A secret family of four-inch people living inside the walls of a house must save their home from an evil real estate developer.
Love Walked In,Leary and Sanchez-Gijon play romantically involved down-and-out lounge singers who get involved in a caper.
Kissing a Fool,Max is a popular local sports broadcaster and his marriage with attractive Sam is already set up. Max is not sure he wants Sam to be his wife and offers his best friend Jay a test: Jay will...
Krippendorf's Tribe,An anthropologist creates a fictitious lost New Guinea tribe using his family members to cover-up for his mis-use of grant moneys.
Kurt & Courtney,A documentary on the life of Kurt Cobain and his relationship with Courtney Love.
Mr. Nice Guy (Yat goh ho yan),A Chinese chef accidentally gets involved with a news reporter who filmed a drug bust that went awry and is now being chased by gangs who are trying to get the video tape.
Taste of Cherry (Ta'm e guilass),An Iranian man drives his truck in search of someone who will quietly bury him under a cherry tree after he commits suicide.
Character (Karakter),"Jacob Katadreuffe lives mute with his mother, has no contact with his father who only works against him and wants to become a lawyer, at all costs."
Junk Mail (Budbringeren),A lazy postman puts his nose where it doesn't belong.
Species II,"An astronaut gets infected with alien DNA during the first mission on Mars and runs amok on earth. Preston and Laura team up with a peaceful, genetically re-engineered Sil to track the monster down."
Major League: Back to the Minors,"Aging minor league pitcher Gus Cantrell is planning to retire, but then Roger recruits Gus to be the manager of the South Carolina Buzz, the Twins AAA minor league team. Gus's mission is to..."
Sour Grapes,"Two cousins and friends, Richie and Evan, go to Atlantic City to gamble. Richie loses all he has at slot machines and asks Evan for two more coins for a last attempt. That last attempt ..."
Wild Man Blues,"Academy Award-winner Barbara Kopple directs this documentary portrait of Academy Award and Golden Globe-winner Woody Allen (Annie Hall, Blue Jasmine), seen traveling with friends and fellow..."
"Big Hit, The","Hitman Melvin Surley, an expert at his lucrative job, goes on a job and falls in love with his kidnapping victim, turning his world upside down."
"Dancer, Texas Pop. 81","Four friends from the small Texas town of Dancer are graduating from high school and are planning to move to L.A. after graduation, taking the population of Dancer down to 77 from 81. All ..."
"Misérables, Les","Jean Valjean, a Frenchman imprisoned for stealing bread, must flee a police officer named Javert. The pursuit consumes both men's lives, and soon Valjean finds himself in the midst of the ..."
Still Breathing,Two lost souls: she a con-artist in L.A.; he a puppeteer in San Antonio have the same dream linking each with the other. He travels to L.A. to find this woman he has become obsessed with. ...
Clockwatchers,Iris can best be described as a wallflower. She begins her first day as a temp for the nondescript Global Credit Association by waiting in a chair for two hours. This sets the scene for her...
Deep Impact,"Unless a comet can be destroyed before colliding with Earth, only those allowed into shelters will survive. Which people will survive?"
Woo,Gorgeous and extravert Woo meets insecure and straight-laced law clerk Tim at a blind date.
Lawn Dogs,"Newly arrived in an up-market housing development, quiet ten-year-old Devon doesn't quite fit in. Ignoring the urgings of her social-climbing father, Devon chooses the company of Trent, who..."
Quest for Camelot,"An adventurous girl, a young blind hermit and a goofy two headed dragon race to find the lost sword Excalibur to save King Arthur and Camelot from disaster."
Godzilla,"An enormous, radioactively mutated lizard runs rampant in Manhattan."
Bulworth,A suicidally disillusioned liberal politician puts a contract out on himself and takes the opportunity to be bluntly honest with his voters by affecting the rhythms and speech of hip-hop music and culture.
Fear and Loathing in Las Vegas,An oddball journalist and his psychopathic lawyer travel to Las Vegas for a series of psychedelic escapades.
"Opposite of Sex, The","A 16-year-old girl visits her gay half-brother and ends up seducing his boyfriend, thus wreaking havoc on all of their lives."
I Got the Hook Up,"Two small time scam artists, Black and Blue, sell boom boxes and broken TVs from their van at the parking lot. When, by mistake, a shipment of cellular phones gets to them, it doesn't take long before FBI and gangsters are after them."
Almost Heroes,A road comedy about 2 guys whose mission is to beat Lewis and Clark.
Hope Floats,"Birdee Calvert must choose between her morals and her heart after her husband divorces her and a charming young man, who her daughter disapproves of, comes back into her life."
Insomnia,"In a Norwegian city with a 24-hour daylight cycle a Swedish murder investigator has been brought in on a special case. Sleep deprived, he makes a horrible mistake which is discovered by the killer he has been hunting."
"Ugly, The",A female psychologist wants to understand the minds of a confessed serial killer who spent the last five years in a mental hospital because of his state.
"Perfect Murder, A",A remake of the Alfred Hitchcock classic Dial M for Murder (1954).
Six Days Seven Nights,"Robin Monroe, a New York magazine editor, and the gruff pilot Quinn Harris must put aside their mutual dislike if they are to survive after crash landing on a deserted South Seas island."
Can't Hardly Wait,Multicharacter teenage comedy about high school graduates with different agenda of life on graduation night.
Cousin Bette,"Cousin Bette is a poor and lonely seamstress, who, after the death of her prominent and wealthy sister, tries to ingratiate herself into lives of her brother-in-law, Baron Hulot, and her ..."
High Art,"A young female intern at a small magazine company becomes involved with a drug-addicted lesbian photographer, both of whom seek to exploit each other for their respective careers, while slowly falling in love with each other."
"Children of Heaven, The (Bacheha-Ye Aseman)","After a boy loses his sister's pair of shoes, he goes on a series of adventures in order to find them. When he can't, he tries a new way to win a new pair."
Dear Jesse,"Can you go home again? What if you're a gay man and home is a state where voters keep electing a homophobe to the US Senate? In 1996, at age 30, native son Tim Kirkman returns to North ..."
Dream for an Insomniac,"Girl leads a lonely life until she meets the boy of her dreams. The boy, however, has a live-in girlfriend."
Hav Plenty,"Lee Plenty is an almost broke would-be novelist and Havilland Savage is rich and very beautiful woman and his friend. When she invites him to her home for New Year's Eve, they start to ..."
Henry Fool,"Socially inept garbage man Simon is befriended by Henry Fool, a witty roguish, but talentless novelist. Henry opens a magical world of literature to Simon who turns his hand to writing the ..."
Mulan,"To save her father from death in the army, a young maiden secretly goes in his place and becomes one of China's greatest heroines in the process."
"X-Files: Fight the Future, The",Mulder and Scully must fight the government in a conspiracy and find the truth about an alien colonization of Earth.
I Went Down,"Fresh out of prison, Git rescues a former best friend (now living with Git's girlfriend) from a beating at the hands of loan sharks. He's now in trouble with the mob boss, Tom French, who ..."
Dr. Dolittle,A Doctor finds out that he can understand what animals are saying. And the animals find out that he understands.
Out of Sight,A career bank robber breaks out of jail and shares a moment of mutual attraction with a US Marshall he has kidnapped.
Picnic at Hanging Rock,"During a rural picnic, a few students and a teacher from an Australian girls' school vanish without a trace. Their absence frustrates and haunts the people left behind."
Smoke Signals,"Young Indian man Thomas is a nerd in his reservation, wearing oversize glasses and telling everyone stories no-one wants to hear. His parents died in a fire in 1976, and Thomas was saved by..."
Buffalo '66 (a.k.a. Buffalo 66),"Billy is released after five years in prison. In the next moment, he kidnaps teenage student Layla and visits his parents with her, pretending she is his girlfriend and they will soon marry..."
Armageddon,"After discovering that an asteroid the size of Texas is going to impact Earth in less than a month, N.A.S.A. recruits a misfit team of deep core drillers to save the planet."
Lethal Weapon 4,"With personal crises and age weighing in on them, LAPD officers Riggs and Murtaugh must contend with a deadly Chinese crimelord trying to get his brother out of prison."
Madeline,"The adventurous, young Madeline is very good at getting into trouble, but she's also fantastic in solving problems as well, and her school-mistress Miss Clavel is not too approving of her. ..."
Small Soldiers,"When missile technology is used to enhance toy action figures, the toys soon begin to take their battle programming too seriously."
Pi,A paranoid mathematician searches for a key number that will unlock the universal patterns found in nature.
Whatever,"A teen faces her impending adulthood in the carefree sex and drug revolution years of the early 80's prior to fears of AIDS. She lives with her bitter, divorced mother and her sadistic kid ..."
There's Something About Mary,"A man gets a chance to meet up with his dream girl from highschool, even though his date with her back then was a complete disaster."
Plan 9 from Outer Space,Aliens resurrect dead humans as zombies and vampires to stop humanity from creating the Solaranite (a sort of sun-driven bomb).
Wings,"Two young men, one rich, one middle class, who are in love with the same woman, become fighter pilots in World War I."
"Broadway Melody, The","Harriet and Queenie Mahoney, a vaudeville act, come to Broadway, where their friend Eddie Kerns needs them for his number in one of Francis Zanfield's shows. Eddie was in love with Harriet,..."
All Quiet on the Western Front,A young soldier faces profound disillusionment in the soul-destroying horror of World War I.
Cimarron,A newspaper editor settles in an Oklahoma boom town with his reluctant wife at the end of the nineteenth century.
Grand Hotel,A group of very different individuals staying at a luxurious hotel in Berlin deal with each of their respective dramas.
Mutiny on the Bounty,"Fletcher Christian successfully leads a revolt against the ruthless Captain Bligh on the HMS Bounty. However, Bligh returns one year later, hell bent on avenging his captors."
"Great Ziegfeld, The","This biography follows the ups and downs of Florenz Ziegfeld, famed producer of extravagant stage revues."
"Life of Emile Zola, The",The biopic of the famous French muckraking writer and his involvement in fighting the injustice of the Dreyfuss Affair.
You Can't Take It with You,A man from a family of rich snobs becomes engaged to a woman from a good-natured but decidedly eccentric family.
How Green Was My Valley,"At the turn of the century in a Welsh mining village, the Morgans, he stern, she gentle, raise coal-mining sons and hope their youngest will find a better life."
Mrs. Miniver,A British family struggles to survive the first months of World War II.
Going My Way,"Youthful Father Chuck O'Malley led a colorful life of sports, song, and romance before joining the Roman Catholic clergy, but his level gaze and twinkling eyes make it clear that he knows ..."
"Lost Weekend, The",The desperate life of a chronic alcoholic is followed through a four day drinking bout.
"Best Years of Our Lives, The",Three World War II veterans return home to small-town America to discover that they and their families have been irreparably changed.
Gentleman's Agreement,"A reporter pretends to be Jewish in order to cover a story on anti-Semitism, and personally discovers the true depths of bigotry and hatred."
Hamlet,"Prince Hamlet struggles over whether or not he should kill his uncle, whom he suspects has murdered his father, the former king."
All the King's Men,"The rise and fall of a corrupt politician, who makes his friends richer and retains power by dint of a populist appeal."
"Greatest Show on Earth, The","The dramatic lives of trapeze artists, a clown, and an elephant trainer against a background of circus spectacle."
From Here to Eternity,"In 1941 Hawaii, a private is cruelly punished for not boxing on his unit's team, while his captain's wife and second in command are falling in love."
On the Waterfront,An ex-prize fighter turned longshoreman struggles to stand up to his corrupt union bosses.
Marty,A middle-aged butcher and a school teacher who have given up on the idea of love meet at a dance and fall for each other.
West Side Story,"Two youngsters from rival New York City gangs fall in love, but tensions between their respective friends build toward tragedy."
Tom Jones,"In eighteenth century England, first cousins Tom Jones and Master Blifil grew up together in privilege in the western countryside, but could not be more different in nature. Tom, the ..."
"Man for All Seasons, A","The story of Thomas More, who stood up to King Henry VIII when the King rejected the Roman Catholic Church to obtain a divorce and remarriage."
In the Heat of the Night,An African American police detective is asked to investigate a murder in a racially hostile southern town.
Oliver!,Musical adaptation about an orphan who runs away from an orphanage and hooks up with a group of boys trained to be pickpockets by an elderly mentor.
Midnight Cowboy,A naive hustler goes to New York to seek personal fortune but in the process finds himself a new friend.
"French Connection, The",A pair of NYC cops in the Narcotics Bureau stumble onto a drug smuggling job with a French connection.
Rocky,"Rocky Balboa, a small-time boxer, gets a supremely rare chance to fight the heavy-weight champion, Apollo Creed, in a bout in which he strives to go the distance for his self-respect."
Kramer vs. Kramer,"Ted Kramer's wife leaves her husband, allowing for a lost bond to be rediscovered between Ted and his son, Billy. But a heated custody battle ensues over the divorced couple's son, deepening the wounds left by the separation."
Ordinary People,"The accidental death of the older son of an affluent family deeply strains the relationships among the bitter mother, the good-natured father, and the guilt-ridden younger son."
Chariots of Fire,"Two British track athletes, one a determined Jew and the other a devout Christian, compete in the 1924 Olympics."
Terms of Endearment,Follows hard-to-please Aurora looking for love and her daughter's family problems.
Out of Africa,"In 20th-century colonial Kenya, a Danish baroness/plantation owner has a passionate love affair with a free-spirited big-game hunter."
"Last Emperor, The",The story of the final Emperor of China.
Rain Man,Selfish yuppie Charlie Babbitt's father left a fortune to his savant brother Raymond and a pittance to Charlie; they travel cross-country.
Driving Miss Daisy,An old Jewish woman and her African-American chauffeur in the American South have a relationship that grows and improves over the years.
Take the Money and Run,"The life and times of Virgil Starkwell, inept bank robber."
Klute,A small-town detective searching for a missing man has only one lead: a connection with a New York prostitute.
Repo Man,"Young punk Otto becomes a repo man after helping to steal a car, and stumbles into a world of wackiness as a result."
Metropolitan,"A group of young upper-class Manhattanites are blithely passing through the gala debutante season, when an unusual outsider joins them and stirs them up."
Labyrinth,A selfish 16-year old girl is given 13 hours to solve a labyrinth and rescue her baby brother when her wish for him to be taken away is granted by the Goblin King.
"Breakfast Club, The","Five high school students, all different stereotypes, meet in detention, where they pour their hearts out to each other, and discover how they have a lot more in common than they thought."
"Nightmare on Elm Street 2: Freddy's Revenge, A",A teenage boy is haunted in his dreams by Freddy Krueger who is out to possess him to continue his murdering in the real world.
"Nightmare on Elm Street 3: Dream Warriors, A",Survivors of undead serial killer Freddy Krueger - who stalks his victims in their dreams - learn to take control of their own dreams in order to fight back.
"Nightmare on Elm Street 4: The Dream Master, A","Freddy Krueger returns once again to terrorize the dreams of the remaining Dream Warriors, as well as those of a young woman who may know the way to defeat him for good."
"Nightmare on Elm Street 5: The Dream Child, A","Alice, having survived the previous installment of the Nightmare series, finds the deadly dreams of Freddy Krueger starting once again. This time, the taunting murderer is striking through ..."
"Freddy's Dead: The Final Nightmare (Nightmare on Elm Street Part 6: Freddy's Dead, A)",Freddy Krueger returns once again to haunt both the dreams of his daughter and Springwood's last surviving teenager.
Friday the 13th,"A group of camp counselors is stalked and murdered by an unknown assailant while trying to reopen a summer camp which, years before, was the site of a child's drowning."
Friday the 13th Part 2,"Mrs. Voorhees is dead, and Camp Crystal Lake is shut down, but a camp next to the infamous place is stalked by an unknown assailant. Is it Mrs. Voorhees' son Jason, who did not really drown in the lake some 30 years before?"
Friday the 13th Part 3: 3D,"Having revived from his wound, Jason Voorhees; now donning a new appearance, refuges at a cabin near Crystal Lake. As a group of co-eds reside there for their vacation, Jason continues his spree."
Friday the 13th Part IV: The Final Chapter,"After being mortally wounded and taken to the morgue, murderer Jason Voorhees spontaneously revives and embarks on a killing spree as he makes his way back to his home at Camp Crystal Lake."
Friday the 13th Part V: A New Beginning,"Still haunted by his past, Tommy Jarvis - who, as a child, killed Jason Voorhees - wonders if the serial killer is connected to a series of brutal murders occurring in and around the secluded halfway house where he now lives."
Friday the 13th Part VI: Jason Lives,"Tommy Jarvis goes to the graveyard to get rid of Jason Voorhees' body once and for all, but inadvertently brings him back to life instead. The newly revived killer once again seeks revenge, and Tommy may be the only one who can defeat him."
Friday the 13th Part VII: The New Blood,"Years after Tommy Jarvis chained him underwater at Camp Crystal Lake, Jason Voorhees returns to the camp grounds when he is accidentally released from his prison by a teenager with psychic powers."
Friday the 13th Part VIII: Jason Takes Manhattan,"A passing boat bound for New York pulls Jason Voorhees along for the ride. Look out New York, here comes hell in a hockey mask."
Halloween,"On Halloween night of 1963, 6-year old Michael Myers stabbed his sister to death. After sitting in a mental hospital for 15 years, Myers escapes and returns to Haddonfield to kill."
Halloween II,"While Sheriff Brackett and Dr. Loomis hunt for Michael Myers, a traumatized Laurie is rushed to hospital, and the serial killer is not far behind her."
Halloween III: Season of the Witch,Kids all over America want Silver Shamrock masks for Halloween. Doctor Daniel Challis seeks to uncover a plot by Silver Shamrock owner Conal Cochran.
Halloween 4: The Return of Michael Myers,"Ten years after his original massacre, the invalid Michael Myers awakens and returns to Haddonfield to kill his seven-year-old niece on Halloween. Can Dr. Loomis stop him?"
Halloween 5: The Revenge of Michael Myers,"Set one year after the events of Halloween 4, Michael Myers returns to Haddonsfield once again to try and kill his niece."
Prom Night,"A masked killer stalks four teenagers, responsible for the accidental death of a little girl six years earlier, at their high school's senior prom."
Prom Night II,"Thirty years after her accidental death at the 1957 senior prom, the tortured spirit of prom queen, Mary Lou Maloney, returns and she is out for revenge."
Prom Night III: The Last Kiss,A murdered high school girl returns from the grave and hypnotizes a student into helping her commit revenge murders.
Prom Night IV: Deliver Us From Evil,A religious fanatic stalks four teens he feels have transgressed the law of God.
Child's Play,"A single mother gives her son a much sought after doll for his birthday, only to discover that it is possessed by the soul of a serial killer."
Child's Play 2,"While Andy's mother is admitted to a psychiatric hospital, the young boy is placed in foster care, and Chucky, determined to claim Andy's soul, is not far behind."
Child's Play 3,"Chucky, the doll possessed by a serial killer, returns for revenge against Andy, the young boy who defeated him and who has since become a teenager."
Poltergeist,A family's home is haunted by a host of ghosts.
Poltergeist II: The Other Side,"The Freeling family have a new house, but their troubles with supernatural forces don't seem to be over."
Poltergeist III,"Carol Anne is staying with her aunt in a highrise building, and the supernatural forces that have haunted her previously follow her there."
"Exorcist, The","When a teenage girl is possessed by a mysterious entity, her mother seeks the help of two priests to save her daughter."
Exorcist II: The Heretic,"A girl once possessed by a demon finds that it still lurks within her. Meanwhile, a priest investigates the death of the girl's exorcist."
"Exorcist III, The","A police lieutenant uncovers more than he bargained for as his investigation of a series of murders, which have all the hallmarks of the deceased 'Gemini' serial killer, lead him to question the patients of a psychiatric ward."
Lethal Weapon,"A veteran cop, Murtaugh, is partnered with a young suicidal cop, Riggs. Both having one thing in common; hating working in pairs. Now they must learn to work with one another to stop a gang of drug smugglers."
Lethal Weapon 2,Riggs and Murtaugh are on the trail of South African diplomats who are using their immunity to engage in criminal activities.
Lethal Weapon 3,Martin Riggs and Roger Murtaugh pursue an arms dealer who is a former LAPD officer.
Gremlins,A boy inadvertently breaks 3 important rules concerning his new pet and unleashes a horde of malevolently mischievous monsters on a small town.
Gremlins 2: The New Batch,"The Gremlins are back, and this time, they've taken total control over the building of a media mogul."
"Goonies, The","In order to save their home from foreclosure, a group of misfits set out to find a pirate's ancient treasure."
"Mask of Zorro, The","A young thief, seeking revenge over the death of his brother, is trained by the once great, but aged Zorro, who is also seeking a vengeance of his own."
Polish Wedding,"The film centers on a big Polish family. Jadzia is the mother and the ruler of the Pzoniak family (she has five children). Though she's happily married to Bolek, she is also having a ..."
"This World, Then the Fireworks",Marty Lakewood is a reporter forced to leave Chicago and his family because he had uncovered too much police corruption. He returns to his small home town on the California coast to his ...
Soylent Green,"With the world ravaged by the greenhouse effect and overpopulation, an NYPD detective investigates the murder of a CEO with ties to the world's main food supply."
Metropolis,"In a futuristic city sharply divided between the working class and the city planners, the son of the city's mastermind falls in love with a working class prophet who predicts the coming of a savior to mediate their differences."
Back to the Future Part II,"After visiting 2015, Marty McFly must repeat his visit to 1955 to prevent disastrous changes to 1985... without interfering with his first trip."
Back to the Future Part III,"Enjoying a peaceable existence in 1885, Doctor Emmet Brown is about to be killed by Buford Mad Dog Tannen. Marty McFly travels back in time to save his friend."
"Poseidon Adventure, The",A group of passengers struggle to survive and escape when their ocean liner completely capsizes at sea.
Freaky Friday,A mother and daughter find their personalities switched and have to live each other's lives on one strange Friday.
"Absent-Minded Professor, The",A college professor invents an anti-gravity substance which a corrupt businessman wants for himself.
"Apple Dumpling Gang Rides Again, The","The adventures of two idiotic outlaw wannabees, Amos and Theodore."
Babes in Toyland,"Tom the Piper's Son is about to marry Mary Quite Contrary. On the eve of their wedding, evil miser Barnaby hires two henchmen to drown Tom and steal Mary's sheep, cared for by Little Bo ..."
Bambi,The story of a young deer growing up in the forest after his mother is shot by hunters.
Seven Samurai (Shichinin no samurai),A poor village under attack by bandits recruits seven unemployed samurai to help them defend themselves.
Dangerous Liaisons,A scheming widow and her manipulative ex-lover make a bet regarding the corruption of a recently married woman.
Dune,A Duke's son leads desert warriors against the galactic emperor and his father's evil nemesis when they assassinate his father and free their desert world from the emperor's rule.
"Last Temptation of Christ, The","The life of Jesus Christ, his journey through life as he faces the struggles all humans do, and his final temptation on the cross."
"Godfather: Part III, The","In the midst of trying to legitimize his business dealings in New York and Italy in 1979, aging Mafia don Michael Corleone seeks to avow for his sins while taking a young protégé under his wing."
"Rapture, The","A telephone operator living an empty, amoral life finds God and loses him again."
Lolita,A man marries his landlady so he can take advantage of her daughter.
Disturbing Behavior,The new kid in town stumbles across something sinister about the town's method of transforming its unruly teens into upstanding citizens.
Jane Austen's Mafia!,Takeoff on the Godfather with the son of a mafia king taking over for his dying father
Saving Private Ryan,"Following the Normandy Landings, a group of U.S. soldiers go behind enemy lines to retrieve a paratrooper whose brothers have been killed in action."
Billy's Hollywood Screen Kiss,Billy is a gay fine-arts photographer who falls in love with straight coffee-shop waiter Gabriel.
"Million Dollar Duck, The (a.k.a. $1,000,000 Duck)","Professor Dooley takes home a duck from his research laboratory as a toy for his son, but soon finds out that it lays golden eggs."
"Barefoot Executive, The",A young man who works in the mailroom at a TV network wants to move up the corporate ladder but finds himself stymied by his selfish boss. By chance he discovers that his neighbor's ...
"Black Cauldron, The",A young boy and a bunch of misfit friends embark on a quest to find a dark magic item of ultimate power before a diabolical tyrant can.
"Black Hole, The","A research vessel finds a missing ship, commanded by a mysterious scientist, on the edge of a black hole."
Blackbeard's Ghost,"On the Carolina coast, Godolphin College's new track coach lodges at Blackbeard's Inn, run by the Daughters of the Buccaneers who claim to be descendants of the notorious pirate and who risk losing their hotel to the local mobster."
Blank Check,"By accident, the 12-year-old Preston is given a blank check and when he fills in $1,000,000 - he is able to get it! He is having fun spending the money, but the gangsters who owned it want ..."
Candleshoe,"Small-time crook Harry Bundage discovers that the old manor house where Lady St. Edmund resides, with three orphans and her butler Priory is the resting place for a hoard of treasure. ..."
"Cat from Outer Space, The","A UFO is stranded on earth and impounded by the US government. Its pilot, a cat with a collar that has special powers, including the ability to allow the cat to communicate with humans, has..."
Cheetah,"An American boy and girl, spending six months in Kenya with their scientist parents adopt a cheetah, only to realize that they must set it loose so that it can learn to hunt and be free. ..."
"Computer Wore Tennis Shoes, The","Some college students manage to persuade the town's big businessman, A. J. Arno, to donate a computer to their college. When the problem- student, Dexter Riley, tries to fix the computer, ..."
Condorman,Cartoonist Woody becomes the superhero he draws. Using his gadgets he helps a Soviet spy defect to the West.
D2: The Mighty Ducks,"Gordon Bombay is forced to withdraw from the minor hockey league with a knee injury. Much to his surprise, he is given the job of coach of Team USA Hockey for the Junior Goodwill Games in ..."
Darby O'Gill and the Little People,A wily old codger matches wits with the king of the leprechauns and helps play matchmaker for his daughter and the strapping lad who has replaced him as caretaker.
"Devil and Max Devlin, The","When Max dies in an accident, he goes straight to hell. But the devil Barney makes him an offer: if he manages to get three innocent youths to sell him their souls in the next two months, ..."
"Far Off Place, A",The witty Nonni and the stuck-up city-boy Harry are the only ones to survive a massacre of a gang of poachers among the gamekeeper's family on his lonesome farm in the savanna. Now the ...
Flight of the Navigator,"In 1978, a boy is moved 8 years into the future and has an adventure with the alien ship that is responsible for that."
"Gnome-Mobile, The","An eccentric millionaire and his grandchildren are embroiled in the plights of some forest gnomes who are searching for the rest of their tribe. While helping them, the millionaire is ..."
"Great Mouse Detective, The","Basil, the rodent Sherlock Holmes, investigates the kidnapping of a toy-maker and uncovers its link to his arch-enemy, Professor Ratigan."
"Happiest Millionaire, The","A happy and unbelievably lucky young Irish immigrant, John Lawless, lands a job as the butler of an unconventional millionaire, Biddle. His daughter, Cordelia Drexel Biddle, tires of the ..."
Herbie Goes Bananas,The adorable little VW helps its owners break up a counterfeiting ring in Mexico.
Herbie Goes to Monte Carlo,"Herbie, the Volkswagen Beetle with a mind of its own, is racing in the Monte Carlo Rally. Unbeknownst to Herbie's driver, thieves have hidden a cache of stolen diamonds in Herbie's gas tank, and are now trying to get them back."
Hocus Pocus,"After three centuries, three witch sisters are resurrected in Salem, Massachusetts on Halloween night, and it is up to two teenagers, a young girl and an immortal cat to put an end to the witches' reign of terror once and for all."
"Honey, I Blew Up the Kid","The Szalinski family is back, this time hilarious disaster strikes when an experiment causes their new toddler son to grow many stories tall."
"Honey, I Shrunk the Kids",The scientist father of a teenage girl and boy accidentally shrinks his and two other neighborhood teens to the size of insects. Now the teens must fight diminutive dangers as the father searches for them.
Hot Lead and Cold Feet,This saga of the old west involves twin brothers who compete for possession of a rickety cow town founded by their father while a crooked mayor tries to put an end to the competitors so he can inherit the town himself.
In Search of the Castaways,"In 19th century England, young Mary Grant and her brother, Robert, embark on a dangerous quest to find their missing father, a sea captain who vanished somewhere along the Chilean coast."
"Incredible Journey, The","The story of three pets, a cat and two dogs, who lose their owners when they are all on vacation. Can they find their way home?"
"Negotiator, The","In a desperate attempt to prove his innocence, a skilled police negotiator accused of corruption and murder takes hostages in a government office to gain the time he needs to find the truth."
"Parent Trap, The","Identical twins, separated at birth and each raised by one of their biological parents, discover each other for the first time at summer camp and make a plan to bring their wayward parents back together."
BASEketball,"Two childhood friends are pro athletes of a national sport called BASEketball, a hybrid of baseball and basketball, and must deal with a greedy businessman scheming against their team."
"Governess, The","When the father of privileged Rosina da Silva violently dies, she decides to pass herself off as a gentile and finds employment with a family in faraway Scotland. Soon she and the family ..."
"Seventh Heaven (Septième ciel, Le)",The slightly kleptomanic 29-year-old Mathilde is experiencing strange swoonings since a few days. There she encounters a mysterious doctor who treats her with hypnosis therapy. As she gets ...
Roger & Me,"Director Michael Moore pursues GM CEO Roger Smith to confront him about the harm he did to Flint, Michigan with his massive downsizing."
"Purple Rose of Cairo, The","In 1930s New Jersey, a movie character walks off the screen and into the real world."
Out of the Past,"A private eye escapes his past to run a gas station in a small town, but his past catches up with him. Now he must return to the big city world of danger, corruption, double crosses and duplicitous dames."
Doctor Zhivago,"The life of a Russian physician and poet who, although married to another, falls in love with a political activist's wife and experiences hardship during the First World War and then the October Revolution."
Fanny and Alexander (Fanny och Alexander),"Two young Swedish children experience the many comedies and tragedies of their family, the Ekdahls."
"Trip to Bountiful, The","In 1940s Texas, an elderly woman is determined to visit her childhood home for one last time."
Tender Mercies,"A broken-down, middle-aged country singer gets a new wife, reaches out to his long-lost daughter, and tries to put his troubled life back together."
And the Band Played On,The story of the discovery of the AIDS epidemic and the political infighting of the scientific community hampering the early fight with it.
"'burbs, The",An overstressed suburbanite and two of his neighbors struggle to prove their paranoid theory that the new family on the block are part of a murderous cult.
Fandango,"Five college buddies from the University of Texas circa 1971 embark on a final road trip odyssey across the Mexican border before facing up to uncertain futures, in Vietnam and otherwise."
"Night Porter, The (Portiere di notte, Il)","After a chance meeting at a hotel in 1957, a Holocaust survivor and the Nazi officer who tortured her resume their sadomasochistic relationship."
Mephisto,A German stage actor finds unexpected success and mixed blessings in the popularity of his performance in a Faustian play as the Nazis take power in pre-WWII Germany. As his associates and ...
Blue Velvet,"The discovery of a severed human ear found in a field leads a young man on an investigation related to a beautiful, mysterious nightclub singer and a group of psychopathic criminals who have kidnapped her child."
"Journey of Natty Gann, The","In the 1930s, a tomboyish girl runs away from her guardian to join her single father who is 2,000 miles away, because there was work there."
"Jungle Book, The",Bagheera the Panther and Baloo the Bear have a difficult time trying to convince a boy to leave the jungle for human civilization.
Kidnapped,"In Scotland in 1751, young David Balfour is shanghaied aboard a ship where he meets Jacobite rebel Alan Breck Stewart with whom he escapes to the Scottish Highlands, dodging the redcoats."
Lady and the Tramp,The romantic tale of a sheltered uptown Cocker Spaniel dog and a streetwise downtown Mutt.
"Little Mermaid, The",A mermaid princess makes a Faustian bargain with an unscrupulous sea-witch in order to meet a human prince on land.
"Mighty Ducks, The",A self-centered lawyer is sentenced to community service coaching a rag tag youth hockey team.
"Muppet Christmas Carol, The",The Muppet characters tell their version of the classic tale of an old and bitter miser's redemption on Christmas Eve.
Newsies,A musical based on the New York City newsboy strike of 1899. When young newspaper sellers are exploited beyond reason by their bosses they set out to enact change and are met by the ruthlessness of big business.
101 Dalmatians (One Hundred and One Dalmatians),"When a litter of dalmatian puppies are abducted by the minions of Cruella De Vil, the parents must find them before she uses them for a diabolical fashion statement."
One Magic Christmas,"An angel must show a mother the true meaning of Christmas. It's not just presents and materialistic things, but the people she cares about."
Peter Pan,"Wendy and her brothers are whisked away to the magical world of Neverland with the hero of their stories, Peter Pan."
Popeye,The adventures of the sailor man and his friends in the seaside town of Sweethaven.
"Rescuers Down Under, The","The R.A.S. agents, Miss Bianca and Bernard, race to Australia to save a boy and a rare golden eagle from a murderous poacher."
"Rescuers, The",Two mice of the Rescue Aid Society search for a little girl kidnapped by unscrupulous treasure hunters.
Return from Witch Mountain,"Tia and her brother Tony have supernatural powers, can communicate and move things with the power of their mind alone. They arrive on Earth for a visit in Los Angeles. When Tony uses his ..."
"Return of Jafar, The","Jafar comes for revenge on Aladdin, using a foolish thief and Iago's treachery to find a way back into power."
Return to Oz,"Dorothy, saved from a psychiatric experiment by a mysterious girl, is somehow called back to Oz when a vain witch and the Nome King destroy everything that makes the magical land beautiful."
"Rocketeer, The",A young pilot stumbles onto a prototype jetpack that allows him to become a high flying masked hero.
"Shaggy D.A., The",A lawyer makes an interesting discovery that could affect his chances of getting elected to office.
Sleeping Beauty,"After being snubbed by the royal family, a malevolent fairy places a curse on a princess which only a prince can break, along with the help of three good fairies."
Something Wicked This Way Comes,"In a small American town, a diabolical circus and its demonic proprietor prey on the townsfolk."
Son of Flubber,"When Professor Brainard experiments further on Flubber derivatives, he gets in trouble and only his students can help."
Song of the South,"The kindly story-teller Uncle Remus tells a young boy stories about trickster Br'er Rabbit, who outwits Br'er Fox and slow-witted Br'er Bear."
Splash,A young man is reunited with a mermaid who saves him from drowning as a boy and falls in love not knowing who/what she is.
Squanto: A Warrior's Tale,Historically inaccurate chronicle of Squanto's life prior to and including the arrival of the Mayflower in 1620.
Steamboat Willie,"Mickey Mouse, piloting a steamboat, delights his passenger, Minnie, by making musical instruments out of the menagerie on deck."
Tall Tale,A young boy draws on the inspiration of legendary western characters to find the strength to fight an evil land baron in the old west who wants to steal his family's farm and destroy their ...
Tex,"Coming-of-age adventure about two teenage brothers and their struggles to grow up, on their own, after their mother dies and their father leaves them."
Tron,A computer hacker is abducted into the digital world and forced to participate in gladiatorial games where his only chance of escape is with the help of a heroic security program.
Swing Kids,The story of a close-knit group of young kids in Nazi Germany who listen to banned swing music from the US. Soon dancing and fun leads to more difficult choices as the Nazis begin ...
Halloween H20: 20 Years Later (Halloween 7: The Revenge of Laurie Strode),"Laurie Strode, now the dean of a Northern California private school with an assumed name, must battle the Shape one last time and now the life of her own son hangs in the balance."
L.A. Story,"With the help of a talking freeway billboard, a wacky weatherman tries to win the heart of an English newspaper reporter, who is struggling to make sense of the strange world of early-90s Los Angeles."
"Jerk, The",An idiotic man struggles to make it through life on his own in St. Louis.
Dead Men Don't Wear Plaid,Film noir parody with a detective uncovering a sinister plot. Characters from real noirs appear as scenes from various films are intercut.
"Man with Two Brains, The",Steve Martin comedy about brain transplantation.
Grand Canyon,Grand Canyon revolved around six residents from different backgrounds whose lives intertwine in modern-day Los Angeles. At the center of the film is the unlikely friendship of two men from ...
Graveyard Shift (Stephen King's Graveyard Shift),"In a very old textile mill, with a serious rat infestation, the workers discover a horrifying secret deep in the basement."
"Outsiders, The","The rivalry between two gangs, the poor greasers and the rich Socs, only heats up when one gang member kills a member of the other."
Indiana Jones and the Temple of Doom,"After arriving in India, Indiana Jones is asked by a desperate village to find a mystical stone. He agrees, and stumbles upon a secret cult plotting a terrible plan in the catacombs of an ancient palace."
"Lord of the Rings, The",The Fellowship of the Ring embark on a journey to destroy the One Ring and end Sauron's reign over Middle-earth.
1984 (Nineteen Eighty-Four),George Orwell's novel of a totalitarian future society in which a man whose daily work is rewriting history tries to rebel by falling in love.
"Dead Zone, The",A man awakens from a coma to discover he has a psychic detective ability.
Maximum Overdrive,A group of people try to survive when machines start to come alive and become homicidal.
Needful Things,"A mysterious new shop opens in a small town which always seems to stock the deepest desires of each shopper, with a price far heavier than expected."
Cujo,A friendly St. Bernard named Cujo contracts rabies and conducts a reign of terror on a small American town.
Children of the Corn,A young couple is trapped in a remote town where a dangerous religious cult of children believe everyone over the age of 18 must be killed.
All Dogs Go to Heaven,A dog returns from the dead looking for revenge on his killer using an orphan girl who can talk to animals.
"Addams Family, The",Con artists plan to fleece the eccentric family using an accomplice who claims to be their long lost Uncle Fester.
Ever After: A Cinderella Story,The real story of Cinderella. A refreshing new take on the classic fairy tale.
Snake Eyes,A shady police detective finds himself in the middle of a murder conspiracy at an important boxing match in an Atlantic City casino.
Safe Men,"Two untalented singers are mistaken for a pair of major league safe crackers in Providence, Rhode Island. The two are pressed into service by the local hoodlums and quickly find themselves ..."
Atlantic City,"In a corrupt city, a small-time gangster and the estranged wife of a pot dealer finds themselves thrown together in an escapade of love, money, drugs, and danger."
Autumn Sonata (Höstsonaten),"A married daughter who longs for her mother's love gets visited by the latter, a successful concert pianist."
Who's Afraid of Virginia Woolf?,"A bitter, aging couple, with the help of alcohol, use a young couple to fuel anguish and emotional pain towards each other."
Adventures in Babysitting,"A babysitter must leave her safe suburban surroundings and head for the heart of the big city to rescue a stranded friend, unaware of the perilous adventures that await her and the kids she's looking after who have tagged along."
Weird Science,"Two high school nerds attempt to create the perfect woman, but she turns out to be more than that."
Doctor Dolittle,"After the animal communicating veterinarian goes too far for his clientèle, he and his friends escape their hometown to sea in search of the Great Pink Sea Snail."
"Nutty Professor, The","To improve his social life, a nerdish professor drinks a potion that temporarily turns him into the handsome, but obnoxious, Buddy Love."
Charlotte's Web,A gentle and wise grey spider with a flair for promotion pledges to save a young pig from slaughter for dinner food.
Watership Down,A group of rabbits flee their doomed warren and face many dangers to find and protect their new home.
"Secret of NIMH, The","To save her ill son, a field mouse must seek the aid of a colony of rats, with whom she has a deeper link than she ever suspected."
"Dark Crystal, The","On another planet in the distant past, a Gelfling embarks on a quest to find the missing shard of a magical crystal, and so restore order to his world."
"American Tail, An","While emigrating to the United States, a young Russian mouse gets separated from his family and must relocate them while trying to survive in a new country."
"American Tail: Fievel Goes West, An","A family of Emigre mice decide to move out to the west, unaware that they are falling into a trap perpetrated by a smooth talking cat."
Legend,A young man must stop the Lord of Darkness from both destroying daylight and marrying the woman he loves.
Sixteen Candles,A young girl's sweet sixteenth birthday becomes anything but special as she suffers from every embarrassment possible.
Pretty in Pink,A poor girl must choose between the affections of her doting childhood sweetheart and a rich but sensitive playboy.
St. Elmo's Fire,"A group of friends, just out of college, struggle with adulthood."
"Clan of the Cave Bear, The",A young Cro-Magnon woman is raised by Neanderthals.
House,A troubled writer moves into a haunted house after inheriting it from his aunt.
House II: The Second Story,The new owner of a sinister house gets involved with reanimated corpses and demons searching for an ancient Aztec skull with magic powers.
"Gods Must Be Crazy, The","A comic allegory about a traveling Bushman who encounters modern civilization and its stranger aspects, including a clumsy scientist and a band of revolutionaries."
"Gods Must Be Crazy II, The","Xixo is back again. This time, his children accidentally stow away on a fast-moving poachers' truck, unable to get off, and Xixo sets out to rescue them. Along the way, he encounters a ..."
Air Bud: Golden Receiver,Story of a golden retriever who can play football.
"Avengers, The",Two British agents (John Steed and Emma Peel) team up to stop Sir August De Wynter from destroying the world with a weather changing machine.
How Stella Got Her Groove Back,"Stella is a highly successful, forty-something San Francisco stock broker who is persuaded by her colorful New York girlfriend Delilah to take a well deserved, first-class vacation to ..."
"Slums of Beverly Hills, The",This semiautobiographical story follows a lower-middle-class teenager (Lyonne) and her neurotic family in 1976 Tinseltown.
Henry: Portrait of a Serial Killer,"Based on the true life serial killer, Henry Lee Lucas."
Rosemary's Baby,"A young couple move into an apartment, only to be surrounded by peculiar neighbors and occurrences. When the wife becomes mysteriously pregnant, paranoia over the safety of her unborn child begins to control her life."
"NeverEnding Story, The",A troubled boy dives into a wonderous fantasy world through the pages of a mysterious book.
"NeverEnding Story II: The Next Chapter, The",A young boy with a distant father enters a world of make-believe and magic through a portal within an antique book.
Attack of the Killer Tomatoes!,A group of scientists band together to save the world from mutated tomatoes that KILL!
Surf Nazis Must Die,"When the son of a gun-wielding woman is murdered by neo-Nazi surf punks in the post-apocalyptic future, his Mama hunts them down for some bloodthirsty revenge."
Your Friends and Neighbors,Unhappy couples fall apart and hop into other beds with other people.
Return to Paradise,Two friends must choose whether to help a third friend who was arrested in Malaysia for drug possession.
Blade,"A half-vampire, half-mortal man becomes a protector of the mortal race, while slaying evil vampires."
Dance with Me,"Young Cuban Rafael just buried his mother, and comes to Houston to meet his father John for the first time. The difficult part is that John doesn't know he is Rafael's father. John runs a ..."
Dead Man on Campus,"Two college roommates go out and party, resulting in bad grades. They learn of the clause that says, If your roommate dies, you get an A, and decide to find someone who is on the verge, so to speak, to move in with them."
Wrongfully Accused,"Ryan Harrison is framed for murder and must prove himself innocent by finding a mysterious one-eyed, one-armed, one-legged man after escaping from a bus accident on the way to jail."
Next Stop Wonderland,"An unlucky in love nurse finds her life taking a detour when her mother places a personals ad in the paper, while on the other side of Boston, a plumber is trying to change careers."
"Navigator: A Mediaeval Odyssey, The","Men seeking relief from the Black Death, guided by a boy's vision, dig a tunnel from 14th century England to 20th century New Zealand."
Beetlejuice,A couple of recently deceased ghosts contract the services of a bio-exorcist in order to remove the obnoxious new owners of their house.
Rope,"Two young men strangle their inferior classmate, hide his body in their apartment, and invite his friends and family to a dinner party as a means to challenge the perfection of their crime."
Family Plot,Lighthearted suspense film about a phony psychic/con artist and her taxi driver/private investigator boyfriend who encounter a pair of serial kidnappers while trailing a missing heir in California.
Frenzy,"A serial murderer is strangling women with a necktie. The London police have a suspect, but he is the wrong man."
Torn Curtain,An American scientist publicly defects to East Germany as part of a cloak and dagger mission to find the solution for a formula resin and then figuring out a plan to escape back to the West.
Marnie,"Mark marries Marnie although she is a habitual thief and has serious psychological problems, and tries to help her confront and resolve them."
"Wrong Man, The",True story of an innocent man mistaken for a criminal.
"Man Who Knew Too Much, The",A family vacationing in Morocco accidentally stumble on to an assassination plot and the conspirators are determined to prevent them from interfering.
"Trouble with Harry, The","The trouble with Harry is that he's dead, and everyone seems to have a different idea of what needs to be done with his body..."
Strangers on a Train,A psychotic socialite confronts a pro tennis star with a theory on how two complete strangers can get away with murder - a theory that he plans to implement.
Stage Fright,A struggling actress tries to help a friend prove his innocence when he's accused of murdering the husband of a high society entertainer.
54,Famous 70s NYC nightclub seen and told through the eyes of a young employee.
I Married A Strange Person!,"A newlywed develops a strange lump on his neck that gives him the ability to transform people or objects at will. His wife is very upset. Meanwhile, the CEO of Smilecorp learns of this man ..."
Why Do Fools Fall In Love?,"Three women each claim to be the widow of 1950s doo-wop singer Frankie Lymon, claiming legal rights to his estate."
"Merry War, A","Gordon Comstock is a copywriter at an ad agency, and his girlfriend Rosemary is a designer. Gordon believes he is a genius, a marvelous poet and quits the ad agency, trying to live on his ..."
Willow,A reluctant dwarf must play a critical role in protecting a special baby from an evil queen.
"Untouchables, The","Federal Agent Eliot Ness sets out to stop Al Capone; because of rampant corruption, he assembles a small, hand-picked team."
Dirty Work,A loser finds success in the revenge-for-hire business.
Firelight,"In 1838, lovely governess Elisabeth agrees to bear a child of anonymous English landowner, and he will in return pay her father's debt. At birth she, as agreed, gives up the child. Seven ..."
Under Capricorn,"A young gentleman goes to Australia where he reunites with his now married childhood sweetheart, only to find out she has become an alcoholic and harbors dark secrets."
"Paradine Case, The",A happily married London barrister falls in love with the accused poisoner he is defending.
Lifeboat,Several survivors of a torpedoed ship find themselves in the same boat with one of the men who sunk it.
Shadow of a Doubt,A young woman discovers her visiting Uncle Charlie may not be the man he seems to be.
Saboteur,Aircraft factory worker Barry Kane goes on the run across the United States when he is wrongly accused of starting a fire that killed his best friend.
Mr. & Mrs. Smith,"Not a typical Hitchcock movie, this is a comedy about a couple who learn that their marriage was not valid."
Suspicion,"A shy young heiress marries a charming gentleman, and soon begins to suspect he is planning to murder her."
Jamaica Inn,"In Cornwall in 1819, a young woman discovers that she's living near a gang of criminals who arrange shipwrecks for profit."
"Lady Vanishes, The","While traveling in continental Europe, a rich young playgirl realizes that an elderly lady seems to have disappeared from the train."
Sabotage,"A Scotland Yard undercover detective is on the trail of a saboteur who is part of a plot to set off a bomb in London. But when the detective's cover is blown, the plot begins to unravel."
"Man Who Knew Too Much, The","A man and his wife receive a clue to an imminent assassination attempt, only to learn that their daughter has been kidnapped to keep them quiet."
Number Seventeen (a.k.a. Number 17),"A gang of thieves gather at a safe house following a robbery, but a detective is on their trail."
Rich and Strange,"Believing that an unexpected inheritance will bring them happiness, a married couple instead finds their relationship strained to the breaking point."
Murder!,"A juror in a murder trial, after voting to convict, has second thoughts and begins to investigate on his own before the execution."
Blackmail,"After killing a man in self-defence, a young woman is blackmailed by a witness to the killing."
"Lodger: A Story of the London Fog, The",A landlady suspects her new lodger is the madman killing women in London.
Rounders,A young man is a reformed gambler who must return to playing big stakes poker to help a friend pay off loan sharks.
Cube,7 complete strangers of widely varying personality characteristics are involuntarily placed in an endless kafkaesque maze containing deadly traps.
Simon Birch,A young boy with stunted growth is convinced that God has a great purpose for him.
Without Limits,"The film follows the life of famous 1970s runner Steve Prefontaine from his youth days in Oregon to the University of Oregon where he worked with the legendary coach Bill Bowerman, later to..."
Seven Beauties (Pasqualino Settebellezze),"The defense of honor, a strong value in Neapolitan society, and his effects on the life of everyman Pasquale Frafuso."
Swept Away (Travolti da un insolito destino nell'azzurro mare d'Agosto),A trip into the Mediterranean sea becomes a trip into the discovery of how society's frameworks of the rich and poor are delicate and temporary.
My Bodyguard,"When a boy comes to a new school and gets harassed by a bully, he acquires the services of the school's most feared kid as a bodyguard."
Class,"A young boy in private school spends one crazy night out, but soon realizes the woman he hooked up with is not who he expected."
Broadcast News,"Take two rival TV reporters: one handsome, one talented, both male. Add one producer, female. Mix well and watch the sparks fly."
"Allnighter, The","Molly, Val and Gina are graduating college, but on their final night, frustrations are aired. Molly is still looking for real love and Val is beginning to doubt if that is what she's found...."
Working Girl,"When a secretary's idea is stolen by her boss, she seizes an opportunity to steal it back by pretending she has her boss's job."
Stars and Bars,A British art expert travels across America in order to purchase a rare Renoir painting in the South but comes across some crazy characters in the process.
Married to the Mob,An undercover FBI agent falls in love with a recently widowed mafia wife seeking to start her life over after her husband's murder and who is also pursued by a libidinous mafia kingpin seeking to claim her for himself.
Say Anything...,A noble underachiever and a beautiful valedictorian fall in love the summer before she goes off to college.
My Blue Heaven,"An all too uptight FBI agent must protect a larger than life mobster with a heart of gold, currently under witness protection in the suburbs."
Men Don't Leave,"A mother of two sons finds life considerably difficult on her own after the death of her beloved husband. Due to debt she must move them to Baltimore, and deal with the hardships and all ..."
Hero,"A not-so-nice man rescues passengers from a crashed airliner, only to see someone else take credit."
Toys,"When a military general inherits a toy making company and begins making war toys, his employees band together to stop him before he ruins the name of Zevo Toys forever."
Choices,"Partially deaf teenager Carafotes becomes alienated when prevented from playing football because of his handicap. He must deal with his parents, coach, teammates, his new girlfried and a ..."
Young Doctors in Love,An 'Airplane'-style spoof of hospital soap operas: a brilliant young trainee can't stand the sight of blood; a doctor romances the head nurse in order to get the key to the drugs cabinet; ...
Parasite,"Paul Dean has created a deadly parasite that is now attached to his stomach. He and his female companion, Patricia Welles, must find a way to destroy it while also trying to avoid Ricus, ..."
No Small Affair,"The 16 years old amateur photographer Charles accidentally takes a photo of Laura - and falls in love with her, when he develops the picture. He finds out that she works as singer in a bar,..."
Blame It on Rio,Best friends and their daughters holiday in Rio only for one to fall for the other's daughter.
Wisdom,"Unable to find work after a past felony, graduate John Wisdom and his girlfriend embark on a cross-country bank-robbing spree in order to aid American farmers."
One Crazy Summer,An aspiring teenage cartoonist and his friends come to the aid of a singer trying to save her family property from developers.
About Last Night...,"A man and woman meet and try to have a romantic affair, despite their personal problems and the interference of their disapproving friends."
"Seventh Sign, The","In Haiti, the sea and the life-form die; in the Middle East, a town is frozen. These are signs of the Apocalypse and the Vatican is investigating, but Father Lucci advises that these omens ..."
We're No Angels,Two escaped cons only prayer to escape is to pass themselves off as priests and pass by the police blockade at the border into the safety of Canada.
Nothing But Trouble,A businessman finds he and his friends the prisoners of a sadistic judge and his equally odd family in the backwoods of a bizarre mansion.
"Butcher's Wife, The","A clairvoyant thinks she's met her husband to be because she's seen him in her dreams. They marry quickly, and return to the husband's (the butcher), home in the city. She has a big ..."
Mortal Thoughts,"Cynthia comes forward to talk to detective John about the murder of her best friend's husband. The story is told as a series of flashbacks... James was a bullying, verbally and physically ..."
"Few Good Men, A",Neo military lawyer Kaffee defends Marines accused of murder; they contend they were acting under orders.
Indecent Proposal,"A Millionaire offers a $1,000,000 to a young married lovely couple for a night with the wife."
Permanent Midnight,"Comedy writer Jerry Stahl, whose $6000-a-week heroin habit had him taking his infant daughter along on his drug runs and doing smack during TV script conferences. Departing detox, Stahl ..."
One True Thing,A career woman reassesses her parents' lives after she is forced to care for her cancer-stricken mother.
Rush Hour,Two cops team up to get back a kidnapped daughter.
Six-String Samurai,"In the post-apocalyptic world of 1960s Nevada, a rock 'n' roll samurai takes a young boy under his protection."
"Soldier's Daughter Never Cries, A","This fictionalized story, based on the family life of writer James Jones, is an emotionless slice-of-life story. Jones here is portrayed as Bill Willis, a former war hero and now successful..."
Ronin,A freelancing former US intelligence agent tries to track down a mysterious package that is wanted by both the Irish and the Russians.
Urban Legend,A college student suspects a series of bizarre deaths are connected to certain urban legends.
Clay Pigeons,"Clay (as in the title) is a young man in a small town who witnesses his friend kill himself because of the ongoing affair that Clay was having with the man's wife. Feeling guilty, Clay now ..."
Pecker,A Baltimore sandwich shop employee becomes an overnight sensation when a photographer's photos he's taken of his weird family become the latest rage in the art world. The young man is ...
"Sheltering Sky, The","The American artist couple Port and Kit Moresby travel aimlessly through Africa, searching for new experiences that could give sense to their relationship. But the flight to distant regions only leads both deeper into despair."
Bandit Queen,The movie tells the story of the bandit queen Phoolan Devi who was sent to prison in 1983 and got free in 1994. During five years she was prosecuted by the Indian police and turned into a ...
If....,"In this allegorical story, a revolution led by pupil Mick Travis takes place at an old established private school in England."
"Fiendish Plot of Dr. Fu Manchu, The","Fu Manchu's 168th birthday celebration is dampened when a hapless flunky spills Fu's age-regressing elixir vitae. Fu sends his lackeys to round up ingredients for a new batch of elixir, ..."
Them!,The earliest atomic tests in New Mexico cause common ants to mutate into giant man-eating monsters that threaten civilization.
"Thing, The","It's the first week of winter in 1982. An American Research Base is greeted by an alien force, that can assimilate anything it touches. It's up to the members to stay alive, and be sure of who is human, and who has become one of the Things."
"Player, The",A Hollywood studio executive is being sent death threats by a writer whose script he rejected - but which one?
Stardust Memories,"While attending a retrospective of his work, a filmmaker recalls his life and his loves: the inspirations for his films."
Edward Scissorhands,"A gentle man, with scissors for hands, is brought into a new community after living in isolation."
Overnight Delivery,"A man suspects his girlfriend of being unfaithful. So he sends her a letter, but than finds out that he was wrong. He has 24 hours to stop the package, prevent a disaster, and fall in love...."
Antz,A rather neurotic ant tries to break from his totalitarian society while trying to win the affection of the princess he loves.
"Impostors, The","In an attempt to resurrect the slapstick comedy of Laurel and Hardy or The Marx Brothers, Stanley Tucci and Oliver Platt team-up as two out-of-work actors who accidentally stowaway on a ..."
"Night at the Roxbury, A","Two dim-witted brothers dream of owning their own dance club or at least getting into the coolest and most exclusive club in town, The Roxbury."
What Dreams May Come,"After he dies in a car crash, a man searches heaven and hell for his beloved wife."
"Producers, The",Producers Max Bialystock and Leo Bloom make money by producing a sure-fire flop.
History of the World: Part I,Mel Brooks brings his one-of-a-kind comic touch to the history of mankind covering events from the Old Testament to the French Revolution in a series of episodic comedy vignettes.
My Cousin Vinny,"Two New Yorkers are accused of murder in rural Alabama while on their way back to college, and one of their cousins--an inexperienced, loudmouth lawyer not accustomed to Southern rules and manners--comes in to defend them."
Nashville,"Over the course of a few hectic days, numerous interrelated people prepare for a political convention as secrets and lies are surfaced and revealed."
Love Is the Devil,"Biography of British painter Francis Bacon focuses on his relationship with his lover, George Dyer, a former small time crook."
Slam,"Slam tells the story of Ray Joshua, an original, gifted young MC trapped in a war-zone housing project known as Dodge City. Unable to find a job, Ray copes with the despair and poverty of ..."
Holy Man,"Eddie Murphy stars as an over-the-top television evangelist who finds a way to turn television home shopping into a religious experience, and takes America by storm."
One Tough Cop,"A detective tries to remain loyal to his partner, and his best friend - a mobster."
"Mighty, The","This tells the story of a strong friendship between a young boy with Morquio's syndrome and an older boy who is always bullied because of his size. Adapted from the novel, Freak the Mighty,..."
2010: The Year We Make Contact,A joint U.S.-Soviet expedition is sent to Jupiter to learn what happened to the Discovery.
Children of a Lesser God,"James is a new speech teacher at a school for the deaf. He falls for Sarah, a pupil who decided to stay on at the school rather than venture into the big bad world. She shuns him at first, ..."
"Elephant Man, The","A Victorian surgeon rescues a heavily disfigured man who is mistreated while scraping a living as a side-show freak. Behind his monstrous facade, there is revealed a person of intelligence and sensitivity."
Beloved,"Based on the book by Toni Morrison, in which a slave is visited by the spirit of her deceased daughter."
Bride of Chucky (Child's Play 4),"Chucky, the doll possessed by a serial killer, discovers the perfect mate to kill and revive into the body of another doll."
Practical Magic,"The wry, comic romantic tale follows the Owens sisters, Sally and Gillian, as they struggle to use their hereditary gift for practical magic to overcome the obstacles in discovering true love."
Happiness,"The lives of many individuals connected by the desire for happiness, often from sources usually considered dark or evil."
Apt Pupil,A boy blackmails his neighbour after suspecting him to be a Nazi war criminal.
Pleasantville,Two 1990s teenagers find themselves in a 1950s sitcom where their influence begins to profoundly change that complacent world.
Soldier,A soldier is dumped on a waste disposal planet and lives among a community of crash survivors on the planet and takes it upon himself to defend his new home when genetic engineered soldiers are ordered to eliminate the crash survivors.
"Cruise, The","Affectionate portrait of Tim Speed Levitch, a tour guide for Manhattan's Gray Line double-decker buses. He talks fast, is in love with the city, and dispenses historical facts, ..."
Life Is Beautiful (La Vita è bella),"When an open-minded Jewish librarian and his son become victims of the Holocaust, he uses a perfect mixture of will, humor and imagination to protect his son from the dangers around their camp."
Orgazmo,Naive young Mormon Joe Young is recruited to act in porn movies.
Tales from the Darkside: The Movie,"In anthology style, a child tells three stories of horror to keep from being eaten by a witch."
Vampires,"A vengeful vampire slayer must retrieve an ancient Catholic relic that, should it be acquired by vampires, will allow them to endure sunlight."
American History X,A former neo-nazi skinhead tries to prevent his younger brother from going down the same wrong path that he did.
Hands on a Hard Body,Twenty-four contestants compete in an endurance/sleep deprivation contest in order to win a brand new Nissan Hardbody truck. The last person to remain standing with his or her hand on the ...
Living Out Loud,"Judith Nelson quit her medical studies to marry. Years later, her husband, a physician, divorces her to be with another doctor. Deeply frustrated, she now lives alone in her luxury ..."
Gods and Monsters,The last days of Frankenstein (1931) director James Whale are explored.
"Siege, The",The secret US abduction of a suspected terrorist leads to a wave of terrorist attacks in New York that lead to the declaration of martial law.
"Waterboy, The",A waterboy for a college football team discovers he has a unique tackling ability and becomes a member of the team.
Elizabeth,A film of the early years of the reign of Elizabeth I of England and her difficult task of learning what is necessary to be a monarch.
Velvet Goldmine,"In 1984, British journalist Arthur Stuart investigates the career of 1970s glam superstar Brian Slade, who was heavily influenced in his early years by hard-living and rebellious American singer Curt Wild."
I Still Know What You Did Last Summer,"The murderous fisherman with a hook is back to once again stalk the two surviving teens, Julie and Ray, who left him for dead, as well as cause even more murder and mayhem, this time at a posh island resort."
I'll Be Home For Christmas,"A college student experiences difficulty in getting home for Christmas after being hazed by his friends. While struggling to get home in time for Christmas, he learns quite a bit about ..."
Meet Joe Black,"Death, who takes the form of a young man, asks a media mogul to act as a guide to teach him about life on Earth and in the process he falls in love with his guide's daughter."
Hard Core Logo,Bruce Macdonald follows punk bank Hard Core Logo on a harrowing last-gasp reunion tour throughout Western Canada. As magnetic lead-singer Joe Dick holds the whole magilla together through ...
Runaway Train,Two escaped convicts and a female railway worker find themselves trapped on a train with no brakes and nobody driving.
Desert Bloom,"The story involves Rose Chismore's youth. She flashes back and remembers her coming-of-age. Her recollections are sometimes less than sweet, particularly those of her troubled and alcoholic..."
"Stepford Wives, The","Joanna Eberhart has come to the quaint little town of Stepford, Connecticut with her family, but soon discovers there lies a sinister truth in the all too perfect behavior of the female residents."
"Pope of Greenwich Village, The",Charlie and his troublesome cousin Paulie decide to steal $150000 in order to back a sure thing race horse that Paulie has inside information on. The aftermath of the robbery gets them ...
Sid and Nancy,"Morbid biographical story of Sid Vicious, bassist with British punk group the Sex Pistols, and his girlfriend Nancy Spungen. When the Sex Pistols break up after their fateful US tour, ..."
Mona Lisa,"George has just been released from prison, and manages to get a job driving a call girl from customer to customer. Initially they don't get on; he doesn't fit in with the high class customers Simone services. Will they ever get on?"
Heart Condition,"A racist cop receives a heart transplant from a black lawyer he hates, who returns as a ghost to ask the cop to help take down the men who murdered him."
"Nights of Cabiria (Notti di Cabiria, Le)",A waifish prostitute wanders the streets of Rome looking for true love but finds only heartbreak.
"Big Chill, The",A group of seven former college friends gather for a weekend reunion at a South Carolina winter house after the funeral of one of their friends.
Enemy of the State,A lawyer becomes a target by a corrupt politician and his NSA goons when he accidentally receives key evidence to a serious politically motivated crime.
"Rugrats Movie, The","Tommy, Chuckie, Phil, Lil and newborn baby Dil get lost in the forest."
"Bug's Life, A","A misfit ant, looking for warriors to save his colony from greedy grasshoppers, recruits a group of bugs that turn out to be an inept circus troupe."
Celebrity,The fortunes of a husband and wife differ drastically after they divorce.
Central Station (Central do Brasil),"An emotive journey of a former school teacher, who writes letters for illiterate people, and a young boy, whose mother has just died, as they search for the father he never knew."
Waking Ned Devine (a.k.a. Waking Ned),"When a lottery winner dies of shock, his fellow townsfolk attempt to claim the money."
"Celebration, The (Festen)","At Helge's 60th birthday party, some unpleasant family truths are revealed."
Pink Flamingos,"Notorious Baltimore criminal and underground figure Divine goes up against Connie & Raymond Marble, a sleazy married couple who make a passionate attempt to humiliate her and seize her tabloid-given title as The Filthiest Person Alive."
Glen or Glenda,"A psychiatrist tells two stories: one of a transvestite (Glen or Glenda), the other of a pseudohermaphrodite (Alan or Anne)."
Godzilla (Gojira),"American nuclear weapons testing results in the creation of a seemingly unstoppable, dinosaur-like beast."
"Godzilla 1985: The Legend Is Reborn (Gojira) (Godzilla) (Return of Godzilla, The)","Thirty years after the original monster's rampage, a new Godzilla emerges and attacks Japan."
King Kong vs. Godzilla (Kingukongu tai Gojira),"A pharmaceutical company captures King Kong and brings him to Japan, where he escapes from captivity and battles a recently released Godzilla."
King Kong,A film crew goes to a tropical island for an exotic location shoot and discovers a colossal giant gorilla who takes a shine to their female blonde star. Then he's captured and brought back to New York City for public exhibition.
King Kong,A petroleum exploration expedition comes to an isolated island and encounters a colossal giant gorilla.
King Kong Lives,"Kong falls from the twin towers and he appears to be alive. However, his heart is failing, so it's replaced with an artificial one. All is well until he senses that there's a female Kong somewhere out there and escapes wreaking havoc."
Desperately Seeking Susan,"A bored suburban housewife, seeking adventure to her life, accidentally gets hit on the head, wakes up with amnesia, and is mistaken for a free-spirited New York City drifter named Susan."
"Emerald Forest, The","After the son of engineer Bill Markham is abducted by an aboriginal tribe on the edge of the rain forest, the engineer spends the next 10 years searching for him."
Fletch,"Irwin M. Fletch Fletcher is a newspaper reporter being offered a large sum to off a cancerous millionaire, but is on the run, risking his job, and finding clues when it's clear the man is healthy."
Fletch Lives,"Fletch is a reporter for a Los Angeles newspaper, but he acts more like a detective. When an obscure relative leaves him a Louisiana mansion in his will, Fletch is naturally curious. ..."
Red Sonja,A vengeful woman sets out to retrieve a magic orb from an evil queen whom she vows vengeance upon after the evil queen slain her family and her loyal warriors raped her.
Gung Ho,"When a Japanese car company buys an American plant, the American liaison must mediate the clash of work attitudes between the foreign management and native labor."
"Money Pit, The",A young couple struggles to repair a hopelessly dilapidated house.
"View to a Kill, A",An investigation of a horse-racing scam leads 007 to a mad industrialist who plans to create a worldwide microchip monopoly by destroying California's Silicon Valley.
Lifeforce,A race of space vampires arrive in London and infect the populace.
Police Academy,"A group of good-hearted but incompetent misfits enter the police academy, but the instructors there are not going to put up with their pranks."
Police Academy 2: Their First Assignment,When a new gang moves into town it's up to the screwball police team to stop them.
Police Academy 3: Back in Training,The alumni of Commandant Lassard's Police Academy (1984) return to the school to train new recruits and prevent its closure.
Police Academy 4: Citizens on Patrol,The misfit Police Academy (1984) graduates now are assigned to train a group of civilian volunteers to fight crime once again plaguing the streets.
Police Academy 5: Assignment: Miami Beach,"The old Commandant Lassard, leader of the Police Academy (1984), goes to Florida to receive an award. In the city arrives also the cynic Captain Harris who wants to take Lassard's job. ..."
Police Academy 6: City Under Siege,Those bumbling cadets take to the streets when three inept goons successfully orchestrate a metropolitan crime wave.
Babe: Pig in the City,"Babe, fresh from his victory in the sheepherding contest, returns to Farmer Hoggett's farm, but after Farmer Hoggett is injured and unable to work, Babe has to go to the big city to save the farm."
Home Fries,Pregnant Sally unknowingly falls for the stepson of the deceased father of her baby and has to deal with his homicidal family.
Jerry Springer: Ringmaster,"Jerry Springer stars as more or less himself, the host of a raunchy, controversial and popular Los Angeles talk show which features everyday people with problems and who frequently vent ..."
Very Bad Things,A prostitute is killed during a bachelor party and the attendees turn on each other as the wedding approaches.
Steam: The Turkish Bath (Hamam),"Francesco and Marta are husband and wife running a small design company in Rome. When Francesco's long forgotten Aunt Anita dies in Istanbul, he travels there to look after the sale of the ..."
Psycho,A young female embezzeler arrives at the Bates Motel which has terrible secrets of its own.
Little Voice,"The pathetically shy LV lives the life of a recluse listening to her late father's old records in her room and in the process driving her abusive, loud-mouthed mother, Mari Hoff, to ..."
"Simple Plan, A",When three blue collar acquaintances come across millions of dollars in lost cash they make a plan to keep their find from the authorities but find complications and mistrust weaving its way into their plan.
Jack Frost,"A father, who can't keep his promises, dies in a car accident. One year later, he returns as a snowman, who has the final chance to put things right with his son before he is gone forever."
Star Trek: Insurrection,"When the crew of the Enterprise learn of a Federation conspiracy against the inhabitants of a unique planet, Captain Picard begins an open rebellion."
"Prince of Egypt, The","An Egyptian prince learns of his identity as a Hebrew and, later his destiny to become the chosen deliverer of his people."
Rushmore,The extracurricular king of Rushmore preparatory school is put on academic probation.
Shakespeare in Love,"A young Shakespeare, out of ideas and short of cash, meets his ideal woman and is inspired to write one of his most famous plays."
Mass Appeal,A popular Connecticut priest shields a seminary rebel from the wrath of a stern monsignor.
Miracle on 34th Street,"When a nice old man who claims to be Santa Claus is institutionalized as insane, a young lawyer decides to defend him by arguing in court that he is the real thing."
Santa Claus: The Movie,A peasant woodcutter becomes Santa Claus and later foils an evil toy manufacturer's scheme to take over Christmas.
Prancer,"A farm girl nurses a wounded reindeer she believes is one of Santa's, hoping to bring it back to health in time for Christmas. Her holiday spirit inspires those around her, something her disheartened father is having trouble understanding."
Pale Rider,A mysterious preacher protects a humble prospector village from a greedy mining company trying to encroach on their land.
Rambo: First Blood Part II,John Rambo is released from prison by the government for a top-secret covert mission to the last place on Earth he'd want to return - the jungles of Vietnam.
First Blood (Rambo: First Blood),"Former Green Beret John Rambo is pursued into the mountains surrounding a small town by a tyrannical sheriff and his deputies, forcing him to survive using his combat skills."
Rambo III,"When his friend Colonel Trautman is captured by Soviets during a mission in Afghanistan, John Rambo sets out to rescue him while taking on the brutal tyrant and his army who rule that region."
"Jewel of the Nile, The","This is the sequel to Romancing the Stone where Jack and Joan have their yacht and easy life, but are gradually getting bored with each other and this way of life. Joan accepts an ..."
Romancing the Stone,"A romance writer sets off to Colombia to ransom her kidnapped sister, and soon finds herself in the middle of a dangerous adventure."
Cocoon,"When a group of trespassing seniors swim in a pool containing alien cocoons, they find themselves energized with youthful vigour."
Cocoon: The Return,"The old age pensioners that left at the end of the first film come back to earth to visit their relatives. Will they all decide to go back to the planet where no-one grows old, or will they be tempted to stay back on earth?"
Rocky II,"Rocky struggles in family life after his bout with Apollo Creed, while the embarrassed champ insistently goads him to accept a challenge for a rematch."
Rocky III,"After winning the ultimate title and being the world champion, Rocky falls into a hole and finds himself picked up by a former enemy."
Rocky IV,"After iron man Drago, a highly intimidating 6-foot-5, 261-pound Soviet athlete, kills Apollo Creed in an exhibition match, Rocky comes to the heart of Russia for 15 pile-driving boxing rounds of revenge."
Rocky V,"Reluctantly retired from boxing and back from riches to rags, Rocky takes on a new protege who betrays him; As the champ's son must adjust to his family's new life after bankruptcy."
Clue,Six guests are invited to a strange house and must cooperate with the staff to solve a murder mystery.
Young Sherlock Holmes,"When assorted people start having inexplicable delusions that lead to their deaths, a teenage Sherlock Holmes decides to investigate."
Violets Are Blue...,"Young love may endure in your heart and one day re-ignite, but reality may soon dowse the flames."
Back to School,"To help his discouraged son get through college, a funloving and obnoxious rich businessman decides to enter the school as a student himself."
Heartburn,"An autobiographical look at the breakup of Ephron's marriage to Carl All the President's Men Bernstein that was also a best-selling novel. The Ephron character, Rachel is a food writer at..."
Nothing in Common,A successful ad man (Hanks) must juggle his ever-demanding career while his parents' marriage breaks up.
Extremities,A woman takes revenge on the man who invades her home and tries to rape her.
"Karate Kid, The",A handyman/martial arts master agrees to teach a bullied boy karate and shows him that there is more to the martial art than fighting.
"Karate Kid, Part II, The","Daniel accompanies his mentor to Okinawa who is off to see his dying father and confront his old rival, while Daniel inadvertently makes an enemy of his own."
"Karate Kid, Part III, The","Ostracised villain John Kreese attempts to gain revenge on Daniel and Miyagi, with the help of a Vietnam War comrade, the wealthy owner of a toxic waste disposal business."
Christmas Vacation (National Lampoon's Christmas Vacation),The Griswold family's plans for a big family Christmas predictably turn into a big disaster.
You've Got Mail,Two business rivals hate each other at the office but fall in love over the internet.
"General, The","The real-life story of Dublin folk hero and criminal Martin Cahill, who pulled off two daring robberies in Ireland with his team, but attracted unwanted attention from the police, the IRA, the UVF and members of his own team."
"Thin Red Line, The","Terrence Malick's adaptation of James Jones' autobiographical 1962 novel, focusing on the conflict at Guadalcanal during the second World War."
"Faculty, The",Students suspect that their teachers are aliens after bizarre occurrences.
Mighty Joe Young,A legendary fifteen-foot tall mountain gorilla named Joe is taken to an animal sanctuary in California by a zoologist and a young woman whom he grew up with. A poacher from the past returns to seek vengeance on him.
Mighty Joe Young,"In Africa, the girl Jill Young trades a baby gorilla with two natives and raises the animal. Twelve years later, the talkative and persuasive promoter Max O'Hara organizes a safari to ..."
Patch Adams,"The true story of a heroic man, Hunter Patch Adams, determined to become a medical doctor because he enjoys helping people. He ventured where no doctor had ventured before, using humour and pathos."
Stepmom,"A terminally ill woman has to settle on her former husband's new lover, who will be their children's stepmother."
"Civil Action, A","The families of children who died sue two companies for dumping toxic waste: a tort so expensive to prove, the case could bankrupt their lawyer."
Down in the Delta,Rosa Lynn sends her druggie daughter Loretta and her children Thomas and Tracy away from the big city to live with their uncle Earl in the ancestral home in rural Mississippi. Earl puts ...
Hurlyburly,Hollywood movers and shakers dissect their own personal lives when everything seems to clash together.
Tea with Mussolini,"In 1935 a group of elderly British women, whom the Italians have named the Scorpioni, have chosen Italy, specifically Florence, as a place to live to blend their proper British ..."
Wilde,"The story of Oscar Wilde, genius, poet, playwright and the First Modern Man. The self-realization of his homosexuality caused Wilde enormous torment as he juggled marriage, fatherhood and ..."
Outside Ozona,A drama revolving around a group of strangers brought together by a common occurrence as well as listening to the same radio station.
Affliction,A deeply troubled small town cop investigates a suspicious hunting death while events occur that cause him to mentally disintergrate.
Another Day in Paradise,"In the hope of a big score, two junkie couples team up to commit various drug robberies which go disastrously wrong leading to dissent, violence and murder."
"Hi-Lo Country, The","An intimate story of the enduring bond of friendship between two hard-living men, set against a sweeping backdrop: the American West, post-World War II, in its twilight. Pete and Big Boy ..."
Hilary and Jackie,"The tragic story of world renowned classic cellist Jacqueline du Pré, as told from the point of view of her sister, flautist Hilary du Pré-Finzi."
Playing by Heart,Eleven articulate people work through affairs of the heart in L.A.
At First Sight,A blind man has an operation to regain his sight at the urging of his girlfriend and must deal with the changes to his life.
In Dreams,"The housewife Claire Cooper is married with the pilot Paul Cooper and their little daughter Rebecca is their pride and joy. When a stranger kidnaps a girl, Claire dreams about the man but ..."
Varsity Blues,A back-up quarterback is chosen to lead a Texas football team to victory after the star quarterback is injured.
Virus,"When the crew of an American tugboat boards an abandoned Russian research vessel, the alien life form aboard regards them as a virus which must be destroyed."
"Garbage Pail Kids Movie, The",Dodger must confront the struggles of life as he is visited by the Garbage Pail Kids and intimidated by some older bullies.
Howard the Duck,A sarcastic humanoid duck is pulled from his homeworld to Earth where he must stop an alien invader.
"Gate, The","Two young boys accidentally release a horde of nasty, pint-sized demons from a hole in a suburban backyard. What follows is a classic battle between good and evil as the two kids struggle ..."
"Boy Who Could Fly, The","An autistic boy who dreams of flying touches everyone he meets, including a new family who has moved in after their father dies."
"Fly, The",A scientist has a horrific accident when he tries to use his newly invented teleportation device.
"Fly, The",A brilliant but eccentric scientist begins to transform into a giant man/fly hybrid after one of his experiments goes horribly wrong.
"Fly II, The",The almost-human son of Brundlefly searches for a cure to his mutated genes while being monitored by a nefarious corporation that wish to continue his father's experiments.
Running Scared,Two street-wise Chicago cops have to shake off some rust after returning from a Key West vacation to pursue a drug dealer that nearly killed them in the past.
Armed and Dangerous,A fired cop and useless lawyer sign up as security guards and find they've joined a corrupt union.
"Texas Chainsaw Massacre, The",A group of friends are attacked by a cannibal while visiting their grandfather's home in Texas.
"Texas Chainsaw Massacre 2, The",A radio host is victimized by the cannibal family as a former Texas Marshall hunts them.
Leatherface: Texas Chainsaw Massacre III,A California couple and a survivalist encounter the cannibal family.
Texas Chainsaw Massacre: The Next Generation (a.k.a. The Return of the Texas Chainsaw Massacre),"A group of teenagers get into a car crash in the Texas woods on prom night, and then wander into an old farmhouse that is home to Leatherface and his insane family of cannibalistic psychopaths."
Ruthless People,"A couple, cheated by a vile businessman, kidnap his wife in retaliation, without knowing that their enemy is delighted they did."
Trick or Treat,"Sammi Curr was a famous, devil-worshiping rock star who died under mysterious circumstances. Now he wants to come back to life. Doing so requires possessing radio wave & automobiles and making a few human sacrifices."
Deadly Friend,"After his friend is killed by her abusive father, the new kid in town attempts to save her by implanting robotic microchips into her brain."
"Name of the Rose, The (Name der Rose, Der)",An intellectually nonconformist monk investigates a series of mysterious deaths in an isolated abbey.
Jumpin' Jack Flash,"Terry works for a bank, and uses computers to communicate with clients all over the world. One day she gets a coded message from an unknown source. After decoding the message, Terry becomes..."
Peggy Sue Got Married,"Peggy Sue faints at a high school reunion. When she wakes up, she finds herself in her own past, just before she finished school."
Crocodile Dundee,An American reporter goes to the Australian outback to meet an eccentric crocodile poacher and invites him to New York City.
Crocodile Dundee II,Australian outback expert protects his New York love from gangsters who've followed her down under.
Tough Guys,Two elderly gangsters are released from prison only to find they have trouble fitting in as old men who still take no guff from anyone.
Soul Man,"To achieve his dream of attending Harvard, a pampered teen poses as a young black man to receive a full scholarship."
"Color of Money, The","Fast Eddie Felson teaches a cocky but immensely talented protégé the ropes of pool hustling, which in turn inspires him to make an unlikely comeback."
52 Pick-Up,A secret fling between a man and his mistress leads to blackmail and murder.
Heartbreak Ridge,"A hard-nosed, hard-living Marine gunnery sergeant clashes with his superiors and his ex-wife as he takes command of a spoiled recon platoon with a bad attitude."
¡Three Amigos!,"Three actors accept an invitation to a Mexican village to perform their onscreen bandit fighter roles, unaware that it is the real thing."
Gloria,"Sharon Stone plays a street-wise, middle-aged moll standing up against the mobs, all of which is complicated by a 6 year old urchin with a will of his own who she reluctantly takes under ..."
My Name Is Joe,"Two thirtysomethings, unemployed former alcoholic Joe and community health worker Sarah, start a romantic relationship in the one of the toughest Glasgow neighbourhoods."
Still Crazy,"Strange Fruit had everything that makes a legendary rockband: Money, Fame, Success, Groupies, a Singer who died of drugs and even a divine ending, when lightning struck the stage during ..."
"Day of the Beast, The (Día de la Bestia, El)",A Basque priest finds by means of a cabalistic study of the Bible that the Antichrist is going to be born on Christmas Day in Madrid. Assisted by a heavy-metal fan and the host of a TV show...
She's All That,A high school jock makes a bet that he can turn an unattractive girl into the school's prom queen.
"24 Hour Woman, The",Grace tries to be the perfect mother and TV producer but finds trouble in juggling both.
"Blood, Guts, Bullets and Octane","A Cherry Pontiac Lemans Convertible...Two Days...Two-Hundred & Fifty Grand. When your lemon lot hits the skids you glom the gig no matter what the smell. For Bob and Sid, two slicked-back ..."
Peeping Tom,"A young man murders women, using a movie camera to film their dying expressions of terror."
Payback,Porter is shot by his wife and best friend and is left to die. When he survives he plots revenge.
Simply Irresistible,"A magical crab works wonders for a terrible chef's culinary skills, leading her towards the man of her dreams."
20 Dates,A documentary type film about the dates Myles has gone on as he tries to find out how to find love in the future.
"Harmonists, The","Comedian Harmonists tells the story of a famous, German male sextet, five vocals and piano, the Comedian Harmonists, from the day they meet first in 1927 to the day in 1934, when they ..."
"Last Days, The","Five Jewish Hungarians, now U.S. citizens, tell their stories: before March, 1944, when Nazis began to exterminate Hungarian Jews, months in concentration camps, and visiting childhood ..."
"Fantastic Planet, The (Planète sauvage, La)","This futuristic story takes place on a faraway planet where blue giants rule, and oppressed humanoids rebel against the machine-like leaders."
Blast from the Past,A romantic comedy about a naive man who comes out into the world after being in a nuclear fallout shelter for 35 years.
Message in a Bottle,"A woman discovers a tragic love letter in a bottle on a beach, and is determined to track down its author."
My Favorite Martian,A martian lands on Earth and makes friends with a reporter.
God Said 'Ha!',Julia Sweeney tells the viewers the monologue about the hard time in her life when her brother fought with cancer and she was also diagnosed with a rare form of cancer.
Jawbreaker,Three of the most popular girls at Reagan High accidentally kill the prom queen with a jaw-breaker when a kidnapping goes horribly wrong.
October Sky,"The true story of Homer Hickam, a coal miner's son who was inspired by the first Sputnik launch to take up rocketry against his father's wishes."
Office Space,Three company workers who hate their jobs decide to rebel against their greedy boss.
200 Cigarettes,"A collection of twentysomethings try to cope with relationships, loneliness, desire and their individual neuroses."
8MM,A private investigator is hired to discover if a snuff film is authentic or not.
"Other Sister, The",A mentally challenged girl proves herself to be every bit as capable as her perfect sister when she moves into an apartment and begins going to college.
Breakfast of Champions,A portrait of a fictional town in the mid west that is home to a group of idiosyncratic and slightly neurotic characters. Dwayne Hoover is a wealthy car dealer-ship owner that's on the ...
"Long Goodbye, The",Detective Philip Marlowe tries to help a friend who is accused of murdering his wife.
Pet Sematary,"Behind a young family's home in Maine is a terrible secret that holds the power of life after death. When tragedy strikes, the threat of that power soon becomes undeniable."
Pet Sematary II,The ancient Indian cemetery with the power to raise the dead returns and influences the lives of new residents.
Children of the Corn II: The Final Sacrifice,"A journalist and his son travel to Nebraska to investigate the mysterious town of Gaitlin where, unbeknownst to them, a murderous cult of children are waiting in the corn fields."
Children of the Corn III,"Two brothers, formerly of the murderous children's cult of Gatlin Nebraska, are taken to Chicago by an unwitting couple."
Christine,A nerdish boy buys a strange car with an evil mind of its own and his nature starts to change to reflect it.
Night Shift,A nebbish of a morgue attendant gets shunted back to the night shift where he is shackled with an obnoxious neophyte partner who dreams of the one great idea for success. His life takes a...
House on Haunted Hill,"A millionaire offers ten thousand dollars to five people who agree to be locked in a large, spooky, rented house overnight with him and his wife."
Airport,"A bomber on board an airplane, an airport almost closed by snow, and various personal problems of the people involved."
Airport 1975,"A 747 in flight collides with a small plane, and is rendered pilotless. Somehow the control tower must get a pilot aboard so the jet can land."
Airport '77,"Art thieves hijack a 747, hit fog and crash into the ocean, trapping them and the passengers under 100 feet of water."
Rollercoaster,A blackmailer threatens to sabotage roller-coasters at various American amusement parks if he isn't paid a huge ransom.
"Towering Inferno, The","At the opening party of a colossal, but poorly constructed, office building, a massive fire breaks out that threatens to destroy the tower and everyone in it."
Alligator,"A baby alligator is flushed down a Chicago toilet and survives by eating discarded laboratory rats injected with growth hormones. The small reptile grows gigantic, escapes the city sewers, and goes on a rampage."
Meteor,"After a collision with a comet, a nearly 8km wide piece of the asteroid Orpheus is heading toward Earth. If it hits, it will cause an incredible catastrophe which will probably extinguish..."
Westworld,"A robot malfunction creates havoc and terror for unsuspecting vacationers at a futuristic, adult-themed amusement park."
Logan's Run,An idyllic sci-fi future has one major drawback: life must end at the age of 30.
Planet of the Apes,"An astronaut crew crash lands on a planet in the distant future where intelligent talking apes are the dominant species, and humans are the oppressed and enslaved."
Beneath the Planet of the Apes,The sole survivor of an interplanetary rescue mission searches for the only survivor of the previous expedition. He discovers a planet ruled by apes and an underground city run by telepathic humans.
Battle for the Planet of the Apes,"Ten years after conquering the Earth, ape leader Caesar wants the ruling apes and enslaved humans to live in peace. But warring factions of apes led by a militant gorilla general as well as various human groups threaten the stability."
Conquest of the Planet of the Apes,"In a futuristic world that has embraced ape slavery, Caesar, the son of the late simians Cornelius and Zira, surfaces after almost twenty years of hiding out from the authorities, and prepares for a slave revolt against humanity."
Escape from the Planet of the Apes,"The world is shocked by the appearance of three talking chimpanzees, who arrived mysteriously in a U.S. spacecraft. They become the toast of society; but one man believes them to be a threat to the human race."
Avalanche,The vacationers at a winter wonderland struggle to survive after an avalanche of snow crashes into their ski resort. Their holiday then turns into a game of survival.
Earthquake,Various stories of various people as an earthquake of un-imagineable magnitude hits Los Angeles.
"Concorde: Airport '79, The","American based Federation World Airlines has just acquired a Concorde jet, which will make its inaugural commercial flight from Washington D.C. to Paris and then to Moscow as a goodwill ..."
Beyond the Poseidon Adventure,"Adventurers return to the overturned ship, seeking a fortune."
Analyze This,A comedy about a psychiatrist whose number one-patient is an insecure mob boss.
"Corruptor, The","With the aid from a NYC policeman, a top immigrant cop tries to stop drug-trafficking and corruption by immigrant Chinese Triads, but things complicate when the Triads try to bribe the policeman."
Cruel Intentions,Two wealthy step-siblings of an elite Manhattan prep school make a wager: to de-flower the new headmaster's daughter before the start of term.
"Lock, Stock & Two Smoking Barrels","A botched card game in London triggers four friends, thugs, weed-growers, hard gangsters, loan sharks and debt collectors to collide with each other in a series of unexpected events, all for the sake of weed, cash and two antique shotguns."
Relax... It's Just Sex,"A mixed group of individuals - lesbian, gays, and heterosexuals who all frequent a local bar struggle to accept each others lifestyles. However when the two gays are attacked and fight back..."
"Deep End of the Ocean, The","The Deep End of The Ocean is a film about a family's reaction when Ben, the youngest son is kidnapped and then found nine years later, living in the same town, where his family had just moved."
"Rage: Carrie 2, The","A horrible massacre strikes up after an outcast teenage girl is taunted by a group of high school jocks, all of them unaware of her cutthroat telekinetic powers."
Wing Commander,"Blair, a fighter pilot, joins an interstellar war to fight the evil Kilrathi who are trying to destroy the universe."
"Haunting, The",A scientist doing research on the paranormal invites two women to a haunted mansion. One of the participants soon starts losing her mind.
Dead Ringers,"Twin gynecologists take full advantage of the fact that nobody can tell them apart, until their relationship begins to deteriorate over a woman."
My Boyfriend's Back,"Missy McCloud is the most beautiful girl in school and Johnny Dingle has been in love with her for years. One night, Johnny is killed trying to win her over, and soon he comes back from the..."
Village of the Damned,"In the English village of Midwich, the blond-haired, glowing-eyed children of uncertain paternity prove to have frightening powers."
Children of the Damned,"Scientists discovers that there are six children who each have an enormous intelligence. The children are flown to London to be studied, but they each escape their embassy and gather in a ..."
Baby Geniuses,"Scientist hold talking, super-intelligent babies captive, but things take a turn for the worse when a mix-up occurs between a baby genius and its twin."
I Stand Alone (Seul contre tous),A horse meat butcher's life and mind begins to breakdown as he lashes out against various factions of society while attempting to reconnect with his estranged daughter.
Forces of Nature,A soon-to-be-married man encounters an exciting stranger after his plane suffers an accident on takeoff.
"King and I, The","Traveling to the exotic kingdom of Siam, English schoolteacher Anna Leonowens soon discovers that her most difficult challenge is the stubborn, imperious King himself."
Ravenous,"In a remote military outpost in the 19th Century, Captain John Boyd and his regiment embark on a rescue mission which takes a dark turn when they are ambushed by a sadistic cannibal."
True Crime,Can an over-the-hill journalist uncover the evidence that can prove a death row inmate's innocence just hours before his execution?
Bandits,Four female cons who have formed a band in prison get a chance to play at a police ball outside the walls. They take the chance to escape. Being on the run from the law they even make it to...
Dangerous Beauty,"A Venetian courtesan becomes a hero to her city, but later becomes the target of an inquisition by the Church for witchcraft."
"King and I, The",A widow accepts a job as a live-in governess to the King of Siam's children.
Doug's 1st Movie,Doug and his pal Skeeter set's out to find the monster of Lucky Duck Lake. Though things get really out of hand when some one blurts out that the monster is real.
EDtv,A video store clerk agrees to have his life filmed by a camera crew for a television show.
"Mod Squad, The","Three minor delinquints (Danes, Ribisi, and Epps) are recruited by a cop (Farina) working undercover to bust a cop/drug ring. When the officer who recruited them is killed, they go above ..."
Among Giants,"A manager hires Ray, off the books, to paint all the power towers in a 15-mile stretch of high-tension wires outside Sheffield. Ray's crew of men are friends, especially Ray with Steve, a ..."
"Walk on the Moon, A",The world of a young housewife is turned upside down when she has an affair with a free-spirited blouse salesman.
"Matrix, The",A computer hacker learns from mysterious rebels about the true nature of his reality and his role in the war against its controllers.
10 Things I Hate About You,"A new kid must find a guy to date the meanest girl in school, the older sister of the girl he has a crush on, who cannot date until her older sister does."
Tango,"Mario Suarez is a forty-something tango artist, whose wife Laura has left him. He leaves his apartment and starts preparing a film about tango."
"Out-of-Towners, The","The remake of the 1970 Neil Simon comedy follows the adventures of a couple, Henry and Nancy Clark, vexed by misfortune while in New York City for a job interview."
"Dreamlife of Angels, The (Vie rêvée des anges, La)","In Lille, two penniless young women with few prospects become friends. Isa moves in with Marie, who's flat-sitting for a mother and child in hospital in comas following a car crash. Isa is ..."
Metroland,"The sudden reappearance of his best friend Toni, after ten years absence, causes Chris to remember his past, to question some of his lifestyle decisions and to re-evaluate his life and marriage to Marion."
Following,A young writer who follows strangers for material meets a thief who takes him under his wing.
Go,"Go! tells the story of the events after a drug deal, told from three different points of view."
Never Been Kissed,A journalist enrolls in her old highschool as part of her research for a story.
Twin Dragons (Shuang long hui),"Two twins are separated at birth, one becoming a streetwise mechanic and the other an acclaimed classical concert conductor. Finally meeting in adulthood they each become mistaken for the other and entangled in each other's world."
Cookie's Fortune,Conflict arises in the small town of Holly Springs when an old woman's death causes a variety of reactions among family and friends.
"Lovers of the Arctic Circle, The (Los Amantes del Círculo Polar)","Otto and Ana are kids when they meet each other. Their names are palindromes. They meet by chance, people are related by chance. A story of circular lives, with circular names, and a ..."
Goodbye Lover,"Ben and Sandra are hot and provocative lovers, but Sandra is unfortunately married to Ben's younger brother Jake, and soon Jake will find out about Ben."
Life,The story of wrongfully convicted men (Eddie Murphy and Martin Lawrence) who discover the value of life after serving 65 years in prison.
Friends & Lovers,"Friends for ten years, a group of twenty-somethings head for the ski slopes as guests of Ian's father. (Ian and dad are estranged because dad worked too many hours when Ian was a lad.) Dad ..."
Hideous Kinky,"Hideous Kinky is the story of two sisters (seven and five years old) traveling with their hippie mother from London to Morocco. They encounter many adventures, new experiences, and ..."
Open Your Eyes (Abre los ojos),"A very handsome man finds the love of his life, but he suffers an accident and needs to have his face rebuilt by surgery after it is severely disfigured."
SLC Punk!,In the early 1980s Stevo and Heroin Bob are the only two dedicated punks in conservative Salt Lake City.
Lost & Found,"In order to impress his beautiful French neighbor, Dylan Ramsey dognaps her pet pooch so he can return him and become a hero. Unfortunately, things do not work out as planned."
Pushing Tin,"A feud develops between two air traffic controllers: one cocky and determined while the other is restrained and laidback, which inevitably affects their lives."
Election,"A high school teacher's personal life becomes complicated as he works with students during the school elections, particularly with an obsessive overachiever determined to become student body president."
eXistenZ,A game designer on the run from assassins must play her latest virtual reality creation with a marketing trainee to determine if the game has been damaged.
Entrapment,An insurance agent is sent by her employer to track down and help capture an art thief.
Idle Hands,Lazy Anton's right hand becomes possessed with murderous intent.
Get Real,A tenderly romantic coming-of-age story as two boys in a British school fall in love.
"King of Masks, The (Bian Lian)",Wang Bianlian is an aging street performer known as the King of Mask for his mastery of Sichuan Change Art in a true story. His wife left him with and infant son over 30 years ago. The son ...
Three Seasons,"An American in Ho Chi Minh City looks for a daughter he fathered during the war. He meets Woody, a child who's a street vendor, and when Woody's case of wares disappears, he thinks the ..."
"Winslow Boy, The","Early 20th century England: while toasting his daughter Catherine's engagement, Arthur Winslow learns the royal naval academy expelled his 14-year-old son, Ronnie, for stealing five ..."
Mildred Pierce,A hard-working mother inches towards disaster as she divorces her husband and starts a successful restaurant business to support her spoiled daughter.
Night of the Comet,"A comet wipes out most of life on Earth, leaving two Valley Girls to fight the evil types who survive."
My Science Project,"A high school student and his friend find a strange, orb-like piece of equipment to use as a science project, but must stop it when it begins to threaten mankind."
Dick Tracy,The comic strip detective finds his life vastly complicated when Breathless Mahoney makes advances towards him while he is trying to battle Big Boy Caprice's united mob.
"Mummy, The",An American serving in the French Foreign Legion on an archaeological dig at the ancient city of Hamunaptra accidentally awakens a mummy.
"Castle, The","A working-class family from Melbourne, Australia fights city hall after being told they must vacate their beloved family home to allow for infrastructural expansion."
This Is My Father,"Widowed Kieran Johnson is a lonely, middle-aged, Chicago-based high school history teacher who feels disconnected to his life. He decides to take a trip to his mother's small old hometown ..."
Xiu Xiu: The Sent-Down Girl (Tian yu),Young teen girl Xiu Xiu is sent away to a remote corner of the Sichuan steppes for manual labor in 1975 (sending young people to there was a part of Cultural Revolution in China). A year ...
William Shakespeare's A Midsummer Night's Dream,"Lovers' lives are complicated by city law, feuding faerie royalty, and... love."
After Life (Wandafuru raifu),"After death, people have just one week to choose only a memory to keep for eternity."
Black Mask (Hak hap),A survivor of a supersoldier project must fight his former comrades as a masked hero.
Edge of Seventeen,A teenager copes with his sexuality on the last day of school in 1984. It shows him coping with being gay and being with friends.
Endurance,"The gold medal for the men's 10,000-metre race in the 1996 Atlanta Olympics is won by Ethiopian Haile Gebrselassie."
Star Wars: Episode I - The Phantom Menace,"Two Jedi Knights escape a hostile blockade to find allies and come across a young boy who may bring balance to the Force, but the long dormant Sith resurface to reclaim their old glory."
"Love Letter, The","The power of words and images to open hearts. Helen runs, miles a day, to burn off energy: she's an emotional celibate. Going through the post at her shop, she finds a romantic and poetic ..."
Besieged (a.k.a. L' Assedio),"When an African dictator jails her husband, Shandurai goes into exile in Italy, studying medicine and keeping house for Mr. Kinsky, an eccentric English pianist and composer. She lives in ..."
Frogs for Snakes,"Eva is a legit actress, who also does debt collecting jobs on the side for her ex-husband, loan shark Al. She doesn't want to go on with collecting, but Al asks her to do one last job, finding a missing $600,000 stolen from him by Flav."
"Mummy, The",A living mummy stalks the beautiful woman he believes is the reincarnation of his lover.
"Mummy, The","In 1895, British archaeologists find and open the tomb of Egyptian Princess Ananka with nefarious consequences."
"Mummy's Curse, The","An irrigation project in the rural bayous of Louisiana unearths Kharis the living mummy (Lon Chaney Jr.), who was buried in quicksand 25 years earlier."
"Mummy's Ghost, The","An Egyptian priest travels to America in search of the bodies of an Egyptian princess and her living, mummified guardian, with consequences."
"Mummy's Hand, The","An ancient mummy is revived to destroy those that would invade the 3,000 year old tomb of an Egyptian princess."
"Mummy's Tomb, The",A high priest travels to America with a living mummy to kill those who had desecrated the tomb of an Egyptian princess thirty years earlier.
Mommie Dearest,"Mommie Dearest, best-selling memoir turned motion picture, depicts the abusive and traumatic adoptive upbringing of Christina Crawford at the hands of her mother, screen queen Joan Crawford."
Superman,"An alien orphan is sent from his dying planet to Earth, where he grows up to become his adoptive home's first and greatest superhero."
Superman II,"Superman agrees to sacrifice his powers to start a relationship with Lois Lane, unaware that three Kryptonian criminals he inadvertently released are conquering Earth."
Superman III,Synthetic kryptonite laced with tobacco tar splits Superman in two: good Clark Kent and bad Man of Steel.
Superman IV: The Quest for Peace,"The Man of Steel crusades for nuclear disarmament and meets Lex Luthor's latest creation, Nuclear Man."
Dracula,The ancient vampire Count Dracula arrives in England and begins to prey upon the virtuous young Mina.
House of Frankenstein,"An evil scientist and his hunchbacked assistant escape from prison and encounter Dracula, the Wolf Man and Frankenstein's Monster."
Frankenstein,An obsessed scientist assembles a living being from parts of exhumed corpses.
Son of Frankenstein,"One of the sons of Frankenstein finds his father's monster in a coma and revives him, only to find out he is controlled by Ygor who is bent on revenge."
"Ghost of Frankenstein, The","When Ygor brings the Monster to Dr. Ludwig Frankenstein for care, Ludwig gets the idea of replacing the Monster's current criminal brain with a normal one."
Frankenstein Meets the Wolf Man,"After being awakened, Larry Talbot chips Frankenstein's Monster out of a block of ice. When Talbot changes to the Wolf Man, the two creatures battle each other."
"Curse of Frankenstein, The",Victor Frankenstein builds a creature and brings it to life. But his creature behaves not as he intended.
Son of Dracula,"Count Alucard (read his name backwards) finds his way from Budapest to the swamps of the Deep South; his four nemeses are a medical doctor, a university professor, a jilted fiancé and the woman he loves."
"Wolf Man, The","A practical man returns to his homeland, is attacked by a creature of folklore, and infected with a horrific disease his disciplined mind tells him can not possibly exist."
Howling II: Your Sister Is a Werewolf,A young man whose sister was murdered by werewolves helps an investigator track down a gang of the monsters through the United States and Europe.
Tarantula,A spider escapes from an isolated desert laboratory experimenting in giantism and grows to tremendous size as it wreaks havoc on the local inhabitants.
"Rocky Horror Picture Show, The",A newly engaged couple have a breakdown in an isolated area and must pay a call to the bizarre residence of Dr. Frank-N-Furter.
It Came from Hollywood,Popular comedians watch and give comments about the worst and silliest films from Hollywood.
"Thing from Another World, The",Scientists and American Air Force officials fend off a blood-thirsty alien organism while at a remote arctic outpost.
It Came from Outer Space,"A spaceship from another world crashes in the Arizona desert, and only an amateur stargazer and a schoolteacher suspect alien influence when the local townsfolk begin to act strange."
"War of the Worlds, The",A small town in California is attacked by Martians.
Invasion of the Body Snatchers,A small-town doctor learns that the population of his community is being replaced by emotionless alien duplicates.
Swamp Thing,"After a violent incident with a special chemical, a research scientist is turned into a swamp plant monster."
Pork Chop Hill,"During the Korean War peace talks, U.S. troops fight to retake a hill from the Communist Chinese forces."
Run Silent Run Deep,"A U.S. sub commander, obsessed with sinking a certain Japanese ship, butts heads with his first officer and crew."
Notting Hill,The life of a simple bookshop owner changes when he meets the most famous film star in the world.
"Thirteenth Floor, The","Computer scientist Hannon Fuller has discovered something extremely important. He's about to tell the discovery to his colleague, Douglas Hall, but knowing someone is after him, the old man..."
Eternity and a Day (Mia aoniotita kai mia mera),"Famous writer Alexander is very ill and has little time left to live. He meets a little boy on the street, who is an illegal immigrant from Albania, and goes on a journey with him to take the boy home."
"Loss of Sexual Innocence, The","Confused, non-linear film tells the sexual story of a film director from his life at age 5, age 12, age 16, a man embarking on his first film in 1950's Tunisia, and finally to his current ..."
Instinct,"When a noted anthropologist who left society to live in the jungle is imprisoned for murder, it's up to a young psychiatrist to get through to him."
Buena Vista Social Club,"Aging Cuban musicians whose talents had been virtually forgotten following Castro's takeover of Cuba, are brought out of retirement by Ry Cooder, who travelled to Havana in order to bring the musicians together, resulting in triumphant performances of extraordinary music, and resurrecting the musicians' careers."
Desert Blue,"An academic obsessed with roadside attractions and his tv-star daughter finally discover the world's largest ice cream cone, the centerpiece for an old gold-rush town struggling to stay ..."
Free Enterprise,"Two less than successful film producers, approaching mid-life crisis and clinging to their nerdy sci-fi obsessions, suddenly meet their idol: William Shatner."
Limbo,"In an economically devastated Alaskan town, a fisherman with a troublesome past dates a woman whose young daughter does not approve of him. When he witnesses the murder of his shady brother, he, the woman and the kid run to the wilderness."
Austin Powers: The Spy Who Shagged Me,"Dr. Evil is back...and has invented a new time machine that allows him to go back to the 60's and steal Austin Powers's mojo, inadvertently leaving him shagless."
"Red Violin, The (Violon rouge, Le)","A perfect red-colored violin inspires passion, making its way through three centuries over several owners and countries, eventually ending up at an auction where it may find a new owner."
Tarzan,A man raised by gorillas must decide where he really belongs when he discovers he is a human.
"General's Daughter, The","When the daughter of a well-known and well-respected base commander is murdered, an undercover detective is summoned to look into the matter and finds a slew of cover-ups at West Point."
Get Bruce,"Affectionate tribute to Bruce Vilanch (1948- ), who writes material for celebrities who make public appearances, from Oscar hosts and award recipients to Presidents. We meet his mom and see..."
"Ideal Husband, An","Sir Robert Chiltern is a successful Government minister, well-off and with a loving wife. All this is threatened when Mrs Cheveley appears in London with damning evidence of a past misdeed...."
"Legend of 1900, The (a.k.a. The Legend of the Pianist on the Ocean) (Leggenda del pianista sull'oceano)","A baby boy, discovered in 1900 on an ocean liner, grows into a musical prodigy, never setting foot on land."
Run Lola Run (Lola rennt),"After a botched money delivery, Lola has 20 minutes to come up with 100,000 Deutschmarks."
Trekkies,Denice Crosby takes a first look at the huge fans of Star Trek and how the series from around America has affected and shaped their lives.
Big Daddy,"A lazy law school grad adopts a kid to impress his girlfriend, but everything doesn't go as planned and he becomes the unlikely foster father."
"Dinner Game, The (Dîner de cons, Le)","To amuse themselves at a weekly dinner, a few well-heeled folk each bring a dimwit along who is to talk about his pastime. Each member seeks to introduce a champion dumbbell. Pierre, an ..."
My Son the Fanatic,Pakistani taxi-driver Parvez and prostitute Bettina find themselves trapped in the middle when Islamic fundamentalists decide to clean up their local town.
Arachnophobia,A species of South American killer spider hitches a lift to the U.S. in a coffin and starts to breed and kill.
"South Park: Bigger, Longer and Uncut","When the four boys see an R-rated movie featuring Canadians Terrance & Phillip, they are pronounced corrupted, and their parents pressure the United States to wage war against Canada."
Wild Wild West,The two best hired guns in the West must save President Grant from the clutches of a nineteenth-century inventor-villain.
Summer of Sam,Spike Lee's take on the Son of Sam murders in New York City during the summer of 1977 centering on the residents of an Italian-American Northeast Bronx neighborhood who live in fear and distrust of one another.
"Lovers on the Bridge, The (Amants du Pont-Neuf, Les)","Alex, who's homeless and addicted to alcohol, and Michèle, who's losing her sight, form a relationship while sleeping rough on Paris's Pont-Neuf bridge."
American Pie,Four teenage boys enter a pact to lose their virginity by prom night.
Arlington Road,A man begins to suspect his neighbors are not what they appear to be and their secrets could be deadly.
"Autumn Tale, An (Conte d'automne)","Magali, 45, is a wine producer in the south of France. She's a widow, and her best friend, Isabelle, decides to find her a new husband. She puts an ad in the local newspaper and finds a ..."
Muppets From Space,Gonzo is contacted by his alien family through his breakfast cereal. He is kidnapped and it's up to Kermit and the gang to rescue Gonzo and help reunite him with his long-lost family.
"Blair Witch Project, The","Three film students vanish after traveling into a Maryland forest to film a documentary on the local Blair Witch legend, leaving only their footage behind."
Eyes Wide Shut,"A New York City doctor, who is married to an art curator, pushes himself on a harrowing and dangerous night-long odyssey of sexual and moral discovery after his wife admits that she once almost cheated on him."
Lake Placid,"Three people attempt to stop a gigantic crocodile, who is terrorizing residents in Black Lake, Maine."
"Wood, The","While dealing with a friend's cold feet on his wedding day, a writer reminisces about his youth with his best friends."
"Velocity of Gary, The",Valentino is an Ex Adult film star very much in love with his girlfriend Mary Carmen....and boyfriend Gary. Things take a tragic turn when Valentino is rushed to the hospital after ...
Ghostbusters (a.k.a. Ghost Busters),Three former parapsychology professors set up shop as a unique ghost removal service.
Ghostbusters II,The discovery of a massive river of ectoplasm and a resurgence of spectral activity allows the staff of Ghostbusters to revive the business.
Drop Dead Gorgeous,A small-town beauty pageant turns deadly as it becomes clear that someone will go to any lengths to win.
"Haunting, The","When Eleanor, Theo, and Luke decide to take part in a sleep study at a huge mansion they get more than they bargained for when Dr. Marrow tells them of the house's ghostly past."
Inspector Gadget,A security guard's dreams come true when he is selected to be transformed into a cybernetic police officer.
Trick,"The misadventures of two young gay men, trying to find a place to be alone, one night in Manhattan."
Deep Blue Sea,Searching for a cure to Alzheimer's disease a group of scientists on an isolated research facility become the bait as a trio of intelligent sharks fight back.
Mystery Men,A group of inept amateur superheroes must try to save the day when a supervillian threatens to destroy a major superhero and the city.
Runaway Bride,A reporter is assigned to write a story about a woman who has left a string of fiances at the altar.
Twin Falls Idaho,"Francis and Blake Falls are conjoined twins who live in a neat little room in a rundown hotel. While sharing some organs, Blake is always fit and Francis is very sickly. Into their world ..."
"Killing, The",Crooks plan and execute a daring race-track robbery.
Killer's Kiss,"Ready to catch a train to his hometown, a washed up boxer tells us about the strange and twisty events that happened to him the past couple of days."
Spartacus,The slave Spartacus leads a violent revolt against the decadent Roman Republic.
Lolita,A middle-aged college professor becomes infatuated with a fourteen-year-old nymphet.
Barry Lyndon,An Irish rogue wins the heart of a rich widow and assumes her dead husband's aristocratic position in 18th-century England.
"400 Blows, The (Les quatre cents coups)","Moving story of a young boy who, left without attention, delves into a life of petty crime."
Jules and Jim (Jules et Jim),Decades of a love triangle concerning two friends and an impulsive woman.
Vibes,Psychics hired to find lost temple...
"Mosquito Coast, The","An eccentric and dogmatic inventor sells his house and takes his family to Central America to build a utopia in the middle of the jungle. Conflicts with his family, a local preacher and ..."
"Golden Child, The",A private detective specializing in missing children is charged with the task of finding a special child who dark forces want to eliminate.
Brighton Beach Memoirs,"Eugene, a young teenage Jewish boy, recalls his memoirs of his time as an adolescent youth. He lives with his parents, his aunt, two cousins, and his brother, Stanley, whom he looks up to ..."
Crimes of the Heart,"Three sisters with quite different personalities and lives reunite when the youngest of them, Babe, has just shot her husband. The oldest sister, Lenny, takes care of their grandfather and ..."
"Color Purple, The",A black Southern woman (Whoopi Goldberg) struggles to find her identity after suffering years of abuse from her father and others over 40 years.
No Mercy,An unconventional undercover Chicago cop and his partner are recruited to commit the murder of a New Orleans criminal kingpin.
"Mission, The",18th century Spanish Jesuits try to protect a remote South American Indian tribe in danger of falling under the rule of pro-slavery Portugal.
Little Shop of Horrors,A nerdy florist finds his chance for success and romance with the help of a giant man-eating plant who demands to be fed.
"Little Shop of Horrors, The","A clumsy young man nurtures a plant and discovers that it's carnivorous, forcing him to kill to feed it."
Allan Quatermain and the Lost City of Gold,"Allan Quatermain once again teams up with Jesse Huston where the discovery of a mysterious old gold piece sends Quatermain looking for his long-lost brother, missing in the wilds of Africa after seeking a lost white race."
"Morning After, The","A woman wakes up next to a murdered man. Did she do it herself, and if not, is she in danger herself?"
Radio Days,A nostalgic look at radio's golden age focusing on one ordinary family and the various performers in the medium.
From the Hip,"Apprentice lawyer Robin Weathers turns a civil suit into a headline grabbing charade. He must re-examine his scruples after his shenanigans win him a promotion in his firm, and he must now ..."
Outrageous Fortune,Lauren and Sandy are total opposites who end up in the same acting class and who don't know they are sharing a lover. When he disappears under mysterious circumstances they refuse to ...
"Bedroom Window, The",Terry is having an affair with his boss' wife Sylvia. One night after an office party they are together and Sylvia witnesses an attack on Denise from Terry's bedroom window. She doesn't ...
Deadtime Stories,"A babysitting uncle tells his charges three horror stories--about a killer witch, Little Red Riding Hood and a werewolf, and a story about Goldi Lox and the three bears."
Light of Day,"The siblings Patty and Joe Rasnick live in an industrial suburb in Cleveland, Ohio. While Patty is focused on their rock band, The Barbusters, Joe also cares for the family and the ..."
Frances,The true story of Frances Farmer's meteoric rise to fame in Hollywood and the tragic turn her life took when she was blacklisted.
Plenty,A young Englishwoman spends 20 years to make whatever kind of life for herself at the expense of others around her in post-World War 2 England.
Dick,Story of two girls who wander away from a White House tour and meet President Nixon.
"Iron Giant, The",A young boy befriends a giant robot from outer space that a paranoid government agent wants to destroy.
"Sixth Sense, The",A boy who communicates with spirits that don't know they're dead seeks the help of a disheartened child psychologist.
"Thomas Crown Affair, The","A very rich and successful playboy amuses himself by stealing artwork, but may have met his match in a seductive detective."
"Thomas Crown Affair, The","A debonair, adventuresome bank executive believes he has pulled off the perfect multi-million dollar heist, only to match wits with a sexy insurance investigator who will do anything to get her man."
"Adventures of Sebastian Cole, The","In June, 1983, in Dutchess County, New York, Sebastian Cole joins his mother, step-father, and sister for dinner. Hank, Sebastian's step-father, drops a bomb: he announces he's changing ..."
Illuminata,"It's the start of the 20th century, and Tuccio, resident playwright of a theatre repertory company offers the owners of the company his new play, Illuminata. They reject it, saying it's ..."
"Yards, The","In the rail yards of Queens, contractors repair and rebuild the city's subway cars. These contracts are lucrative, so graft and corruption are rife. When Leo Handler gets out of prison, he ..."
Bowfinger,"When a desperate movie producer fails to get a major star for his bargain basement film, he decides to shoot the film secretly around him."
Brokedown Palace,Two women are arrested for smuggling while vacationing in Thailand.
Detroit Rock City,A comedy about four teenagers in 1978 who try to scam their way into a KISS concert.
Better Than Chocolate,"Two attractive young lesbians, Maggie and Kim, meet in Vancouver, develop a passionate romance, and move in together. Meanwhile, Maggie's well-meaning but naive mother Lila gets divorced ..."
Head On,A 19 year old Greek Australian youth struggles with his sexual identity and has one clumsy heterosexual and several homosexual encounters.
"Marcello Mastroianni: I Remember Yes, I Remember (Marcello Mastroianni: mi ricordo, sì, io mi ricordo)","In 1996, Marcello Mastroianni talks about life as an actor. It's an anecdotal and philosophical memoir, moving from topic to topic, fully conscious of a man ^Óof a certain age^Ô looking ..."
Heaven Can Wait,"A Los Angeles Rams quarterback, accidentally taken away from his body by an overanxious angel before he was meant to die, returns to life in the body of a recently murdered millionaire."
"Raven, The",A magician who has been turned into a raven turns to a former sorcerer for help.
"Tingler, The",Dr. Warren Chapin is a pathologist who regularly conducts autopsies on executed prisoners at the State prison. He has a theory that fear is the result of a creature that inhabits all of us....
Pit and the Pendulum,"In the 16th century, Francis Barnard travels to Spain to clarify the strange circumstances of his sister's death after she had married the son of a cruel Spanish Inquisitor."
"Tomb of Ligeia, The",A man's obsession with his dead wife drives a wedge between him and his new bride.
"Masque of the Red Death, The",A European prince terrorizes the local peasantry while using his castle as a refuge against the Red Death plague that stalks the land.
Haunted Honeymoon,"Larry Abbot, speaker in the radio horror shows of Manhattan Mystery Theater wants to marry. For the marriage he takes his fiancée home to the castle where he grew up among his eccentric ..."
Cat's Eye,A stray cat is the linking element of three tales of suspense and horror.
Monty Python's And Now for Something Completely Different,An anthology of Monty Python's best sketches from their 1st & 2nd seasons of their original TV show.
Damien: Omen II,"Damien the Antichrist, now thirteen years old, finally learns of his destiny under the guidance of an unholy disciple of Satan. Meanwhile dark forces begin to eliminate all those who suspect the child's true identity."
"Final Conflict, The (a.k.a. Omen III: The Final Conflict)",The now adult Antichrist plots to eliminate his future divine opponent while a cabal of monks plot to stop him.
Airplane!,A man afraid to fly must ensure that a plane lands safely after the pilots become sick.
Airplane II: The Sequel,A faulty computer causes a passenger space shuttle to head straight for the Sun. Can Ted Striker save the day and get the shuttle back on track--again???
"American Werewolf in Paris, An",An American man unwittingly gets involved with French werewolves who have developed a serum allowing them to transform at will.
European Vacation (aka National Lampoon's European Vacation),The Griswolds win a vacation tour across Europe where the usual havoc ensues.
National Lampoon's Vacation,The Griswold family's cross-country drive to the Walley World theme park proves to be much more arduous than they ever anticipated.
Funny Farm,"When Andy and Elizabeth buy a farm in Vermont, they can't imagine the trouble that awaits them. Andy has quit his job as a sports journalist and is planning to use the peace and quiet of ..."
Big,"When a boy wishes to be big at a magic wish machine, he wakes up the next morning and finds himself in an adult body."
Problem Child,A young boy is just short of a monster. He is adopted by a loving man and his wacky wife. The laughs keep coming as the boy pushes them to the limits.
Problem Child 2,Junior's back in his first adventure since his last! Junior and Ben move to Mortville which seems like the perfect town to live in. The Healys have a nice new house--and Junior get's a cool...
Little Nemo: Adventures in Slumberland,"A young boy whose dreams transcend reality is sucked into his own fantasy, which is everything he has dreamed of until he unleashes a century old secret that may not only destroy this ..."
Oscar and Lucinda (a.k.a. Oscar & Lucinda),"In mid-1800s England, Oscar is a young Anglican priest, a misfit and an outcast, but with the soul of an angel. As a boy, even though from a strict Pentecostal family, he felt God told him ..."
Tequila Sunrise,Mac Mckussic is an unlikely drug dealer who wants to go straight. His old and best friend Nick Frescia is now a cop who is assigned to investigate and bring him to justice. Mac is very ...
"Pelican Brief, The","A law student uncovers a conspiracy, putting herself and others in danger."
"Christmas Story, A","Ralphie has to convince his parents, his teacher, and Santa that a Red Ryder B.B. gun really is the perfect gift for the 1940s."
Mickey Blue Eyes,"An English auctioneer proposes to the daughter of a mafia kingpin, only to realize that certain favors would be asked of him."
Teaching Mrs. Tingle,"The story of a girl who is willing to do anything to become Valedictorian, even if it means murdering the teacher that stands in her way."
Universal Soldier: The Return,The universal soldiers must fight the whole army. When the military's supercomputer S.E.T.H gets out of control
Universal Soldier,"Private Luc Deveraux and his sadistic sergeant, Andrew Scott, got killed in Vietnam. The army uses their bodies for a secret project - reanimating dead soldiers as deadly obedient cyborgs. However, their memories come back too."
Love Stinks,"Seth Winnick has it all: a successful career in television, good friends, and a passionate relationship with beautiful Chelsea. However, when he fails to make a timely marriage proposal, Chelsea tries to make his life hell."
Perfect Blue,A retired pop-singer-turned-actress' sense of reality is shaken when she is stalked by an obsessed fan and seemingly a ghost of her past.
In Too Deep,Jeff Cole is a recent graduate of the Cincinnati police academy who dreams of working undercover. His wish is granted and through success is given the task of taking down state-wide crack ...
Iron Eagle,"When a young daredevil pilot named Doug Masters finds out that his father has been shot down and captured, he has only one thing in mind - attempt a rescue mission with the help of an air force veteran."
Iron Eagle II,General Chappy Sinclair assembles a joint U.S.- Soviet strike team to take out a rogue middle eastern nuclear base.
Aces: Iron Eagle III,"Chappy discovers a drug-smuggling scheme at his own air base. It turns out that the lives of some village people in Peru are at stake, and he decides to fly there with ancient airplanes and friends to free them."
Three Days of the Condor (3 Days of the Condor),"A bookish CIA researcher finds all his co-workers dead, and must outwit those responsible until he figures out who he can really trust."
Hamlet,"The highly successful 1964 Richard Burton Broadway production of Hamlet, deliberately staged in the style of a dress rehearsal, but performed in front of a live audience."
Medicine Man,An eccentric scientist working for a large drug company is working on a research project in the Amazon jungle. He sends for a research assistant and a gas chromatograph because he's close ...
On the Ropes,The story of three young boxers and their coach who is determined to guide them in a positive direction in and out of the ring.
"13th Warrior, The","A man, having fallen in love with the wrong woman, is sent by the sultan himself on a diplomatic mission to a distant land as an ambassador. Stopping at a Viking village port to restock on supplies, he finds himself unwittingly embroiled on a quest to banish a mysterious threat in a distant Viking land."
"Astronaut's Wife, The","After an explosion in space and subsequent two-minute radio-out period, two astronauts return home to their wives. Slightly it's revealed that they're not the same as they were."
Dudley Do-Right,Inept Canadian mountie Dudley Do-Right chases after villian Snidely Whiplash and woos girlfriend Nell Fenwick.
"Muse, The","With his career on the skids, a Hollywood screenwriter enlists the aid of a modern day muse, which proves to test his patience."
"Lost Son, The","Xavier Lombard is a world-weary private eye in London, in exile from his native Paris; his best friend is Nathalie, a high-class call girl. He gets a call from an old friend from the Paris ..."
Chill Factor,"A new biological chemical weapon that explodes up to temperatures over fifty degrees Fahrenheit, falls into the hands of two men who try to make sure that it doesn't get stolen by a terrorist."
Outside Providence,"After one too many run ins with the law, a punk teenager from a working class background is sent to prep school by his frustrated dad, and learns a thing or two."
Bedrooms & Hallways,"At the suggestion of a straight friend, gay man Leo joins a men's group, where he causes some upsets by declaring his attraction to one of its members."
West Beirut (West Beyrouth),"In April, 1975, civil war breaks out; Beirut is partitioned along a Moslem-Christian line. Tarek is in high school, making Super 8 movies with his friend, Omar. At first the war is a lark: ..."
Stigmata,"When a young woman becomes afflicted by stigmata, a priest is sent to investigate her case, which may have severe ramifications for his faith and for the Catholic Church itself."
Stir of Echoes,"After being hypnotized by his sister in law, a man begins seeing haunting visions of a girl's ghost and a mystery begins to unfold around him."
"Black Cat, White Cat (Crna macka, beli macor)","Matko is a small time hustler, living by the river Danube with his 17 year old son Zare. After a failed business deal he owes money to the much more successful gangster Dadan. Dadan has a ..."
"Minus Man, The",A cold-blooded serial killer floats around the country and chooses his victims from people who complain about their lives and indicate a willingness to be killed. His murders are introduced...
Whiteboyz,"In a virtually all-white Iowa town, Flip daydreams of being a hip-hop star, hanging with Snoop Doggy Dogg and Dr. Dre. He practices in front of a mirror and with his two pals, James and ..."
"Adventures of Milo and Otis, The (Koneko monogatari)",The adventures of a young cat and a dog as they find themselves accidentally separated and each swept into a hazardous trek.
Only Angels Have Wings,"At a remote South American trading port, the manager of an air freight company is forced to risk his pilots' lives in order to win an important contract."
"Othello (Tragedy of Othello: The Moor of Venice, The)",The general Othello is manipulated into thinking that his new wife Desdemona has been carrying on an affair with one of his officers Michael Cassio when in reality it is all part of the scheme of a bitter lieutenant named Iago.
Queens Logic,"When childhood friends Al, Dennis and Eliot get together for Ray's wedding, which may or may not happen, they end up on a roller-coaster ride through reality. During one tumultuous, crazy ..."
Public Access,"Brewster seems to be an almost too perfect example of idyllic small-town America, with everyone living in peace and harmony. So when newcomer Whiley Pritcher starts up his own local cable ..."
Saturn 3,null
"Soldier's Story, A",An African American officer investigates a murder in a racially charged situation in World War II.
"Alice, Sweet Alice (a.k.a. Communion) (a.k.a. Holy Terror)","After a young girl is brutally murdered during her first communion, her strange and withdrawn older sister becomes the main suspect."
Nightmares,Anthology of four horror tales with a supernatural twist based on urban legends.
I Saw What You Did,Teenagers Libby and Kit innocently spend an evening doing random crank calls. These calls lead to murderous consequences.
Yellow Submarine,The Beatles agree to accompany Captain Fred in his Yellow Submarine and go to Pepperland to free it from the music hating Blue Meanies.
American Beauty,A bored suburban father has a mid-life crisis after becoming infatuated with his daughter's best friend.
Stop Making Sense,An innovative concert movie for the rock group The Talking Heads.
Blue Streak,A former convict poses as a cop to retrieve a diamond he stole years ago.
For Love of the Game,A washed up pitcher flashes through his career.
Caligula,"Details the graphic and shocking, yet undeniably tragic story of Rome's most infamous Caesar, Gaius Germanicus Caligula."
"Hard Day's Night, A","A 'typical' day in the life of the Beatles, including many of their famous songs."
Splendor,"An average, calm mid-20s girl named Veronica restarts her dead dating life all of the sudden, but with two guys: a sensitive failed writer named Abel and an airheaded drummer named Zed. At ..."
"Buddy Holly Story, The","The story of the life and career of the early rock and roll singer, from his meteoric rise to stardom, to his marriage and untimely death."
Fright Night,"When a teenager learns that his next door neighbour is a vampire, no one will believe him."
Fright Night Part II,Charlie Brewster and Peter Vincent from the original Fright Night must face more vampires out for revenge.
"Separation, The (Séparation, La)","One night at the cinema, Pierre reaches for out to take Anne's hand. She is annoyed and rebuffs him. He feels rejected. This moment begins the story of the disintegration of a couple... ..."
Barefoot in the Park,"Paul, a conservative young lawyer, marries the vivacious Corie. Their highly passionate relationship descends into comical discord in a five-flight New York City walk-up apartment."
Deliverance,"Intent on seeing the Cahulawassee River before it's turned into one huge lake, outdoor fanatic Lewis Medlock takes his friends on a river-rafting trip they'll never forget into the dangerous American back-country."
Excalibur,Merlin the magician helps Arthur Pendragon unite the Britons around the round table of Camelot even as forces conspire to tear it apart
"Pajama Game, The",Employees of the Sleeptite Pajama Factory are looking for a whopping seven-and-a-half cent an hour increase and they won't take no for an answer. Babe Williams is their feisty employee ...
Sommersby,A farmer's wife begins to suspect that the man in her bed is an impostor after he returns home from the Civil War.
Thumbelina,The tiny girl meets a fairy prince who saves her from the creatures of the woods.
Tommy,"A psychosomatically deaf, dumb and blind boy becomes a master pinball player and, subsequently, the object of a religious cult."
Hell Night,Four college pledges are forced to spend the night in a deserted old mansion where they get killed off one by one by the monstrous surviving members of a family massacre years earlier for trespassing on their living grounds.
Armour of God II: Operation Condor (Operation Condor) (Fei ying gai wak),Agent Jackie is hired to find WWII Nazi gold hidden in the Sahara desert. He teams up with three bundling women (the 3 stooges?) who are all connected in some way. However a team of ...
Armour of God (Long xiong hu di),Jackie Chan and his bumbling sidekick are sent on a quest through Europe to find a mysterious treasure held by a shadowy organization of monks.
Double Jeopardy,"A woman framed for her husband's murder suspects he is still alive; as she has already been tried for the crime, she can't be re-prosecuted if she finds and kills him."
Jakob the Liar,"In 1944 Poland, a Jewish shop keeper named Jakob is summoned to ghetto headquarters after being caught out near curfew. While waiting for the German Kommondant, Jakob overhears a German ..."
Mumford,"In the small town of Mumford, a psychologist of the same name moves in and quickly becomes very popular, despite a questionable past."
Dog Park,Sex comedy takes a look at contemporary dating mores and hypothesizes that the new dating location may be the dog walk in the park. A mild-mannered man loses his present girl friend to ...
Guinevere,A young girl from an affluent family rebels and becomes involved with a much older photographer.
"Adventures of Elmo in Grouchland, The","Elmo loves his fuzzy, blue blanket, and would never let anything happen to it. However, a tug-of-war with his friend Zoe sends his blanket to a faraway land, and Elmo in hot pursuit. Facing..."
Simon Sez,Basketball superstar Dennis Rodman stars as a hip Interpol agent attempting to defeat the deadly plans of a crazed arms dealer.
Drive Me Crazy,A high school girl must find a substitute date to escort her to the prom.
"Mystery, Alaska",This comedy is about the residents of a small town who get over-excited when their hockey team gets chosen to host a televised event
Three Kings,"In the aftermath of the Persian Gulf War, 4 soldiers set out to steal gold that was stolen from Kuwait, but they discover people who desperately need their help."
"Happy, Texas","Two escaped convicts arrive in the town of Happy, Texas, where they are mistaken for a gay couple who is to host the town's Little Miss Fresh Squeezed beauty pageant. Enjoying the celebrity..."
New Rose Hotel,Maas and Hosaka are two large Corporations in the future world. They are fighting to get control over the best minds of the world. The best is Hiroshi and at the moment he is working for ...
Plunkett & MaCleane,"Will Plunkett and Captain James Macleane, two men from different ends of the social spectrum in 18th-century England, enter a gentlemen's agreement: They decide to rid the aristocrats of ..."
Romance,Although deeply in love with her boyfriend - and indeed sleeping in the same bed with him - a schoolteacher cannot handle the almost complete lack of intimacy he will allow. Increasingly ...
And the Ship Sails On (E la nave va),"In 1914, a luxury ship leaves Italy in order to scatter the ashes of a famous opera singer. A lovable bumbling journalist chronicles the voyage and meets the singer's many eccentric friends and admirers."
"Dark Half, The",A writer's fictional alter-ego wants to take over his life...at any price.
Gulliver's Travels,"Gulliver washes ashore on Lilliput and attempts to prevent war between that tiny kingdom and its equally-miniscule rival, Blefiscu, as well as smooth the way for the romance between the ..."
Monkey Shines,"A quadriplegic man has a trained monkey help him with his paralysis, until the little monkey begins to develop feelings, and rage, against its new master."
Phantasm,"A young boy and his friends face off against a mysterious grave robber known only as the Tall Man, who keeps a mysterious arsenal of terrible weapons with him."
Psycho II,"After twenty-two years of psychiatric care, Norman Bates attempts to return to a life of solitude... but the specters of his crimes -- and his mother -- continue to haunt him."
Psycho III,"Norman Bates is back again running his quiet little motel a month after the events in Psycho II. Norman meets three new people, one being a beautiful young nun with whom his budding ..."
Rain,A prostitute finds redemption in Pago Pago thanks to a hard missionary man.
Sanjuro (Tsubaki Sanjûrô),"A crafty samurai helps a young man and his fellow clansmen save his uncle, who has been framed and imprisoned by a corrupt superintendent."
Random Hearts,After the death of their loved ones in a tragic plane crash Harrison Ford and Kristin Scott Thomas find each others' keys in each others loved ones' possessions and realize that they were ...
Superstar,"A nerdy Catholic schoolgirl, Mary Katherine Gallagher, dreams of superstardom."
Boys Don't Cry,"Female born, Teena Brandon adopts his male identity of Brandon Teena and attempts to find himself and love in Nebraska."
"Limey, The",An extremely volatile and dangerous Englishman goes to Los Angeles to find the man he considers responsible for his daughter's death.
The Mating Habits of the Earthbound Human,"An anthropologist from an alien planet provides voice-over commentary for a documentary look at human courtship, mating, and reproduction: complex, perverse, tragically beautiful: the ..."
Risky Business,"A Chicago teenager is looking for fun at home while his parents are away, but the situation quickly gets out of hand."
Total Recall,"When a man goes for virtual vacation memories of the planet Mars, an unexpected and harrowing series of events forces him to go to the planet for real - or does he?"
Body Heat,"In the midst of a searing Florida heat wave, a woman convinces her lover, a small-town lawyer, to murder her rich husband."
Ferris Bueller's Day Off,"A high school wise guy is determined to have a day off from school, despite what the principal thinks of that."
"Year of Living Dangerously, The",A young Australian reporter tries to navigate the political turmoil of Indonesia during the rule of President Sukarno with the help of a diminutive photographer.
Children of Paradise (Les enfants du paradis),The theatrical life of a beautiful courtesan and the four men who love her.
High Plains Drifter,A gunfighting stranger comes to the small settlement of Lago and is hired to bring the townsfolk together in an attempt to hold off three outlaws who are on their way.
Hang 'Em High,"When an innocent man barely survives a lynching, he returns as a lawman determined to bring the vigilantes to justice."
Handle with Care (a.k.a. Citizen's Band),This movie interlaces the stories of several characters in a small town united by their use of CB (citizen's band) radio. Paul LeMat is the local CB coordinator who has time for little else...
Drunken Master (Jui kuen),An undisciplined boy must learn Drunken Fist Kung Fu in order to stop an assassin.
"Conformist, The (Conformista, Il)","A weak-willed Italian man becomes a fascist flunky who goes abroad to arrange the assassination of his old teacher, now a political dissident."
Hairspray,A 'pleasantly plump' teenager teaches 1962 Baltimore a thing or two about integration after landing a spot on a local TV dance show.
Brief Encounter,"Meeting a stranger in a railway station, a woman is tempted to cheat on her husband."
"Razor's Edge, The",He had everything and wanted nothing. He learned that he had nothing and wanted everything. He saved the world and then it shattered. The path to enlightenment is as sharp and narrow as a razor's edge.
Reds,A radical American journalist becomes involved with the Communist revolution in Russia and hopes to bring its spirit and idealism to the United States.
Return with Honor,The story of U.S. fighter pilots shot down over North Vietnam who became POWs for up to 8 and a half years.
Days of Heaven,A hot-tempered farm laborer convinces the woman he loves to marry their rich but dying boss so that they can have a claim to his fortune.
"Lady Eve, The","A trio of classy card sharps targets the socially awkward heir to brewery millions for his money, till one of them falls in love with him."
Sullivan's Travels,A director of escapist films goes on the road as a hobo to learn about Life...which gives him a rude awakening.
"Palm Beach Story, The","An inventor needs cash to develop his big idea. His wife, who loves him, decides to raise it for him by divorcing him and marrying a millionaire."
Man Facing Southeast,A patient in a mental hospital claims to be an extraterrestial. Could he be right?
Niagara,"As two couples are visiting Niagara Falls, tensions between one wife and her husband reach the level of murder."
Gilda,"Johnny Farrell is a gambling cheat who turns straight to work for an unsettling casino owner Ballin Mundson. But things take a turn for Johnny as his alluring ex-lover appears as Mundson's wife, and Mundson's machinations begin to unravel."
South Pacific,"On a South Pacific island during World War II, love blooms between a young nurse and a secretive Frenchman who's being courted for a dangerous military mission."
Flashdance,A Pittsburgh woman with two jobs as a welder and an exotic dancer wants to get into ballet school.
Indochine,"This story is set in 1930, at the time when French colonial rule in Indochina is ending. An unmarried French woman who works in the rubber fields, raises a Vietnamese princess as if she was..."
"Dirty Dozen, The",A US Army Major is assigned a dozen convicted murderers to train and lead them into a mass assassination mission of German officers in World War II.
Mike's Murder,"Betty has a crush on her tennis coach Mike. He keeps on promising to call, but never does - she doesn't know that he's a little dealer. After a failed deal in someone else's district he has..."
Help!,Ringo finds himself the human sacrifice target of a cult and the band must try to protect him from it.
Goldfinger,"Investigating a gold magnate's smuggling, James Bond uncovers a plot to contaminate the Fort Knox gold reserve."
From Russia with Love,James Bond willingly falls into an assassination ploy involving a naive Russian beauty in order to retrieve a Soviet encryption device that was stolen by SPECTRE.
Dr. No,A resourceful British government agent seeks answers in a case involving the disappearance of a colleague and the disruption of the American space program.
"Blue Lagoon, The","In the Victorian period, two children are shipwrecked on a tropical island in the South Pacific. With no adults to guide them, the two make a simple life together, unaware that sexual maturity will eventually intervene."
"Fistful of Dollars, A (Per un pugno di dollari)","A wandering gunfighter plays two rival families against each other in a town torn apart by greed, pride, and revenge."
Sydney (Hard Eight),Professional gambler Sydney teaches John the tricks of the trade. John does well until he falls for cocktail waitress Clementine.
Home Alone 2: Lost in New York,"One year after Kevin was left home alone and had to defeat a pair of bumbling burglars, he accidentally finds himself in New York City, and the same criminals are not far behind."
Someone to Watch Over Me,A married New York cop falls for the socialite murder witness he's been assigned to protect.
Fight Club,"An insomniac office worker, looking for a way to change his life, crosses paths with a devil-may-care soap maker, forming an underground fight club that evolves into something much, much more..."
"Story of Us, The",Ben and Katie Jordan are a married couple who go through hard times in fifteen years of marriage.
Fever Pitch,A sports fan's romantic courtship clashes with his obsession with his favorite football team.
Julien Donkey-Boy,A portrait of the effects of schizophrenia on family life is the central focus.
"Straight Story, The",An old man makes a long journey by lawn-mover tractor to mend his relationship with an ill brother.
"Bad Seed, The",A housewife suspects that her seemingly perfect eight year-old daughter is a heartless killer.
Time Bandits,A young boy accidentally joins a band of dwarves as they jump from era to era looking for treasure to steal.
"Man and a Woman, A (Un homme et une femme)","A man and a woman meet by accident on a Sunday evening at their childrens' boarding school. Slowly they reveal themselves to each other, finding that each is a widow/widower. Each is slow ..."
Fitzcarraldo,"The story of Brian Sweeney Fitzgerald, an extremely determined man who intends to build an opera house in the middle of a jungle."
All That Jazz,"Director/choreographer Bob Fosse tells his own life story as he details the sordid life of Joe Gideon, a womanizing, drug-using dancer."
Red Sorghum (Hong gao liang),In 1930s China a young woman is sent by her father to marry the leprous owner of a winery. In the nearby red sorghum fields she falls for one of his servants. When the master dies she finds...
Crimes and Misdemeanors,"An ophthalmologist's mistress threatens to reveal their affair to his wife, while a married documentary filmmaker is infatuated by another woman."
Bats,Genetically mutated bats escape and it's up to a bat expert and the local sheriff to stop them.
"Best Man, The","Harper's autobiographical novel is almost out, his girlfriend Robin desires commitment, and he's best man at the wedding of Lance, a pro athlete. He goes to New York early (Robin will come ..."
Bringing Out the Dead,"Haunted by the patients he failed to save, an extremely burned-out Manhattan ambulance paramedic fights to maintain his sanity over three fraught and turbulent nights."
Crazy in Alabama,An abused wife heads to California to become a movie star while her nephew back in Alabama has to deal with a racially-motivated murder involving a corrupt sheriff.
Three to Tango,"A rich businessman's assumption that his new colleague is gay leads him to ask the man to keep an eye on his mistress. However, the man is not gay, and begins to fall for the woman himself."
Body Shots,"A tale of the mysterious, but necessary, mating ritual between men and women of today and everything they think about sex but are afraid to say."
"Brother, Can You Spare a Dime?",A nostalgic look back at the Great Depression with contemporary archival footage and film clips picturing James Cagney as an American Everyman.
"Guardian, The","Phil and Kate have a baby boy named Jake. They hire a baby-sitter, Camilla, to look after Jake and she becomes part of the family. The Sterling's friend and neighbor, Ned, takes a liking to..."
"Ipcress File, The","In London, a counter espionage agent deals with his own bureaucracy while investigating the kidnapping and brainwashing of British scientists."
On Any Sunday,"Documentary on motorcycle racing featuring stars of the sport, including film star Steve McQueen, a racer in his own right."
RoboCop,"In a dystopic and crime-ridden Detroit, a terminally wounded cop returns to the force as a powerful cyborg haunted by submerged memories."
RoboCop 2,"Cyborg law enforcer Robocop protects the citizens of Detroit by taking on a powerful drug syndicate, while a renegade OCP executive tries to create a new, superior Robocop using a crime lord as its subject."
Who Framed Roger Rabbit?,A toon hating detective is a cartoon rabbit's only hope to prove his innocence when he is accused of murder.
Melvin and Howard,"The story of hard-luck Melvin Dummar, who claimed to have received a will naming him an heir to the fortune of Howard Hughes."
For Your Eyes Only,Agent 007 is assigned to hunt for a lost British encryption device and prevent it from falling into enemy hands.
Licence to Kill,"James Bond goes rogue and sets off to unleash vengeance on a drug lord who tortured his best friend, a C.I.A. agent, and left him for dead and murdered his bride after he helped capture him."
Live and Let Die,007 is sent to stop a diabolically brilliant heroin magnate armed with a complex organization and a reliable psychic tarot card reader.
Rawhead Rex,"Ireland will never be the same after Rawhead Rex, a particularly nasty demon, is released from his underground prison by an unwitting farmer. The film follows Rex's cross country rampage, while a man struggles to stop it."
Thunderball,James Bond heads to The Bahamas to recover two nuclear warheads stolen by SPECTRE agent Emilio Largo in an international extortion scheme.
House on Haunted Hill,"A millionaire offers a group of diverse people $1,000,000 to spend the night in a haunted house with a horrifying past."
Music of the Heart,Story of a schoolteacher's struggle to teach violin to inner-city Harlem kids.
Being John Malkovich,"A puppeteer discovers a portal that leads literally into the head of the movie star, John Malkovich."
Dreaming of Joseph Lees,"Somerset, 1958. Eva enters adulthood with good humor, keeping house for her absent-minded father, letting her younger sister Janie in on the secrets of growing up, working at a furniture ..."
Princess Mononoke (Mononoke-hime),"On a journey to find the cure for a Tatarigami's curse, Ashitaka finds himself in the middle of a war between the forest gods and Tatara, a mining colony. In this quest he also meets San, the Mononoke Hime."
"Suburbans, The","An 80's one-hit wonder band named The Suburbans reform for a special performance at one of the ex-member's wedding. At the wedding, a young record company talent scout happens to be in the ..."
My Best Fiend (Mein liebster Feind),"In the 1950s, an adolescent Werner Herzog was transfixed by a film performance of the young Klaus Kinski. Years later, they would share an apartment where, in an unabated, forty-eight-hour ..."
Train of Life (Train de vie),"In 1941, the inhabitants of a small Jewish village in Central Europe organize a fake deportation train so that they can escape the Nazis and flee to Palestine."
"Bachelor, The","A committment-phobic man goes in search of a bride including his fed up girlfriend, to inherit his grandfather's $100 million inheritance."
"Bone Collector, The",A quadriplegic ex-homicide detective and his female partner try to track down a serial killer who is terrorizing New York City.
"Insider, The",A research chemist comes under personal and professional attack when he decides to appear in a 60 Minutes expose on Big Tobacco.
American Movie,Documentary about an aspiring filmmaker's attempts to finance his dream project by finally completing the low-budget horror film he abandoned years before.
Last Night,A group of very different individuals with different ideas of how to face the end come together as the world is expected to end in six hours at the turn of the century.
Rosetta,"Young and impulsive Rosetta lives with her alcoholic mother and, moved by despair, she will do anything to maintain a job."
"They Shoot Horses, Don't They?",The lives of a disparate group of contestants intertwine in an inhumanely grueling dance marathon.
Bride of Re-Animator,Doctors Herbert West and Dan Cain discover the secret to creating human life and proceed to create a perfect woman from dead tissue.
Coma,When a young female doctor notices an unnatural amount of comas occurring in her hospital she uncovers a horrible conspiracy.
Creepshow,An anthology which tells five terrifying tales based on the E.C. horror comic books of the 1950s.
Creepshow 2,"Three more bone-chilling tales that include a vengeful wooden Native American, a monstrous blob in a lake, and a hitchhiker who wants revenge and will not die."
Re-Animator,A dedicated student at a medical college and his girlfriend become involved in bizarre experiments centering around the re-animation of dead tissue when an odd new student arrives on campus.
Drugstore Cowboy,A pharmacy-robbing dope fiend and his crew pop pills and evade the law.
Falling Down,"A borderline personality disordered defense worker frustrated with the various flaws he sees in society, begins to psychotically and violently lash out against them."
"Funhouse, The",Four teenage friends spend the night in a carnival funhouse and are stalked by a deformed man in a Frankenstein mask.
"General, The","When Union spies steal an engineer's beloved locomotive, he pursues it single-handedly and straight through enemy lines."
Piranha,"When flesh-eating piranhas are accidently released into a summer resort's rivers, the guests become their next meal."
Rough Night in Jericho,A former deputy and a strong-willed widow determine to stop a ruthless town boss.
"Taming of the Shrew, The","Brutish, fortune-hunting scoundrel Petruchio tames his wealthy shrewish wife, Katharina."
Nighthawks,Conservative street cop DaSilva reluctantly agrees to terminate an international terrorist who has demanded media attention. But DaSilva's at-home tactics are very much put to the challenge.
Yojimbo,A crafty ronin comes to a town divided by two criminal gangs and decides to play them against each other to free the town.
Repossessed,"Parody of The Exorcist (1973), with Linda Blair once again possessed by Satan, and Leslie Nielsen as the exorcist."
"Omega Man, The",Army doctor Robert Neville struggles to create a cure for the plague that wiped out most of the human race.
Spaceballs,"Planet Spaceballs' President Skroob sends Lord Dark Helmet to steal planet Druidia's abundant supply of air to replenish their own, and only Lone Starr can stop them."
Robin Hood,The story of the legendary outlaw is portrayed with the characters as humanoid animals.
Mister Roberts,Comedy-drama about life on a not particularly important ship of the US Navy during WW2.
"Quest for Fire (Guerre du feu, La)",This story takes place in prehistoric time when three prehistoric tribesmen search for a new fire source.
Little Big Man,"Jack Crabb, looking back from extreme old age, tells of his life being raised by Indians and fighting with General Custer."
"Face in the Crowd, A","An Arkansas drifter becomes an overnight media sensation. As he becomes drunk with fame and power, will he ever be exposed as the fraud he has become?"
Trading Places,A snobbish investor and a wily street con artist find their positions reversed as part of a bet by two callous millionaires.
Meatballs,Wacky hijinks of counselors and campers at a less-than-average summer camp.
Meatballs Part II,Second in the series of Meatball movies. A group of kids attempt to save a summer camp that's a financial failure.
Meatballs III,The ghost of a dead porn star comes to Earth to help a nerd with his sex life.
Meatballs 4,Ricky is the hottest water-ski instructor around and he has just be rehired by his former employer/camp to whip up attendance. But the camp is in serious financial trouble and the owner of ...
Dead Again,An amnesiac and a private eye find they might have a past life connection.
Peter's Friends,"Six former college friends, with two new friends, gather for a New Years Eve weekend reunion at a large English countryside manor after ten years to reminisce about the good times now long gone."
"Incredibly True Adventure of Two Girls in Love, The",An adventurous love story between two young women of different social and economic backgrounds who find themselves going through all the typical struggles of a new romance.
Experience Preferred... But Not Essential,"A shy, introverted young girl takes a summer job at a seaside resort in Wales. She finds the staff, the owners and patrons unlike anyone she has ever met before."
Under the Rainbow,"A visiting dignitary, a CIA agent, a Nazi spy, Japanese tourists, an assassin and a group of midget actors from The Wizard of Oz (1939) all check into an elite Los Angeles hotel called Under the Rainbow."
Anywhere But Here,A mother and daughter search for success in Beverly Hills.
Dogma,An abortion clinic worker with a special heritage is called upon to save the existence of humanity from being negated by two renegade angels trying to exploit a loop-hole and reenter Heaven.
"Messenger: The Story of Joan of Arc, The",A young girl receives a vision that drives her to rid France of its oppressors.
Pokémon: The First Movie,"Scientists genetically create a new Pokémon, Mewtwo, but the results are horrific and disastrous."
Felicia's Journey,"A lonely middle-aged catering manager spends all of his time studying tapes of an eccentric TV chef. Meanwhile, a young woman is making her way from Ireland to find her boy friend, who ..."
Where's Marlowe?,"After making a 3-hour fiasco about New York City's water supply, a two-man film crew decides to take it up a notch by documenting life in the private investigator offices of Boone and ..."
"Commitments, The","When Jimmy Rabbitte wants to start a band, he has open auditions at his house."
Holiday Inn,"At an inn which is only open on holidays, a crooner and a hoofer vie for the affections of a beautiful up-and-coming performer."
"Longest Day, The","The events of D-Day, told on a grand scale from both the Allied and German points of view."
Poison Ivy,A seductive teen befriends an introverted high school student and schemes her way into the lives of her wealthy family.
Poison Ivy: New Seduction,A sinister seductress vows to destroy a suburban family.
Tora! Tora! Tora!,A dramatization of the Japanese attack on the US naval base at Pearl Harbor and the series of American blunders that allowed it to happen.
Women on the Verge of a Nervous Breakdown (Mujeres al borde de un ataque de nervios),"A woman's lover leaves her, and she tries to contact him to find out why he's left. She confronts his wife and son, who are as clueless as she. Meanwhile her girlfriend is afraid the police..."
"Verdict, The",A lawyer sees the chance to salvage his career and self-respect by taking a medical malpractice case to trial rather than settling.
"Effect of Gamma Rays on Man-in-the-Moon Marigolds, The","From the Pullizer Prize winning play by Paul Zindel, this is the story of Beatrice Hunsdorfer and her daughters, Ruth and Matilda. A middle-aged widowed eccentric, Beatrice is looking for ..."
"Adventures of Buckaroo Banzai Across the 8th Dimension, The","Adventurer/surgeon/rock musician Buckaroo Banzai and his band of men, the Hong Kong Cavaliers, take on evil alien invaders from the 8th dimension."
Stand and Deliver,"The story of Jaime Escalante, a high school teacher who successfully inspired his dropout prone students to learn calculus."
Moonstruck,"Loretta Castorini, a book keeper from Brooklyn, New York, finds herself in a difficult situation when she falls for the brother of the man she has agreed to marry."
Jeremiah Johnson,"A mountain man who wishes to live the life of a hermit becomes the unwilling object of a long vendetta by Indians, and proves to be a match for their warriors in one-on-one combat on the early frontier."
Repulsion,A sex-repulsed woman who disapproves of her sister's boyfriend sinks into depression and has horrific visions of rape and violence.
Irma la Douce,"In Paris, an ex-cop falls in love with a prostitute, and tries to get her out of that life by paying for all of her time. Not so easy..."
42 Up,Director Michael Apted revisits the same group of British-born adults after a 7 year wait. The subjects are interviewed as to the changes that have occurred in their lives during the last seven years.
Liberty Heights,"Anti-Semitism, race relations, coming of age, and fathers and sons: in Baltimore from fall, 1954, to fall, 1955. Racial integration comes to the high school, TV is killing burlesque, and ..."
Mansfield Park,"At 10, Fanny Price, a poor relation, goes to live at Mansfield Park, the estate of her aunt's husband, Sir Thomas. Clever, studious, and a writer with an ironic imagination and fine moral ..."
Sleepy Hollow,"Ichabod Crane is sent to Sleepy Hollow to investigate the decapitations of 3 people with the culprit being the legendary apparition, the Headless Horseman."
"World Is Not Enough, The","James Bond uncovers a nuclear plot when he protects an oil heiress from her former kidnapper, an international terrorist who can't feel pain."
All About My Mother (Todo sobre mi madre),"Young Esteban wants to become a writer and also to discover the identity of his father, carefully concealed by his mother Manuela."
Babes in Toyland,"Ollie Dee and Stanley Dum try to borrow money from their employer, the toymaker, to pay off the mortgage on Mother Peep's shoe and keep it and Little Bo Peep from the clutches of the evil ..."
Scrooged,"A selfish, cynical T.V. executive is haunted by three spirits bearing lessons on Christmas Eve."
Harvey,"Due to his insistence that he has an invisible six-foot rabbit for a best friend, a whimsical middle-aged man is thought by his family to be insane - but he may be wiser than anyone knows."
Bicycle Thieves (a.k.a. The Bicycle Thief) (a.k.a. The Bicycle Thieves) (Ladri di biciclette),"Set in Post-WWII Italy, a working class man's bicycle is stolen. He and his son set out to find it."
Matewan,A labor union organizer comes to an embattled mining community brutally and violently dominated and harassed by the mining company.
Kagemusha,A petty thief with an utter resemblance to a samurai warlord is hired as the lord's double. When the warlord later dies the thief is forced to take up arms in his place.
McCabe & Mrs. Miller,"A gambler and a prostitute become business partners in a remote Old West mining town, and their enterprise thrives until a large corporation arrives on the scene."
Maurice,"After his lover rejects him, a young man trapped by the oppressiveness of Edwardian society tries to come to terms with and accept his sexuality."
"Grapes of Wrath, The","A poor Midwest family is forced off of their land. They travel to California, suffering the misfortunes of the homeless in the Great Depression."
My Man Godfrey,"The eccentric Bullock household again need a new butler. Daughter Irene encounters bedraggled Godfrey Godfrey at the docks and, fancying him and noticing his obviously good manners, gets ..."
"Shop Around the Corner, The","Two employees at a gift shop can barely stand one another, without realizing that they're falling in love through the post as each other's anonymous pen pal."
"Natural, The",An unknown comes out of seemingly nowhere to become a legendary player with almost divine talent.
Shampoo,Lovers undo a hairdresser from Beverly Hills around Election Eve in 1968.
"River Runs Through It, A","The story about two sons of a stern minister -- one reserved, one rebellious -- growing up in rural Montana while devoted to fly fishing."
Fatal Attraction,A married man's one night stand comes back to haunt him when that lover begins to stalk him and his family.
Jagged Edge,San Francisco heiress Page Forrester is brutally murdered in her remote beach house. Her husband Jack is devastated by the crime but soon finds himself accused of her murder. He hires ...
Stanley & Iris,A struggling widow falls in love with an illiterate short-order cook whom she teaches to read and write in her kitchen each night.
Midnight Run,"An accountant is chased by bounty hunters, the FBI, and the Mafia after jumping bail."
Awakenings,"The victims of an encephalitis epidemic many years ago have been catatonic ever since, but now a new drug offers the prospect of reviving them."
Come See the Paradise,"Portraying one of the shadier details of American history, this is the story of Jack McGurn, who comes to Los Angeles in 1936. He gets a job at a movie theatre in Little Tokyo and falls in ..."
Backdraft,Two Chicago firefighter brothers who don't get along have to work together while a dangerous arsonist is on the loose.
"Fisher King, The","A former radio DJ, suicidally despondent because of a terrible mistake he made, finds redemption in helping a deranged homeless man who was an unwitting victim of that mistake."
"River, The","A farming family battles severe storms, a bank is threatening to repossess their farm, and there are other hard times in a battle to save and hold on to their farm."
Country,"Gilbert Ivy and his wife Jewell are farmers. They seem to be working against the odds, producing no financial surplus. Gilbert has lost hope of ever becoming prosperous, but his wife ..."
Places in the Heart,"In 1930's Southern US, a widow and her family try to run their cotton farm with the help of a disparate group of friends."
'night Mother,"What would you do if someone you loved sat down with you one night and calmly told you that they were going to end their life before morning? This is Thelma Cates' dilemma. Her daughter, ..."
End of Days,"At the end of the century, Satan visits New York in search of a bride. It's up to an ex-cop who now runs an elite security outfit to stop him."
Toy Story 2,"When Woody is stolen by a toy collector, Buzz and his friends vow to rescue him, but Woody finds the idea of immortality in a museum tempting."
Flawless,An ultraconservative police officer suffers a debilitating stroke and is assigned to a rehabilitative program that includes singing lessons - with the drag queen next door.
Miss Julie,A footman seduces a count's daughter.
Ride with the Devil,"Jake Roedel and Jack Bull Chiles are friends in Missouri when the Civil War starts. Women and Blacks have few rights. Jack Bull's dad is killed by Union soldiers, so the young men join the ..."
Tumbleweeds,A woman constantly runs from town to town with her 12 year old daughter to escape failed relationships. The film opens with one escape and the shift into a new start in San Diego. There Mom...
"Distinguished Gentleman, The","A Florida con man uses the passing of the long time Congressman from his district who he just happens to share a name with, to get elected to his version of paradise, Congress, where the ..."
"Hitch-Hiker, The",Two fishermen pick up a psychotic escaped convict who tells them that he intends to murder them when the ride is over.
Santa Fe Trail,"In 1854, Jeb Stuart, George Custer and other graduates from West Point are posted to Kansas to help pacify the territory before railroad construction to Santa Fe can resume."
"End of the Affair, The","On a rainy London night in 1946, novelist Maurice Bendrix has a chance meeting with Henry Miles, husband of his ex-mistress Sarah, who abruptly ended their affair two years before. ..."
Holy Smoke,"While on a journey of discovery in exotic India, beautiful young Ruth Barron falls under the influence of a charismatic religious guru. Her desperate parents then hire PJ Waters, a macho ..."
"Map of the World, A",A woman's life falls apart after she's blamed for an accident on her property.
Sweet and Lowdown,"In the 1930s, jazz guitarist Emmet Ray idolizes Django Reinhardt, faces gangsters and falls in love with a mute woman."
Bonfire of the Vanities,"After his mistress runs over a young teen, a Wall Street hotshot sees his life unravel in the spotlight, and attracting the interest of a down and out reporter."
Go West,With little luck at keeping a job in the city a New Yorker tries work in the country and eventually finds his way leading a herd of cattle to the West Coast.
Grand Illusion (La grande illusion),"During the first World War, two French soldiers are captured and imprisoned in a German P.O.W. camp. Several escape attempts follow until they are sent to a seemingly impenetrable fortress which seems impossible to escape from."
"Great Santini, The","As he approaches manhood, Ben Meechum struggles to win the approval of his demanding alpha male father, an aggressively competitive, but frustrated marine pilot."
"James Dean Story, The","This documentary, which was undertaken soon after James Dean's death, looks at Dean's life through the use of still photographs with narration, and interviews with many of the people ..."
Stealing Home,Mark Harmon is a washed-up baseball player who is called back home to handle the ashes of his childhood sweetheart/ first love who had committed suicide. As he searches for what to do with ...
Three Ages,The misadventures of Buster in three separate historical periods.
"Two Jakes, The",The sequel to Chinatown (1974) finds Jake Gittes investigating adultery and murder... and the money that comes from oil.
U2: Rattle and Hum,A documentary of Irish rock group U2's Fall 1987 tour of North America.
Hell in the Pacific,"During World War II, an American pilot and a marooned Japanese navy captain are deserted on a small uninhabited island in the Pacific Ocean. There, they must cease their hostility and cooperate if they want to survive, but will they?"
"Glass Bottom Boat, The","After a series of misunderstandings, the head of an aerospace research laboratory begins to suspect his new girlfriend is a Russian spy."
Cradle Will Rock,"A true story of politics and art in the 1930s U.S., focusing on a leftist musical drama and attempts to stop its production."
Deuce Bigalow: Male Gigolo,A man becomes a male gigolo after being mistaken for one while housesitting a male gigolo's house.
"Green Mile, The","The lives of guards on Death Row are affected by one of their charges: a black man accused of child murder and rape, yet who has a mysterious gift."
"Cider House Rules, The","A compassionate young man, raised in an orphanage and trained to be a doctor there, decides to leave to see the world."
"War Zone, The","An alienated teenager, saddened that he has moved away from London, must find a way to deal with a dark family secret."
"Last Picture Show, The","A group of 1950s high schoolers come of age in a bleak, isolated, atrophied West Texas town that is slowly dying, both economically and culturally."
"7th Voyage of Sinbad, The","When a princess is shrunken by an evil wizard, Sinbad must undertake a quest to an island of monsters to cure her and prevent a war."
Anna and the King,"The story of the romance between the King of Siam and widowed British schoolteacher, Anna Leonowens, during the 1860s."
Bicentennial Man,An android endeavors to become human as he gradually acquires emotions.
Stuart Little,"The Little family adopt a charming young mouse named Stuart, but the family cat wants rid of him."
"Emperor and the Assassin, The (Jing ke ci qin wang)","In pre-unified China, the King of Qin sends his concubine to a rival kingdom to produce an assassin for a political plot, but as the king's cruelty mounts she finds her loyalty faltering."
Fantasia 2000,An update of the original film with new interpretations of great works of classical music.
Magnolia,"An epic mosaic of interrelated characters in search of love, forgiveness, and meaning in the San Fernando Valley."
Onegin,"In the opulent St. Petersburg of the Empire period, Eugene Onegin is a jaded but dashing aristocrat - a man often lacking in empathy, who suffers from restlessness, melancholy and, finally,..."
Topsy-Turvy,"After Gilbert and Sullivan's latest play is critically panned, the frustrated team threatens to disband until it is inspired to write the masterpiece The Mikado."
Boiling Point,A pair of sociopath killers take on the police and the mob in order to make one last big score.
Brenda Starr,"Mike is a struggling artist who draws the 'Brenda Starr' strip for the papers. When Brenda comes to life in the strip and sees how unappreciated she is by Mike, she leaves the strip. To get..."
Carnal Knowledge,"The concurrent sexual lives of best friends Jonathan and Sandy are presented, those lives which are affected by the sexual mores of the time and their own temperament, especially in ..."
Easy Rider,Two counterculture bikers travel from Los Angeles to New Orleans in search of America.
The Falcon and the Snowman,The true story of a disillusioned military contractor employee and his drug pusher childhood friend who became walk-in spies for the Soviet Union.
Room at the Top,"An ambitious young accountant schemes to wed a wealthy factory owner's daughter, despite falling in love with a married older woman."
Any Given Sunday,A behind-the-scenes look at the life-and-death struggles of modern-day gladiators and those who lead them.
Man on the Moon,"The life and career of a legendary comedian, Andy Kaufman."
Galaxy Quest,The alumni cast of a space opera television series have to play their roles as the real thing when an alien race needs their help.
"Talented Mr. Ripley, The","In late 1950s New York, Tom Ripley, a young underachiever, is sent to Italy to retrieve Dickie Greenleaf, a rich and spoiled millionaire playboy. But when the errand fails, Ripley takes extreme measures."
Next Friday,Uncle Elroy and Day Day owe money on taxes so Craig finds a way to steal from the next door neighbors to pay off the taxes so Uncle Elroy's house doesn't get put up for auction.
"Hurricane, The","The story of Rubin Hurricane Carter, a boxer wrongly imprisoned for murder, and the people who aided in his fight to prove his innocence."
Angela's Ashes,"Based on the best selling autobiography by Irish expat Frank McCourt, Angela's Ashes follows the experiences of young Frankie and his family as they try against all odds to escape the ..."
Play it to the Bone,Two best friends and former middleweight contenders travel to Las Vegas to fight each other for the first time.
Titus,"Titus returns victorious from war, only to plant the seeds of future turmoil for himself and his family."
"Mr. Death: The Rise and Fall of Fred A. Leuchter, Jr.",A cinematic portrait of the life and career of the infamous American execution device designer and holocaust denier.
"Third Miracle, The","The Vatican sends a priest to verify some miracles, performed by a woman who has been nominated for sainthood. During his investigation, the priest, who is experiencing a crisis of faith, ..."
Snow Falling on Cedars,"A U.S. Japanese fisherman may have killed his neighbor Carl at sea. In the 1950s, race figures into the trial. So does reporter Ishmael."
"Girl, Interrupted",Based on writer Susanna Kaysen's account of her 18-month stay at a mental hospital in the 1960s.
"Life and Times of Hank Greenberg, The","The life and career of Hank Greenberg, the first major Jewish baseball star in the Major Leagues."
My Dog Skip,"A shy boy grows up in 1940s Mississippi with the help of his beloved dog, Skip."
Supernova,"Supernova chronicles the search and rescue patrol of a medical ship in deep space in the early 22nd century and its six-member crew which includes a Captain and Pilot, a co-pilot, a medical..."
"Terrorist, The (a.k.a. Malli) (Theeviravaathi)","A young female terrorist goes on a suicide assassination mission, but her resolve to complete it is put to the test."
"Way We Were, The","Two desperate people have a wonderful romance, but their political views and convictions drive them apart."
Stalag 17,"When two escaping American World War II prisoners are killed, the German POW camp barracks black marketeer, J.J. Sefton, is suspected of being an informer."
"Presidio, The",Jay Austin is now a civilian police detective. Colonel Caldwell was his commanding officer years before when he left the military police over a disagreement over the handling of a drunk ...
Papillon,"A man befriends a fellow criminal as the two of them begin serving their sentence on a dreadful prison island, which inspires the man to plot his escape."
Pal Joey,"Joey Evans is charming, handsome, funny, talented, and a first class, A-number-one heel. When Joey meets the former chorus girl (She used to be 'Vera...with the Vanishing Veils') and now ..."
"Last Detail, The",Two Navy men are ordered to bring a young offender to prison but decide to show him one last good time along the way.
Five Easy Pieces,"A drop-out from upper-class America picks up work along the way on oil-rigs when his life isn't spent in a squalid succession of bars, motels, and other points of interest."
Even Dwarfs Started Small (Auch Zwerge haben klein angefangen),"The inhabitants of an institution in a remote country rebel against their keepers. Their acts of rebellion are by turns humorous, boring and alarming. An allegory on the problematic nature ..."
Dead Calm,A mass murderer kidnaps and seduces a young woman after leaving her husband to die on the vessel whose crew he has just slaughtered.
"Boys from Brazil, The",A Nazi hunter in Paraguay discovers a sinister and bizarre plot to rekindle the Third Reich.
Black Sunday (La maschera del demonio),A vengeful witch and her fiendish servant return from the grave and begin a bloody campaign to possess the body of the witch's beautiful look-alike descendant. Only the girl's brother and a handsome doctor stand in her way.
Against All Odds,"A gangster hires an ex-football player to find his girlfriend. When he finds her, they fall in love, and the twists start to appear."
"Snows of Kilimanjaro, The",Writer Harry Street reflects on his life as he lies dying from an infection while on safari in the shadow of Mount Kilamanjaro.
Loaded Weapon 1 (National Lampoon's Loaded Weapon 1),An LA detective is murdered because she has microfilm with the recipe to make cocaine cookies. A Lethal Weapon style cop team tries to find and stop the fiends before they can dope the ...
Fast Times at Ridgemont High,"A group of Southern California high school students are enjoying their most important subjects: sex, drugs and rock n' roll."
"Cry in the Dark, A",A mother whose child was killed in a Dingo attack in the Australian outback fights to prove her innocence when she is accused of murder.
Batman: Mask of the Phantasm,Batman is wrongly implicated in a series of murders of mob bosses actually done by a new vigilante assassin.
American Flyers,Sports physician Marcus persuades his unstable brother David to come with him and train for a bicycle race across the Rocky Mountains. He doesn't tell him that he has a brain aneurysm which...
"Vampyros Lesbos (Vampiras, Las)",An erotic horror tale about a vixen vampiress seducing and killing women to appease her insatiable thirst for female blood.
"Star Is Born, A","A young woman comes to Hollywood with dreams of stardom, but achieves them only with the help of an alcoholic leading man whose best days are behind him."
Poison,"Three intercut stories about outsiders, sex and violence. In Hero, Richie, at age 7, kills his father and flies away. After the event, a documentary in cheesy lurid colors asks what ..."
Pacific Heights,A couple works hard to renovate their dream house and become landlords to pay for it. Unfortunately one of their tenants has plans of his own.
"Draughtsman's Contract, The","Mr. Neville, a cocksure young artist is contracted by Mrs. Herbert, the wife of a wealthy landowner, to produce a set of twelve drawings of her husband's estate, a contract which extends ..."
"Zed & Two Noughts, A","Oliver Deuce, a successful doctor, is shattered when his wife is killed in a freak car accident involving the car being driven by Alba Bewick colliding with a very large rare bird. His twin..."
Woman in the Dunes (Suna no onna),An entomologist on vacation is trapped by local villagers into living with a woman whose life task is shoveling sand for them.
Down to You,A young man wins and loses the first serious love of his life.
Seven Chances,A man learns he will inherit a fortune if he marries. By 7 p.m. Today.
Where the Buffalo Roam,Semi-biographical film based on the experiences of gonzo journalist Hunter S. Thompson.
Eye of the Beholder,"A private eye shadows a female serial killer of men all over the U.S. without her knowing as he, strangely enough, occasionally acts as her guardian angel."
Isn't She Great?,"An unsuccessful over-the-top actress becomes a successful over-the-top authoress in this biography of Jacqueline Susann, the famed writer of Valley of the Dolls and other trashy novels. ..."
"Big Tease, The","Flamboyant Glasgow hairdresser, Crawford Mackinzie, gets a letter from the World Hairdresser International Federation inviting him to its prestigious annual contest in L.A. Filmmaker Martin..."
"Cup, The (Phörpa)","While the soccer World Cup is being played in France, two young Tibetan refugees arrive at a monastery/boarding school in exile in India. Its atmosphere of serene contemplation is somewhat ..."
Encino Man,"When they find a frozen cave-man in their back yard, two high-school outcasts thaw him and introduce him to modern life while he in turn gets them to actually enjoy life."
"Goodbye Girl, The","After being dumped by her live-in boyfriend, an unemployed dancer and her 10-year-old daughter are reluctantly forced to live with a struggling off-Broadway actor."
I Am Cuba (Soy Cuba/Ya Kuba),Four vignettes about the lives of the Cuban people set during the pre-revolutionary era.
Malcolm X,"Biographical epic of the controversial and influential Black Nationalist leader, from his early life and career as a small-time gangster, to his ministry as a member of the Nation of Islam."
Sister Act,"When a worldly singer witnesses a mob crime, the police hide her as a nun in a traditional convent where she has trouble fitting in."
Sister Act 2: Back in the Habit,The sisters come back to Delores's show to get her back as Sister Mary Clarence to teach music to a group of students in their parochial school which is doomed for closure. One of the girls...
"Hand That Rocks the Cradle, The","After her humiliated husband kills himself, an embittered pregnant widow loses her child, and embarks on a mission of vengeance against a woman and her family."
Alive,Uruguayan rugby team stranded in the snow swept Andes are forced to use desperate measures to survive after a plane crash.
Agnes of God,"When a naive novice nun is discovered with a dead newborn in her convent quarters, a court-appointed psychiatrist investigates her case."
Scent of a Woman,"A prep school student needing money agrees to babysit a blind man, but the job is not at all what he anticipated."
Wayne's World,Two slacker friends try to promote their public-access cable show.
Wayne's World 2,The inseparable duo try to organize a rock concert while Wayne must fend off a record producer who has an eye for his girlfriend.
"League of Their Own, A",Two sisters join the first female professional baseball league and struggle to help it succeed amidst their own growing rivalry.
Patriot Games,"When CIA Analyst Jack Ryan interferes with an IRA assassination, a renegade faction targets him and his family for revenge."
"Bodyguard, The","A former Secret Service agent takes on the job of bodyguard to a pop singer, whose lifestyle is most unlike a President's."
Death Becomes Her,"When a woman learns of an immortality treatment, she sees it as a way to outdo her long-time rival."
Far and Away,"A young man leaves Ireland with his landlord's daughter after some trouble with her father, and they dream of owning land at the big give-away in Oklahoma ca. 1893. When they get to the new..."
Howards End,A businessman thwarts his wife's bequest of an estate to another woman.
Singles,"A group of twenty-something friends, most of whom live in the same apartment complex, search for love and success in grunge-era Seattle."
Twin Peaks: Fire Walk with Me,A young FBI agent disappears while investigating a murder miles from Twin Peaks that may be related to the future murder of Laura Palmer; the last week of the life of Laura Palmer is chronicled.
White Men Can't Jump,Black and white basketball hustlers join forces to double their chances.
Buffy the Vampire Slayer,A flighty teenage girl learns that she is her generation's destined battler of vampires.
Hard-Boiled (Lat sau san taam),A tough-as-nails cop teams up with an undercover agent to shut down a sinister mobster and his crew.
Man Bites Dog (C'est arrivé près de chez vous),A film crew follows a ruthless thief and heartless killer as he goes about his daily routine. But complications set in when the film crew lose their objectivity and begin lending a hand.
"Mariachi, El",A traveling mariachi is mistaken for a murderous criminal and must hide from a gang bent on killing him.
Stop! Or My Mom Will Shoot,A tough police sergeant's mother comes to visit him and begins to meddle in his life and career.
Forever Young,A 1939 test pilot asks his best friend to use him as a guinea pig for a cryogenics experiment. Daniel McCormick wants to be frozen for a year so that he doesn't have to watch his love lying...
"Cutting Edge, The","At the 1988 Winter Olympics at Calgary, we see Doug Dorsey battered in a vicious hockey game against West Germany. We then see Kate Moseley doing her program and falling when a lift goes ..."
Of Mice and Men,"Two drifters, one a gentle but slow giant, try to make money working the fields during the Depression so they can fulfill their dreams."
Bad Lieutenant,"While investigating a young nun's rape, a corrupt New York City police detective, with a serious drug and gambling addiction, tries to change his ways and find forgiveness."
Scream 3,"While Sidney and her friends visit the Hollywood set of Stab 3, the third film based on the Woodsboro murders, a new Ghostface begins to terrorize them once again."
Single White Female,A woman advertising for a new roommate finds that something very strange is going on with the tenant who decides to move in.
"Boondock Saints, The",Fraternal twins set out to rid Boston of the evil men operating there while being tracked down by an FBI agent.
Gun Shy,An undercover DEA agent brings down the Mafia.
"Brandon Teena Story, The",Documentary about a multiple murder in rural Nebraska in 1993.
Different for Girls,"Karl Foyle and Paul Prentice were best mates at school in the Seventies. But when they meet again in present-day London things are definitely not the same. Karl is now Kim, a transsexual, ..."
They Might Be Giants,"In a Manhattan psychiatric hospital a man, convinced he is Sherlock Holmes, is treated by a female doctor who happens to be named Watson."
"Beach, The","Twenty-something Richard travels to Thailand and finds himself in possession of a strange map. Rumours state that it leads to a solitary beach paradise, a tropical bliss - excited and intrigued, he sets out to find it."
Snow Day,"When a school in upstate New York is snowed in, a group of students hi-jack a plow to keep the school closed."
"Tigger Movie, The",Tigger goes looking through the hundred-acre-wood to find his family.
Not One Less (Yi ge dou bu neng shao),"In a remote mountain village, the teacher must leave for a month, and the mayor can find only a 13-year old girl, Wei Minzhi, to substitute. The teacher leaves one stick of chalk for each ..."
"Big Combo, The","A police lt. is ordered to stop investigating deadly crime boss Mr. Brown, because he hasn't been able to get any hard evidence against him. He then goes after Brown's girlfriend who despises him, for information instead."
Eaten Alive,"A psychotic redneck who owns a dilapidated hotel in rural East Texas kills various people who upset him or his business, and he feeds their bodies to a large crocodile that he keeps as a pet in the swamp beside his hotel."
To Sir with Love,Idealistic engineer-trainee and his experiences in teaching a group of rambunctious white high school students from the slums of London's East End.
Boiler Room,"A college dropout gets a job as a broker for a suburban investment firm, which puts him on the fast track to success, but the job might not be as legitimate as it sounds."
Hanging Up,"A trio of sisters bond over their ambivalence toward the approaching death of their curmudgeonly father, to whom none of them was particularly close."
Pitch Black,"A commercial transport ship and its crew are marooned on a planet full of bloodthirsty creatures that only come out to feast at night. But then, they learn that a month-long eclipse is about to occur."
"Whole Nine Yards, The","Nick is a struggling dentist in Canada. A new neighbor moves in, and he discovers that it is Jimmy The Tulip Teduski. His wife convinces him to go to Chicago and inform the mob boss who wants Jimmy dead."
Beautiful People,"In London, during October 1993, England is playing Holland in the preliminaries of the World Cup. The Bosnian War is at its height, and refugees from the ex-Yugoslavia are arriving. ..."
Black Tar Heroin: The Dark End of the Street,This documentary follows the lives of a number of heroin addicts in the U.S.A. It shows their heroin life stories.
Blue Collar,"Three workers, Zeke, Jerry and Smokey, are working at a car plant and drinking their beers together. One night when they steal away from their wives to have some fun they get the idea to ..."
"Circus, The",The Tramp finds work and the girl of his dreams at a circus.
City Lights,"With the aid of a wealthy erratic tippler, a dewy-eyed tramp who has fallen in love with a sightless flower girl accumulates money to be able to help her medically."
"Flamingo Kid, The",Jeffrey Willis has just finished high school and isn't quite sure what the future holds. His parents expect him to go to college but he is starting to find his close-knit family stifling. ...
"Dog's Life, A",The Little Tramp and his dog companion struggle to survive in the inner city.
"Kid, The","The Tramp cares for an abandoned child, but events put that relationship in jeopardy."
Class Reunion,"Lizzie Borden High's class of '72 are going through the motions at their tenth-year reunion, until deranged alum Walter Baylor, driven insane by a sadistic senior-year prank, escapes from ..."
"Big Trees, The",A Quaker colony tries to save the giant sequoias from a timber baron.
Reindeer Games,"After assuming his dead cellmate's identity to get with his girlfriend, an ex-con finds himself the reluctant participant in a casino heist."
Wonder Boys,"An English Professor tries to deal with his wife leaving him, the arrival of his editor who has been waiting for his book for seven years, and the various problems that his friends and associates involve him in."
Deterrence,The President of the United States must deal with an international military crisis while confined to a Colorado diner during a freak snowstorm
Mifune's Last Song (Mifunes sidste sang),"Kresten has moved from his parents farm on a small Danish island to Copenhagen in order to pursue his working career. When his father dies he has to move back to the farm, where nothing ..."
Drowning Mona,"When a woman drives a car into the river to her death, everyone in town becomes a suspect."
"Next Best Thing, The","Abbie, tired of failed relationships, has a one-night-stand with her gay friend; they agree to raise the resulting baby together."
What Planet Are You From?,"A highly-evolved planet, whose denizens feel no emotion and reproduce by cloning, plans to take over Earth from the inside by sending an operative, fashioned with a humming, mechanical ..."
Beyond the Mat,A heartfelt documentary focusing on the lives of professional wrestlers and how their sport is not fake.
Ghost Dog: The Way of the Samurai,An African American mafia hit man who models himself after the samurai of old finds himself targeted for death by the mob.
The Year My Voice Broke,"During the year 1962, a young prepubescent boy in rural Australia watches painfully as his best friend and first love, an older girl, blossoms into womanhood and falls for a thuggish rugby ..."
Splendor in the Grass,A fragile Kansas girl's love for a handsome young man from the town's most powerful family drives her to heartbreak and madness.
My Tutor,A rich father hires a tutor for his son. The son is a horny teenager and the tutor is a gorgeous blonde. Complications ensue.
Key Largo,"A man visits his old friend's hotel and finds a gangster running things. As a hurricane approaches, the two end up confronting each other."
For All Mankind,"This movie documents the Apollo missions perhaps the most definitively of any movie under two hours. Al Reinert watched all the footage shot during the missions--over 6,000,000 feet of it, ..."
Cross of Iron,"In 1943, in the Russian front, the decorated leader Rolf Steiner is promoted to Sergeant after another successful mission. Meanwhile the upper-class and arrogant Prussian Captain Hauptmann ..."
Bride of the Monster,A mad doctor attempts to create atomic supermen.
Born Yesterday,A million dollar Tycoon hires a tutor to teach his lover proper etiquette.
Birdy,After two friends return home from the Vietnam War one becomes mentally unstable and obsesses with becoming a bird.
And God Created Woman,"In this variation on director Vadim's own, more acclaimed Et Dieu Créa La Femme (1956, the same title in French), the vamp Robin Shea marries charming carpenter Billy Moran, only to get out..."
Blood Feast,"An Egyptian caterer kills various women in suburban Miami to use their body parts to bring to life a dormant Egyptian goddess, while an inept police detective try to track him down."
Never Cry Wolf,"A government researcher, sent to research the menace of wolves in the north, learns about the true beneficial and positive nature of the species."
"Perils of Pauline, The",The real life story of actress Pearl White during her rise to fame in silent serials.
"Raisin in the Sun, A",A substantial insurance payment could mean either financial salvation or personal ruin for a poor black family.
Two Thousand Maniacs!,Six people are lured into a small Deep South town for a Centennial celebration where the residents proceed to kill them one by one as revenge for the town's destruction during the Civil War.
Mission to Mars,"When the first manned mission to Mars meets with a catastrophic and mysterious disaster after reporting a unidentified structure, a rescue mission is launched to investigate the tragedy and bring back any survivors."
"Ninth Gate, The","A rare book dealer, while seeking out the last two copies of a demon text, gets drawn into a conspiracy with supernatural overtones."
East-West (Est-ouest),"June 1946: Stalin invites Russian emigres to return to the motherland. It's a trap: when a ship-load from France arrives in Odessa, only a physician and his family are spared execution or ..."
Defending Your Life,"In an afterlife resembling the present-day US, people must prove their worth by showing in court how they have demonstrated courage."
Breaking Away,A small-town boy obsessed with the Italian cycling team vies for the affections of a college girl.
Hoosiers (a.k.a. Best Shot),A coach with a checkered past and a local drunk train a small town high school basketball team to become a top contender for the championship.
Bull Durham,A fan who has an affair with one minor-league baseball player each season meets an up-and-coming pitcher and the experienced catcher assigned to him.
Dog Day Afternoon,A man robs a bank to pay for his lover's operation; it turns into a hostage situation and a media circus.
American Graffiti,A couple of high school grads spend one final night cruising the strip with their buddies before they go off to college.
"Asphalt Jungle, The","A major heist goes off as planned, until bad luck and double crosses cause everything to unravel."
"Searchers, The",A Civil War veteran embarks on a journey to rescue his niece from an Indian tribe.
"Big Country, The","A New Englander arrives in the Old West, where he becomes embroiled in a feud between two families over a valuable patch of land."
Betrayed,An FBI agent posing as a combine driver becomes romantically involved with a Midwest farmer who lives a double life as a white supremacist.
Bound for Glory,The early life of Woody Guthrie as a vagabond folk singer.
Hangmen Also Die!,"After the Nazi administrator of Czechoslovakia is shot, his assassin tries to elude the Gestapo and struggles with his impulse to give himself up as hostages are executed."
On the Beach,"After a global nuclear war, the residents of Australia must come to terms with the fact that all life will be destroyed in a matter of months."
Railroaded!,"A beautician and her crooked boyfriend attempt to rob the bookie operation located in the back room, but when the plan goes wrong, they frame an innocent man."
"Taking of Pelham One Two Three, The","In New York, armed men hijack a subway car and demand a ransom for the passengers. Even if it's paid, how could they get away?"
Volunteers,"Lawrence is a rich kid with a bad accent and a large debt. After his father refuses to help him out, Lawrence escapes his angry debtors by jumping on a Peace Corp flight to Southeast Asia, ..."
JFK,A New Orleans DA discovers there's more to the Kennedy assassination than the official story.
Who's Harry Crumb?,Harry Crumb is a bumbling and inept private investigator who is hired to solve the kidnapping of a young heiress which he's not expected to solve because his employer is the mastermind behind the kidnapping.
Harry and the Hendersons,"The Henderson family adopt a friendly Sasquatch after accidentally running him over on a hunting trip, but have a hard time trying to keep him away from the authorities and an eccentric hunter who's determined to catch Bigfoot."
Shanghai Surprise,Glendon Wasey is a fortune hunter looking for a fast track out of China. Gloria Tatlock is a missionary nurse seeking the curing powers of opium for her patients. Fate sets them on a hectic...
Who's That Girl?,"An uptight New York tax lawyer gets his life turned upside down, all in a single day, when he's asked to escort a feisty and free-spirited female ex-convict whom asks him to help prove her innocence of her crime."
She-Devil,A cunning and resourceful housewife vows revenge on her husband when he begins an affair with a wealthy romance novelist.
Date with an Angel,"Jim is soon to be married to Patty, but when he wakes up after a bachelor party thrown by his friends, he finds an injured angel in his pool. When Patty sees her, she thinks he's seeing ..."
Blind Date,Walter Davis is a workaholic. His attention is all to his work and very little to his personal life or appearance. Now he needs a date to take to his company's business dinner with a new ...
Nadine,"In 1950s Texas, a woman trying to recover sexy photos of herself and divorce her husband witnesses a murder and uncovers corrupt land dealings."
"Muppet Movie, The","Kermit and his new found friends trek across America to find success in Hollywood, but a frog-legs merchant is after Kermit."
"Great Muppet Caper, The","Kermit, Gonzo and Fozzie are reporters who travel to Britain to interview a rich victim of jewel thieves and help her along with her secretary, Miss Piggy."
"Muppets Take Manhattan, The",Kermit and his friends go to New York to get their musical on Broadway only to find it's a more difficult task than they anticipated.
Sesame Street Presents Follow That Bird,"Big Bird is sent to live far from Sesame Street by a pesky social worker. Unhappy, Big Bird runs away from his foster home, prompting the rest of the Sesame Street gang to go on a cross-country journey to find him."
We're Back! A Dinosaur's Story,"Captain New Eyes travels back in time and feeds dinosaurs his Brain Grain cereal, which makes them intelligent and nonviolent. They agree to go to the Middle Future (this era) in order to ..."
Baby... Secret of the Lost Legend,"A paleontologist and her husband discover a mother and baby brontosaurus in Africa, and try to protect them from a group of hunters intent on capturing the dinosaurs."
Turtle Diary,"Two separate people, a man and a woman, find something very stirring about the sea turtles in their tank at the London Zoo. They meet and form an odd, but sympathetic camaraderie as they ..."
Titanic,An unhappy married couple deal with their problems on board the ill-fated ship.
"Night to Remember, A",An account of the ill-fated maiden voyage of RMS Titanic in 1912.
Captain Horatio Hornblower R.N.,"During the Napoleonic wars, a British naval captain has adventures in Central American waters."
Erin Brockovich,An unemployed single mother becomes a legal assistant and almost single-handedly brings down a California power company accused of polluting a city's water supply.
Final Destination,"After a teenager has a terrifying vision of him and his friends dying in a plane crash, he prevents the accident only to have Death hunt them down, one by one."
"Bear, The (Ours, L')",An orphan bear cub hooks up with an adult male as they try to dodge human hunters.
Love Is a Many-Splendored Thing,A widowed doctor of both Chinese and European descent falls in love with a married American correspondent in Hong Kong during China's Communist revolution.
"Mirror, The (Zerkalo)","A dying man in his forties remembers his past. His childhood, his mother, the war, personal moments and things that tell of the recent history of all the Russian nation."
"Crimson Pirate, The",Burt Lancaster plays a pirate with a taste for intrigue and acrobatics who involves himself in the goings on of a revolution in the Caribbean in the late 1700s. A light hearted adventure ...
Thelma & Louise,An Arkansas waitress and a housewife shoot a rapist and take off in a '66 Thunderbird.
...And Justice for All,"A lawyer is forced to defend a guilty judge, while defending other innocent clients, and trying to find punishment for the guilty and provide justice for the innocent."
Animal House,"At a 1962 college, Dean Vernon Wormer is determined to expel the entire Delta Tau Chi Fraternity, but those trouble-makers have other plans for him."
She's Gotta Have It,Story of a woman and her three lovers.
School Daze,A not so popular young man wants to pledge to a popular fraternity at his historically black college.
Do the Right Thing,"On the hottest day of the year on a street in the Bedford-Stuyvesant section of Brooklyn, everyone's hate and bigotry smolders and builds until it explodes into violence."
Mo' Better Blues,Jazz trumpeter Bleek Gilliam makes questionable decisions in his professional and romantic lives.
Jungle Fever,Friends and family of a married black architect react in different ways to his affair with an Italian secretary.
Coogan's Bluff,An Arizona deputy goes to New York City to escort a fugitive back into custody.
"Champ, The","Billy Flynn, a former boxing champion, is now horse trainer in Hialeah. He makes just enough money to raise his little boy T.J., over whom he got custody after his wife Annie left him seven..."
Creature Comforts,A humourous and thought provoking view of what animals in zoos might be thinking about their captivity and surroundings.
Death Wish,A New York City architect becomes a one-man vigilante squad after his wife is murdered by street punks in which he randomly goes out and kills would-be muggers on the mean streets after dark.
Death Wish 2,"Architect Paul Kersey once again becomes a vigilante when he tries to find the five street punks who murdered his daughter and housekeeper, this time on the dark streets of Los Angeles."
Death Wish 3,Architect/vigilante Paul Kersey arrives back in New York City and is forcibly recruited by a crooked police detective to fight street crime caused by a large gang terrorizing the neighborhoods.
Death Wish 5: The Face of Death,"Paul Kersey is back at working vigilante justice when when his fiancée, Olivia, has her business threatened by mobsters."
Double Indemnity,An insurance representative lets himself be talked into a murder/insurance fraud scheme that arouses an insurance investigator's suspicions.
Dying Young,"After she discovers that her boyfriend has betrayed her, Hilary O'Neil is looking for a new start and a new job. She begins to work as a private nurse for a young man suffering from blood ..."
Cool as Ice,"A rap-oriented remake of The Wild One, with heavy emphasis on the fact that rap star Vanilla Ice has assumed the Marlon Brando role."
Teenage Mutant Ninja Turtles,A group of mutated turtle warriors must emerge from the shadows to protect New York City from an uprising criminal gang of ninjas.
Teenage Mutant Ninja Turtles II: The Secret of the Ooze,"The Turtles and the Shredder battle once again, this time for the last cannister of the ooze that created the Turtles, which Shredder wants to create an army of new mutants."
Teenage Mutant Ninja Turtles III,The turtles find themselves transported back in time to ancient Japan.
Red Dawn,"It is the dawn of World War III. In mid-western America, a group of teenagers bands together to defend their town, and their country, from invading Soviet forces."
Band of the Hand,"In an attempt of resocialisation, five hopeless juvenile criminals are sent away from prison into the Everglades for a survival training under the Indian Joe. When this is successful, they ..."
Bloodsport,"Follows Frank Dux, an American martial artist serving in the military, who decides to leave the army to compete in a martial arts tournament in Hong Kong where fights to the death can occur."
Eyes of Laura Mars,"Suddenly Laura Mars can see through the eyes of a serial killer as he commits his crimes. She contacts the police and with the aid of a police detective, tries to stop the killer. But first..."
Funny Bones,An unsuccessful comedian uncovers a family secret and learns the true price of letting inherent talent shine.
"Good Earth, The",The story of a farmer in China: a story of humility and bravery. His father gives Wang Lung a freed slave as wife. By diligence and frugality the two manage to enlarge their property. But ...
"Good Morning, Vietnam",An unorthodox and irreverent DJ begins to shake up things when he is assigned to the US Armed Services Radio station in Vietnam.
"Good Mother, The",A divorced mother may lose custody of her young daughter to her ex-husband after he learns that the little girl crawled into bed with the mother and her boyfriend.
Grumpy Old Men,A lifelong feud between two neighbors since childhood only gets worse when a new female neighbor moves across the street.
Guess Who's Coming to Dinner,A couple's attitudes are challenged when their daughter introduces them to her African-American fiancé.
Romeo Must Die,An avenging cop seeks out his brother's killer and falls for the daughter of a businessman who is involved in a money-deal with his father.
Here on Earth,A rich college kid is taught a lesson after a joy ride ends up destroying a country restaurant.
Whatever It Takes,A modern-day remake of the Cyrano DeBergerac tale.
"Color of Paradise, The (Rang-e khoda)","Mohammad, a boy at Tehran's institute for the blind, waits for his dad to pick him up for summer vacation. While waiting, he realizes a baby bird has fallen from its nest: he chases away a ..."
Waking the Dead,"A congressional candidate questions his sanity after seeing the love of his life, presumed dead, suddenly emerge."
Gothic,The Shelleys visit Lord Byron and compete to write a horror story.
Hillbillys in a Haunted House,"Country singers on their way to Nashville have car trouble, forcing them to stop at an old haunted mansion. Soon they realize that the house is not only haunted, but is also the ..."
Lord of the Flies,"Lost on an island, young survivors of a plane crash eventually revert to savagery despite the few rational boys' attempts to prevent that."
Modern Times,The Tramp struggles to live in modern industrial society with the help of a young homeless woman.
Last Resort (National Lampoon's Last Resort),Sam and Dave are living the boring life until they are beckoned to Sam's uncle's Island. When they get there (still not quite sure how that worked) they are compelled by beautiful women and...
That's Life!,"Harvey and Gillian Fairchild face a very difficult weekend. Harvey, celebrating his 60th birthday, is stressed and depressed. Gillian is awaiting the results of a throat biopsy. Their lives..."
Heart and Souls,"A businessman is reunited with the four lost souls who were his guardian angels during childhood, all with a particular purpose to joining the afterlife."
Hud,"Honest and hard-working Texas rancher Homer Bannon has a conflict with his unscrupulous, selfish, arrogant and egotistical son Hud who sank into alcoholism after accidentally killing his brother in a car crash."
"Hustler, The",An up-and-coming pool player plays a long-time champion in a single high-stakes match.
Inherit the Wind,"Based on a real-life case in 1925, two great lawyers argue the case for and against a science teacher accused of the crime of teaching evolution."
Dersu Uzala,The Russian army sends an explorer on an expedition to the snowy Siberian wilderness where he makes friends with a seasoned local hunter.
Close Encounters of the Third Kind,"After an encounter with U.F.O.s, a line worker feels undeniably drawn to an isolated area in the wilderness where something spectacular is about to happen."
Retroactive,A psychiatrist makes multiple trips through time to save a woman that was murdered by her brutal husband.
"Place in the Sun, A",A poor boy gets a job working for his rich uncle and ends up falling in love with two women.
Jacob's Ladder,"Mourning his dead child, a haunted Vietnam war veteran attempts to discover his past while suffering from a severe case of dissociation. To do so, he must decipher reality and life from his own dreams, delusion, and perception of death."
Empire Records,The employees of an independent music store learn about each other as they try anything to stop the store being absorbed by a large chain.
"Bamba, La",Biographical story of the rise from nowhere of early rock and roll singer Ritchie Valens who died at age 17 in a plane crash with Buddy Holly and the Big Bopper.
Ladyhawke,"Philipe Gastone, a thief, escapes from the dungeon at Aquila, sparking a manhunt. He is nearly captured when Captain Navarre befriends him. Navarre has been hunted by the Bishop's men for ..."
Lucas,"A socially inept fourteen year old experiences heartbreak for the first time when his two best friends -- Cappie, an older-brother figure, and Maggie, the new girl with whom he is in love -- fall for each other."
High Fidelity,"Rob, a record store owner and compulsive list maker, recounts his top five breakups, including the one in progress."
"Road to El Dorado, The","Two swindlers get their hands on a map to the fabled city of gold, El Dorado."
"Skulls, The","Luke McNamara, a college senior from a working class background joins a secret elitist college fraternity organization called The Skulls, in hope of gaining acceptance into Harvard Law ..."
El Dorado,"Cole Thornton, a gunfighter for hire, joins forces with an old friend, Sheriff J.P. Hara. Together with an old Indian fighter and a gambler, they help a rancher and his family fight a rival rancher that is trying to steal their water."
Hook,"When Captain Hook kidnaps his children, an adult Peter Pan must return to Neverland and reclaim his youthful spirit in order to challenge his old enemy."
Horror Express,"In 1906, in China, a British anthropologist discovers a frozen prehistoric creature and must transport it to Europe by train."
My Chauffeur,A free-spirited young woman (Deborah Foreman) upsets the status quo at a stuffy Brentwood limousine service.
"Son of the Sheik, The","The son of the sheik and a dancing girl fall in love, but when he is made to believe she has betrayed him he seeks revenge."
True Grit,"A drunken, hard-nosed U.S. Marshal and a Texas Ranger help a stubborn teenager track down her father's murderer in Indian territory."
Roadside Prophets,Two strangers meet on the road and travel through Nevada on motorcycle to find an elusive spot where they can dump another man's ashes.
Madame Sousatzka,"Renowned Russian piano teacher Irina Sousatzka gets a new student - Bengali piano prodigy Manek. They are both immigrants in the UK and bond quickly. When Manek's single mother's business fails, he must make a career decision."
Max Dugan Returns,An English teacher and struggling single mother has her life disrupted when the father who abandoned her as a child comes back into her life.
Midnight Express,"The true story of Billy Hayes, an American college student who is caught smuggling drugs out of Turkey and thrown into prison."
Misery,"After a famous author is rescued from a car crash by a fan of his novels, he comes to realize that the care he is receiving is only the beginning of a nightmare of captivity and abuse."
Mr. Saturday Night,"The life of Buddy Young, a comic legend in flashbacks but an old man looking for work in the present."
Murphy's Romance,Emma is a divorced woman with a teen aged boy who moves into a small town and tries to make a go of a horse ranch. Murphy is the town druggist who steers business her way. Things are going ...
My Life,A terminally ill man prepares for his death.
Solaris (Solyaris),A psychologist is sent to a station orbiting a distant planet in order to discover what has caused the crew to go insane.
Network,A television network cynically exploits a deranged former anchor's ravings and revelations about the news media for its own profit.
No Way Out,A coverup and witchhunt occur after a politician accidentally kills his mistress.
North Dallas Forty,A semi-fictional account of life as a professional Football (American-style) player. Loosely based on the Dallas Cowboys team of the early 1970s.
"Odd Couple, The","Two friends try sharing an apartment, but their ideas of housekeeping and lifestyles are as different as night and day."
"Outlaw Josey Wales, The",A Missouri farmer joins a Confederate guerrilla unit and winds up on the run from the Union soldiers who murdered his family.
Black and White,A group of white high school teens become involved with Harlem's black hip-hop crowd.
Frequency,"An accidental cross-time radio link connects father and son across 30 years. The son tries to save his father's life, but then must fix the consequences."
Ready to Rumble,Two slacker wrestling fans are devastated by the ousting of their favorite character by an unscrupulous promoter.
Return to Me,A man who falls in love with the woman who received his wife's heart must decide which woman it is who holds his heart.
Rules of Engagement,An attorney defends an officer on trial for ordering his troops to fire on civilians after they stormed a U.S. embassy in a third world country.
Me Myself I,"Pamela Drury is unhappy, and alone. On her birthday she stumbles across a photo of Robert Dickson, and wonders what would've happened had she said yes to his proposal. A freak accident ..."
"Bell, Book and Candle","A modern-day witch likes her neighbor but despises his fiancée, so she enchants him to love her instead, only to fall in love with him for real."
"End of Violence, The",Mike Max is a Hollywood producer who became powerful and rich thanks to brutal and bloody action films. His ignored wife Paige is close to leaving him. Suddenly Mike is kidnapped by two ...
Force 10 from Navarone,"During World War II, several oddly assorted military experts are teamed in a mission to raid and destroy a bridge vital to enemy strategy."
How to Stuff a Wild Bikini,"Frankie, on naval-reserve duty in Tahiti, doesn't trust Dee Dee to stay faithful, so he hires Bwana, a witch doctor, to help. Bwana conjures up a floating bikini, stuffs it with Cassandra..."
Mystery Train,Three stories are connected by a Memphis hotel and the spirit of Elvis Presley.
Sacco and Vanzetti (Sacco e Vanzetti),The story of two anarchists who were charged and unfairly tried for murder when it was really for their political convictions.
Arthur,"Arthur is a happy drunk with no pretensions at any ambition. He is also the heir to a vast fortune which he is told will only be his if he marries Susan. He does not love Susan, but she ..."
Bachelor Party,A soon-to-be-married man's friends throw him the ultimate bachelor party.
Parenthood,"The Buckman family is a midwestern family all dealing with their lives: estranged relatives, raising children, pressures of the job, and learning to be a good parent and spouse."
Predator,A team of commandos on a mission in a Central American jungle find themselves hunted by an extra-terrestrial warrior.
"Prince of Tides, The",A troubled man talks to his suicidal sister's psychiatrist about their family history and falls in love with her in the process.
"Postman Always Rings Twice, The",The sensuous wife of a lunch wagon proprietor and a rootless drifter begin a sordidly steamy affair and conspire to murder her Greek husband.
All the Vermeers in New York,"Anna, a French actress, is approached by financial broker Gordon in the Vermeer room of a New York gallery. However, romance does not ensue..."
28 Days,A big-city newspaper columnist is forced to enter a drug and alcohol rehab center after ruining her sister's wedding and crashing a stolen limousine.
American Psycho,"A wealthy New York investment banking executive hides his alternate psychopathic ego from his co-workers and friends as he delves deeper into his violent, hedonistic fantasies."
Keeping the Faith,"Two friends, a priest and a rabbi, fall in love with the same woman they knew in their youth, but the religious position of both men denies them romance."
Where the Money Is,"Carol Ann MacKay is a fine, popular nurse at a retirement home, and spends her free time with her hunky athletic husband Wayne MacKay, who was the star of her school's football team when ..."
East is East,"In early 1970s England, a Pakistani father finds the authority he has previously maintained challenged by his increasingly Anglicized children."
"Filth and the Fury, The","A film about the career of the notorious punk rock band, the Sex Pistols."
Passion of Mind,A psychological romantic thriller where fantasy and reality become indistinguishable for a woman leading a double life in her dreams.
Diner,A group of college-age buddies struggle with their imminent passage into adulthood in 1959 Baltimore.
Shakes the Clown,"Shakes plods about his duties as party clown, and uses all of his free time getting seriously drunk. Binky, another clown, wins the spot on a local kiddie show, which depresses Shakes even ..."
Cabaret,A female girlie club entertainer in Weimar Republic era Berlin romances two men while the Nazi Party rises to power around them.
What Ever Happened to Baby Jane?,A former child star torments her paraplegic sister in their decaying Hollywood mansion.
Prick Up Your Ears,"This film is the story of the spectacular life and violent death of British playwright Joe Orton. In his teens, Orton is befriended by the older, more reserved Kenneth Halliwell, and while ..."
Auntie Mame,An orphan goes to live with his free-spirited aunt. Conflict ensues when the executor of his father's estate objects to the aunt's lifestyle.
Guys and Dolls,"In New York, a gambler is challenged to take a cold female missionary to Havana, but they fall for each other, and the bet has a hidden motive to finance a crap game."
The Hunger,The Egyptian vampire lady Miriam subsists upon the blood of her lovers. In return the guys or girls don't age... until Miriam has enough of them. Unfortunately that's currently the case ...
Marathon Man,"A graduate history student is unwittingly caught in the middle of an international conspiracy involving stolen diamonds, an exiled Nazi war criminal, and a rogue government agent."
Caddyshack,An exclusive golf course has to deal with a brash new member and a destructive dancing gopher.
Gossip,"Three college students base their class project around gossip and how fast it spreads, which soon spirals out of control."
Love and Basketball,"In 1981 in L.A., Monica moves in next door to Quincy. They're 11, and both want to play in the NBA, just like Quincy's dad. Their love-hate relationship lasts into high school, with ..."
U-571,A German submarine is boarded by disguised American submariners trying to capture their Enigma cipher machine.
"Virgin Suicides, The","A group of male friends become obsessed with five mysterious sisters who are sheltered by their strict, religious parents."
Jennifer 8,"A big-city cop from L.A. moves to a small-town police force and immediately finds himself investigating a murder. Using theories rejected by his colleagues, the cop, John Berlin, meets a ..."
Limelight,A fading comedian and a suicidally despondent ballet dancer must look to each other to find meaning and hope in their lives.
Empire of Passion (a.k.a. In the Realm of Passion) (a.k.a. Phantom Love) (Ai No Borei),"A married woman and her lover murder her husband and dump his body into a well. After a while, his ghost comes to haunt them while the local gossip grows stronger."
"Crow: Salvation, The",Alex Corvis returns to the world of the living to solve the murder of a young woman that he was wrongly accused of.
"Flintstones in Viva Rock Vegas, The","In this live-action prequel to the 1994 comedy hit, the Flintstones and the Rubbles go on a trip to Rock Vegas, where Wilma is pursued by playboy Chip Rockefeller."
Where the Heart Is,"A pregnant 17-year-old rebuilds her life after being abandoned by her boyfriend at a Wal-Mart in Sequoyah, Oklahoma."
"Big Kahuna, The","Two veteran salesman dissect a sales pitch to a particular client, through their young protege."
Bossa Nova,"Rio lawyer Pedro Paulo is recently separated from his travel agent wife Tania. His office has taken on an energetic new intern, Sharon. Pedro Paulo is working on a divorce case - his own ..."
Smiling Fish and Goat on Fire,"Two brothers share a house in LA's Fairfax district: Tony's a feckless actor, Chris is an accountant. Both are in relationships on rocky ground. As these emotions swirl, Tony meets his US ..."
"Idiots, The (Idioterne)",The group of people gather at the house in Copenhagen suburb to break all the limitations and to bring out the inner idiot in themselves.
Time Code,Four frames of simultaneous action that alternately follow a smitten lesbian lover as she obsesses over her partner's dalliances and the tense goings-on of a Hollywood film production company.
Carnosaur,A genetically manipulated and very hungry dinosaur escapes from a bioengineering company and reeks havoc on the local desert town.
Carnosaur 2,A team of scientists go to a nuclear mining facility to investigate a possible meltdown and instead find a large amount of cloned dinosaurs.
Carnosaur 3: Primal Species,"International terrorists get a surprise when their cargo turns out to contain living dinosaurs. The army commando team now have to think fast, if they want to prevent the extinction of the human species, instead of the reptiles."
Defying Gravity,"Griff wants to maintain just a superficial relationship with his all-gay boyfriend, who gets seriously wounded in a gay bashing."
"Hidden, The","An alien parasite with the ability to possess human bodies goes on a violent crime spree in LA, pursued by a human cop and an alien cop inhabiting a human body."
Two Moon Junction,"A young Southern débutante temporarily abandons her posh lifestyle and upcoming, semi-arranged marriage to have a lustful and erotic fling with a rugged drifter who works at a local carnival."
Gladiator,"When a Roman general is betrayed and his family murdered by an emperor's corrupt son, he comes to Rome as a gladiator to seek revenge."
I Dreamed of Africa,"Kuki, a divorced Italian socialite, changes her life after a serious car crash. She accepts a marriage proposal from Paolo Gallmann, a man she doesn't know well, and she moves to Kenya with..."
Up at the Villa,"Superficial people are revealed and drastically changed by circumstance or luck in this a tale of death, seduction, blackmail and theft among British and Americans in Florence in the ..."
Human Traffic,"Five friends spend one lost weekend in a mix of music, love and club culture."
Breathless,"Jesse has to get out of Las Vegas quickly, and steals a car to drive to L.A. On the way he shoots a police man. When he makes it to L.A. he stays with Monica, a girl he has only known for a..."
Inferno,An American college student in Rome and his sister in New York investigate a series of killings in both locations where their resident addresses are the domain of two covens of witches.
"King of Marvin Gardens, The","'It's Monopoly out there'. Jason Staebler, The King of Marvin Gardens, has gone directly to jail, lives on the Boardwalk and fronts for the local mob in Atlantic City. He is also a dreamer ..."
"Lords of Flatbush, The",A group of kids in Brooklyn form a gang. From this moment on they do everything together. This makes things easier but at the same time they have to face new problems.
Mr. Mom,"After he's laid off, a husband switches roles with his wife. She returns to the workforce and he becomes a stay-at-home dad - a job he has no clue how to do."
Battlefield Earth,"After enslavement and near extermination by an alien race in the year 3000, humanity begins to fight back."
Center Stage,A group of 12 teenagers from various backgrounds enroll at the American Ballet Academy in New York to make it as ballet dancers and each one deals with the problems and stress of training and getting ahead in the world of dance.
Screwed,"A chauffeur kidnaps his rich boss's dog to hold it for ransom, but when she accidentally gets the dog back, she thinks that it's the chauffeur who's been kidnapped."
Hamlet,Modern-day New York City adaptation of Shakespeare's immortal story about Hamlet's plight to avenge his father's murder.
Anchors Aweigh,"Two sailors, one naive, the other experienced in the ways of the world, on liberty in Los Angeles, is the setting for this movie musical."
Blue Hawaii,"Chad Gates has just gotten out of the Army, and is happy to be back in Hawaii with his surf-board, his beach buddies, and his girlfriend. His father wants him to go to work at the Great ..."
G.I. Blues,Tulsa is a specialist in the US Army stationed in Germany. He loves to sing and has dreams to run his own nightclub when he leaves the army....but dreams don't come cheap. Tulsa places a ...
Gypsy,"Based on the Broadway hit about the life and times of burlesque dancer Gypsy Rose Lee and her aggressive stage mother, Mama Rose."
King Creole,"Having flunked graduation for a second time and needing cash to support his crabby (and thus unemployed) father, Danny Fisher takes a job as a singer in the King Creole nightclub - about ..."
On the Town,Three sailors on a day of shore leave in New York City look for fun and romance before their twenty-four hours are up.
Pee-wee's Big Adventure,"When eccentric man-child Pee-Wee Herman gets his beloved bike stolen in broad daylight, he sets out across the U.S. on the adventure of his life."
Regret to Inform,"In this film made over ten years, filmmaker Barbara Sonneborn goes on a pilgrimage to the Vietnamese countryside where her husband was killed. She and translator (and fellow war widow) Xuan..."
Saludos Amigos,Disney animators tour South America and present four animated shorts inspired by their trip.
The Slipper and the Rose: The Story of Cinderella,"In the tiny kingdom of Euphrania, the King and his court are most anxious to get Prince Edward wed. But Edward wants to marry for love. Meanwhile, young Cinderella finds life drastically ..."
Things Change,Shoe-shiner Gino is hired to take the rap for a mafia murder. Two-bit gangster Jerry watches over Gino and gives him a weekend to remember.
Honeymoon in Vegas,"On her deathbed, a mother makes her son promise never to get married, which scars him with psychological blocks to a commitment with his girlfriend. They finally decide to tie the knot in ..."
Dinosaur,An orphaned dinosaur raised by lemurs joins an arduous trek to a sancturary after a meteorite shower destroys his family home.
Loser,"A college student, branded a loser by his roommates and booted from the dorm, falls in love with a coed who has eyes for their condescending professor."
Road Trip,Four friends take off on an 1800 mile road trip to retrieve an illicit tape mistakenly mailed to a girl friend.
Small Time Crooks,A loser of a crook and his wife strike it rich when a botched bank job's cover business becomes a spectacular success.
"Hollywood Knights, The","Led by their comedic and pranking leader, Newbomb Turk, the Hollywood Knights car gang raise hell throughout Beverly Hills on Halloween Night, 1965. Everything from drag racing to Vietnam ..."
"Myth of Fingerprints, The",An ambitious debut for writer/director Bart Freundlich charting the unrest with a family who gather together for thanks giving.
Possession,A woman starts exhibiting increasingly disturbing behavior after asking her husband for a divorce. Suspicions of infidelity soon give way to something much more sinister.
"Twelve Chairs, The","In 1920s Soviet Russia, a fallen aristocrat, a priest and a con artist search for a treasure of jewels hidden inside one of twelve dining chairs, lost during the revolution."
Mission: Impossible II,"A secret agent is sent to Sydney, to find and destroy a genetically modified disease called Chimera."
Shanghai Noon,"A Chinese man who travels to the Wild West to rescue a kidnapped princess. After teaming up with a train robber, the unlikely duo takes on a Chinese traitor and his corrupt boss."
8 ½ Women (a.k.a. 8 1/2 Women) (a.k.a. Eight and a Half Women),"Following the death of a mother, a father and son open up a brothel in their Genevan estate after watching 8&frac12; (1963)."
Carnival of Souls,"After a traumatic accident, a woman becomes drawn to a mysterious abandoned carnival."
Flying Tigers,Capt. Jim Gordon's command of the famed American mercenary fighter group in China is complicated by the recruitment of an old friend who is a reckless hotshot.
"Gold Rush, The",A prospector goes to the Klondike in search of gold and finds it and more.
Monsieur Verdoux,"A suave but cynical man supports his family by marrying and murdering rich women for their money, but the job has some occupational hazards."
On Her Majesty's Secret Service,James Bond woos a mob boss's daughter and goes undercover to uncover the true reason for Blofeld's allergy research in the Swiss Alps that involves beautiful women from around the world.
Seven Days in May,United States military leaders plot to overthrow the President because he supports a nuclear disarmament treaty and they fear a Soviet sneak attack.
"Spy Who Loved Me, The",James Bond investigates the hijacking of British and Russian submarines carrying nuclear warheads with the help of a KGB agent whose lover he killed.
Vagabond (Sans toit ni loi),"In winter in the south of France, a young woman is found frozen in a ditch. She's unkempt, a vagabond. Through flashbacks and brief interviews, we trace her final weeks as she camps alone ..."
Moonraker,James Bond investigates the mid-air theft of a space shuttle and discovers a plot to commit global genocide.
"Man with the Golden Gun, The",James Bond is led to believe that he is targeted by the world's most expensive assassin while he attempts to recover sensitive solar cell technology that is being sold to the highest bidder.
"King in New York, A","A recently-deposed European monarch seeks shelter in New York City, where he becomes an accidental television celebrity and is later wrongly accused of being a Communist."
"Fighting Seabees, The","Construction workers in World War II in the Pacific are needed to build military sites, but the work is dangerous and they doubt the ability of the Navy to protect them. After a series of ..."
Big Momma's House,"To protect a woman (Nia Long) and her son (Jascha Washington) from a robber (Terrence Howard), a male FBI agent (Martin Lawrence) disguises as a large grandmother."
American Gigolo,"A Los Angeles male escort, who mostly caters to an older female clientèle, is accused of a murder which he did not commit."
"Endless Summer, The","The crown jewel to ten years of Bruce Brown surfing documentaries. Brown follows two young surfers around the world in search of the perfect wave, and ends up finding quite a few in addition to some colorful local characters."
"Guns of Navarone, The",A British team is sent to cross occupied Greek territory and destroy the massive German gun emplacement that commands a key sea channel.
Blow-Out (La grande bouffe),"A group of men hire some prostitutes and go to a villa in the countryside. There, they engage in group sex and resolve to eat themselves to death."
Lured,A serial killer in London is murdering young women whom he meets through the personal columns of newspapers; he announces each of his murders to the police by sending them a cryptic poem. ...
Pandora and the Flying Dutchman,A seductive woman falls in love with a mysterious ship's captain.
Quatermass and the Pit,"A mysterious artifact is unearthed in London, and famous scientist Bernard Quatermass is called into to divine its origins and explain its strange effects on people."
Quatermass 2 (Enemy from Space),"Professor Quatermass, trying to gather support for his Lunar colonisation project, is intrigued by mysterious traces that have been showing up."
Puppet Master,"Psychics find themselves plotted against by a former colleague, who committed suicide after discovering animated, murderous puppets."
Puppet Master II,The puppets return and hunt some Paranormal Researchers to take their brain fluid for puppet master Andre Toulon.
Puppet Master III: Toulon's Revenge,A puppeteer's ability to bring inanimate objects to life attracts the attention of the Nazis during World War II.
Puppet Master 4,"A young scientist and his friends, upon being attacked by demons, are protected by a gang of animated puppets."
Puppet Master 5: The Final Chapter,The puppets battle their most powerful enemy yet as they protect the new puppet master from the demon God that created the Secret of Life.
Curse of the Puppet Master (Puppet Master 6: The Curse),A scientist attempts to master the art of transferring people's souls into puppets.
Romeo and Juliet,"When the now famous star crossed lovers of two feuding families meet, forbidden love ensues."
Stay Tuned,A husband and wife are sucked into a hellish TV and have to survive a gauntlet of twisted versions of TV shows they find themselves in.
Blazing Saddles,"To ruin a western town, a corrupt political boss appoints a black sheriff, who promptly becomes his most formidable adversary."
Benji,A stray dog saves two kidnapped children.
Benji the Hunted,Benji is left in the wilderness after an accident - can he survive ?
For the Love of Benji,"Benji sniffs out a bogus CIA agent in Athens, Greece."
White Christmas,A successful song-and-dance team become romantically involved with a sister act and team up to save the failing Vermont inn of their former commanding general.
Eraserhead,"Henry Spencer tries to survive his industrial environment, his angry girlfriend, and the unbearable screams of his newly born mutant child."
Baraka,A collection of expertly photographed scenes of human life and religion.
"Man with the Golden Arm, The",Strung-out junkie deals with daily demoralizing drug addiction while crippled wife and card sharks continue to pull him down.
"Decline of Western Civilization, The","The Los Angeles punk music scene circa 1980 is the focus of this film. With Alice Bag Band, Black Flag, Catholic Discipline, Circle Jerks, Fear, Germs, and X."
"Decline of Western Civilization Part II: The Metal Years, The",null
For a Few Dollars More (Per qualche dollaro in più),Two bounty hunters with the same intentions team up to track down a Western outlaw.
Magnum Force,Dirty Harry is on the trail of vigilante cops who are not above going beyond the law to kill the city's undesirables.
Blood Simple,"A rich but jealous man hires a private investigator to kill his cheating wife and her new man. But, when blood is involved, nothing is simple."
"Fabulous Baker Boys, The",Frank and Jack Baker are professional musicians who play small clubs. They play schmaltzy music and have never needed a day job. Times are changing and dates are becoming more difficult to ...
Prizzi's Honor,A professional hit man and hit woman fall in love.
Flatliners,Four Medical students experiment on near death experiences that involve past tragedies until the dark consequences begin to jeopardize their lives.
Light Years (Gandahar),"An evil force from a 1000 years in the future begins to destroy an idyllic paradise, where the citizens are in perfect harmony with nature."
Porky's,"Set in 1954, a group of Florida high schoolers seek out to help a buddy lose his virginity, which leads them to seek revenge on a sleazy nightclub owner and his redneck sheriff brother for harassing them."
Porky's II: The Next Day,The naughty high schoolers of Angel Beach High now seek revenge on a group of KKK religious fanatics and corrupt politicians who want to shut down their Shakespeare production after they cast a Seminole transfer student in the lead.
Porky's Revenge,"As graduation nears for the class of 1955 at Angel Beach High, the gang once again faces off against their old enemy, Porky, who wants them to throw the school's championship basketball game because he's betting on the opposing team."
Private School,"Christine (Phoebe Cates), a student at an exclusive all-girls private school, is in love with Jim, who attends an academy for boys nearby. Christine's arch rival Jordan also has her eye on ..."
Class of Nuke 'Em High,The pupils at a high school next to a nuclear power plant start acting and looking strange after buying contaminated drugs from a plant worker.
"Toxic Avenger, The",Tromaville has a monstrous new hero. The Toxic Avenger is born when mop boy Melvin Junko falls into a vat of toxic waste. Now evildoers will have a lot to lose.
"Toxic Avenger, Part II, The",The Toxic Avenger travels to Tokyo to search for his father and leaves his home Tromaville open to complete domination by an evil corporation.
"Toxic Avenger Part III: The Last Temptation of Toxie, The","Toxie finds he has nothing to do as a superhero, as he has ridden his city of evil. So he decides to go to work for a major corporation, which he discovers may be the evilest of all his adversaries."
Night of the Creeps,"Alien brain parasites, entering humans through the mouth, turn their host into a killing zombie. Some teenagers start to fight against them."
Predator 2,"Amidst a territorial gang war in 1997, a sophisticated alien hunter stalks the citizens of Los Angeles and the only man between him and his prey is veteran L.A.P.D. officer, Lieutenant Mike Harrigan."
"Running Man, The",A wrongly convicted man must try to survive a public execution gauntlet staged as a game show.
Starman,An alien takes the form of a young widow's husband and asks her to drive him from Wisconsin to Arizona. The government tries to stop them.
"Brother from Another Planet, The",A mute alien with the appearance of a black human is chased by outer-space bounty hunters through the streets of Harlem.
Alien Nation,"A few years from now, Earth will have the first contact with an alien civilization. These aliens, known as Newcomers, slowly begin to be integrated into human society after years of quarantine."
Mad Max,"In a self-destructing world, a vengeful Australian policeman sets out to stop a violent motorcycle gang."
"Road Warrior, The (Mad Max 2)","In the post-apocalyptic Australian wasteland, a cynical drifter agrees to help a small, gasoline rich, community escape a band of bandits."
Mad Max Beyond Thunderdome,"After being exiled from the most advanced town in post apocalyptic Australia, a drifter travels with a group of abandoned children to rebel against the town's queen."
Bird on a Wire,An old flame discovers her ex-boyfriend from the past is a relocated FBI informant out to stop the bad guys.
Angel Heart,Harry Angel is a private investigator. He is hired by a man who calls himself Louis Cyphre to track down a singer called Johnny Favorite. But the investigation takes an unexpected and somber turn.
9 1/2 Weeks (Nine 1/2 Weeks),"A woman gets involved in an impersonal affair with a man. She barely knows about his life, only about the sex games they play, so the relationship begins to get complicated."
Firestarter,A couple who participated in a potent medical experiment gain telekinetic ability and then have a child who is pyrokinetic.
Sleepwalkers,A mother-and-son team of strange supernatural creatures move to a small town to seek out a young virgin to feed on.
Action Jackson,Vengence drives a tough Detroit cop to stay on the trail of a power hungry auto magnate who's systematically eliminating his competition.
Soapdish,"An ambitious TV soap actress connives with her producer to scuttle the career of the show's long-time star, but nothing works as they plan."
"Long Walk Home, The","Two women, black and white, in 1955 Montgomery Alabama, must decide what they are going to do in response to the famous bus boycott lead by Martin Luther King."
Clara's Heart,David is a teenager whose parents are in a deteriorating marriage after their infant daughter dies. Clara is a chambermaid at a Jamaican resort who's hired to be a housekeeper. She and ...
Burglar,"Bernice Bernie Rhodenbarr is a burglar by trade, and she runs a bookstore as well. Her friend Carl Hefler is a dog groomer. After a successful burglary, it's discovered that a dead body ..."
Fatal Beauty,"Rita Rizzoli is a narcotics police officer with a plethora of disguises. When a drug shipment is hijacked, the thieves don't know that the drug is unusually pure and packs of Fatal Beauty..."
Gone in 60 Seconds,A retired master car thief must come back to the industry and steal 50 cars with his crew in one night to save his brother's life.
American Pimp,"Street pimps, all of them African-American, discuss their lives and work: getting started, being flamboyant, pimping in various U.S. cities, bringing a woman into their group, taking a ..."
Love's Labour's Lost,"An update of the classic Shakespeare story, director Kenneth Branagh shot this movie like a classic 30s musical. The film tells the story of four best friends who swear off love."
Sunshine,The fate of a Hungarian Jewish family throughout the 20th century.
Trixie,"An eccentric, unconventional woman whose naive aspirations to rise from her job as a security guard to full-fledged private eye lead her into a tangled PL: mess."
Hamlet,"Hamlet, Prince of Denmark, finds out that his uncle Claudius killed his father to obtain the throne, and plans revenge."
Coming Home,A woman whose husband is fighting in Vietnam falls in love with another man who suffered a paralyzing combat injury there.
American Pop,The story of four generations of a Russian Jewish immigrant family of musicians whose careers parallel the history of American popular music in the 20th century.
Assault on Precinct 13,The isolated inhabitants of an abandoned police station are under attack by the overwhelming numbers of a seemingly unstoppable street gang.
Near Dark,A small-town farmer's son reluctantly joins a traveling group of vampires after he is turned by a beautiful drifter.
One False Move,"In Los Angeles, after a violent drug rip-off, the Los Angeles Police Department detectives find the identity of the trio - the sadistic I.Q. of 150 and college graduate Lenny Pluto ..."
Shaft,Cool black private eye John Shaft is hired by a crime lord to find and retrieve his kidnapped daughter.
"Conversation, The","A paranoid, secretive surveillance expert has a crisis of conscience when he suspects that a couple he is spying on will be murdered."
Cutter's Way,"Richard spots a man dumping a body, and decides to expose the man he thinks is the culprit with his friend Alex Cutter."
"Fury, The",A government agent is determined to come to his son's rescue when a sinister official kidnaps him to harbor his extremely powerful psychic abilities.
"Paper Chase, The",A first-year law student at Harvard Law School struggles with balancing his coursework and his relationship with the daughter of his sternest professor.
Prince of the City,"A New York City narcotics detective reluctantly agrees to cooperate with a special commission investigating police corruption. However, he soon discovers that he's in over his head, and nobody can be trusted."
Serpico,The true story about an honest New York cop who blew the whistle on rampant corruption in the force only to have his comrades turn against him.
"Ace in the Hole (Big Carnival, The)","A frustrated former big-city journalist now stuck working for an Albuquerque newspaper exploits a story about a man trapped in a cave to re-jump start his career, but the situation quickly escalates into an out-of-control circus."
Lonely Are the Brave,A fiercely independent cowboy arranges to have himself locked up in jail in order to then escape with an old friend who has been sentenced to the penitentiary.
"Sugarland Express, The",A woman attempts to reunite her family by helping her husband escape prison and together kidnapping their son. But things don't go as planned when they are forced to take a police hostage on the road.
Trouble in Paradise,A gentleman thief and a lady pickpocket join forces to con a beautiful perfume company owner. Romantic entanglements and jealousies confuse the scheme.
Big Trouble in Little China,An All-American trucker gets dragged into a centuries-old mystical battle in Chinatown.
Badlands,An impressionable teen girl from a dead-end town and her older greaser boyfriend go on a killing spree in the South Dakota badlands.
Battleship Potemkin,A dramatized account of a great Russian naval mutiny and a resulting street demonstration which brought on a police massacre.
Boys and Girls,A friendship is put to the ultimate test when two best friends wind up in bed together.
Shaft,New York City police detective John Shaft (nephew of the original 1970s detective) goes on a personal mission to make sure the son of a real estate tycoon is brought to justice after a racially-motivated murder.
Titan A.E.,A young man learns that he has to find a hidden Earth ship before an enemy alien species does in order to secure the survival of humanity.
Butterfly (La lengua de las mariposas),"For Moncho, it's an idyllic year: he starts school, he has a wonderful teacher, he makes a friend in Roque, he begins to figure out some of the mysteries of Eros, and, with his older ..."
Jesus' Son,A young man turns from drug addiction and petty crime to a life redeemed by a discovery of compassion.
Chicken Run,"When a bird flies into a chicken farm, the fellow chickens see him as an opportunity to escape their evil owners."
"Me, Myself & Irene",A nice-guy cop with dissociative identity disorder must protect a woman on the run from a corrupt ex-boyfriend and his associates.
"Patriot, The",Peaceful farmer Benjamin Martin is driven to lead the Colonial Militia during the American Revolution when a sadistic British officer murders his son.
"Adventures of Rocky and Bullwinkle, The","When enemies Boris, Natasha and Fearless leader escape into the real world with a nefarious scheme, Rocky & Bullwinkle do the same and team up with a young F.B.I. agent to stop the trio."
"Perfect Storm, The",An unusually intense storm pattern catches some commercial fishermen unaware and puts them in mortal danger.
Asylum,"In order to secure a job at a mental institution, a young psychiatrist must interview four patients inside the asylum."
Communion,"Whitley Strieber goes with his family and some friends to his holiday home in the forest. They experience some weird occurances, are they UFO activity? Whitley is abducted and then faces a ..."
Fun and Fancy Free,"Jiminy Cricket hosts two Disney animated shorts: Bongo, about a circus bear escaping to the wild, and Mickey and the Beanstalk, a take on the famous fairy tale."
"Kentucky Fried Movie, The","Series of short, highly irreverent, and quite often tasteless skits."
"Blood In, Blood Out","Based on the true life experiences of poet Jimmy Santiago Baca, the film focuses on half-brothers Paco and Cruz, and their bi-racial cousin Miklo. It opens in 1972, as the three are members..."
F/X,"A movie special effects man is hired to fake a real-life mob killing for a witness protection plan, but finds his own life in danger."
F/X2 (a.k.a. F/X 2 - The Deadly Art of Illusion),"F/X man Rollie Tyler is now a toymaker. Mike, the ex-husband of his girlfriend Kim, is a cop. He asks Rollie to help catch a killer. The operation goes well until some unknown man kills ..."
"Hot Spot, The","When the drifter Harry Madox reaches a small town in Texas, he gets a job as used car salesman with the dealer George Harshaw and settles down in a hotel room. During a fire, Harry observes..."
Missing in Action,"Colonel James Braddock is an American officer who spent seven years in a North Vietnamese POW camp, then escaped 10 years ago. After the bloodiest war, Braddock accompanies a government ..."
Braddock: Missing in Action III,Colonel James Braddock has a Vietnamese wife who was supposed to leave Vietnam with him when they evacuate. But she loses her papers and wasn't allowed in the embassy. Braddock went looking...
Thunderbolt and Lightfoot,"With the help of an irreverent young sidekick, a bank robber gets his old gang back together to organize a daring new heist."
Dreamscape,A young psychic on the run from himself is recruited by a government agency experimenting with the use of the dream-sharing technology and is given the inverse task of planting an idea into the mind of the US president.
The Golden Voyage of Sinbad,"Sinbad and his crew intercept a homunculus carrying a golden tablet. Koura, the creator of the homunculus and practitioner of evil magic, wants the tablet back and pursues Sinbad. Meanwhile..."
House Party,"Young Kid has been invited to a party at his friend Play's house. But after a fight at school, Kid's father grounds him. None the less, Kid sneaks out when his father falls asleep. But Kid ..."
House Party 2,"When Kid's college money is stolen by a crooked music promoter, Play's solution is to stage the 'mutha' of all pajama parties. Starring Kid 'n Play and Martin Lawrence."
Make Mine Music,Animation done to contemporary popular music.
Nekromantik,"A street sweeper who cleans up after grisly accidents brings home a full corpse for him and his wife to enjoy sexually, but is dismayed to see that his wife prefers the corpse over him."
Rocketship X-M,"An astronaut crew of 4 men and one woman on their way to the Moon, are unexpectedly propelled by gravitational forces and end up on Mars instead."
Croupier,"An aspiring writer is hired as a croupier at a casino, where he realizes that his life as a croupier would make a great novel."
"Kid, The",An unhappy and disliked image consultant gets a second shot at life when an eight year old version of himself mysteriously appears.
Scary Movie,"A year after disposing the body of a man they accidently killed, a group of dumb teenagers are stalked by a bumbling serial killer."
But I'm a Cheerleader,A naive teenager is sent to rehab camp when her straitlaced parents and friends suspect her of being a lesbian.
Shower (Xizao),"Shenzhen businessman, Da Ming, goes home to Beijing when he thinks his father has died. He finds his father hard at work at the family's bathhouse (the false message was a ruse of Da's ..."
Blow-Up (Blowup),A mod London photographer seems to find something very suspicious in the shots he has taken of a mysterious beauty in a desolate park.
"Pawnbroker, The","A Jewish pawnbroker, victim of Nazi persecution, loses all faith in his fellow man until he realizes too late the tragedy of his actions."
Groove,An inside look into one night in the San Francisco underground rave scene.
Footloose,"A city teenager moves to a small town where rock music and dancing have been banned, and his rebellious spirit shakes up the populace."
Duel in the Sun,"Beautiful half-breed Pearl Chavez becomes the ward of her dead father's first love and finds herself torn between her sons, one good and the other bad."
X-Men,Two mutants come to a private academy for their kind whose resident superhero team must oppose a terrorist organization with similar powers.
Chuck & Buck,An oddly naive man-child stalks his childhood best friend and tries to reconnect with their past.
"Five Senses, The","Interconnected stories examine situations involving the five senses. Touch is represented by a massage therapist who is treating a woman, while her daughter accidentally loses the woman's ..."
What Lies Beneath,The wife of a university research scientist believes that her lakeside Vermont home is haunted by a ghost - or that she is losing her mind.
Pokémon the Movie 2000,"Ash Ketchum must gather the three spheres of fire, ice and lightning in order to restore balance to the Orange Islands."
Criminal Lovers,The movie begins with an explicit murder scene. We later learn high school student Alice (Natacha Régnier) convinced her lover...
Anatomy of a Murder,"In a murder trial, the defendant says he suffered temporary insanity after the victim raped his wife. What is the truth, and will he win his case?"
Freejack,"Bounty hunters from the future transport a doomed race-car driver to New York in 2009, where his mind will be replaced with that of a dead billionaire."
H.O.T.S.,"College exploitation film focusing on the wild escapades of the women of H.O.T.S. Sorority. The antics include but are certainly not limited to a wet t-shirt contest, a sky-diving episode, ..."
Knightriders,"A medieval reenactment troupe find it increasingly difficult to keep their family-like group together, with pressure from local law enforcement, interest from entertainment agents and a growing sense of delusion from their leader."
Mackenna's Gold,The gangster Colorado kidnaps Marshal McKenna. He believes that McKenna has seen a map which leads to a rich vein of gold in the mountains and forces him to show him the way. But they're ...
Sinbad and the Eye of the Tiger,Sinbad The Sailor sails to deliver a cursed prince to a dangerous island in the face of deadly opposition from a powerful witch.
What About Bob?,"A successful psychotherapist loses his mind after one of his most dependent patients, a manipulative, obsessively compulsive narcissist, tracks him down during his family vacation."
White Sands,"A small southwestern town sheriff finds a body in the desert with a suitcase and $500,000. He impersonates the man and stumbles into an FBI investigation."
Breaker Morant,Three Australian lieutenants are court martialed for executing prisoners as a way of deflecting attention from war crimes committed by their superior officers.
Everything You Always Wanted to Know About Sex * But Were Afraid to Ask,Seven segments related to one another only in that they all purport to be based on sections of the book by David Reuben. The segments range from Do Aphrodisiacs Work? in which a court ...
Interiors,"Three sisters find their lives spinning out of control in the wake of their parents' sudden, unexpected divorce."
Love and Death,"In czarist Russia, a neurotic soldier and his distant cousin formulate a plot to assassinate Napoleon."
"Official Story, The (La historia oficial)","After the end of the Dirty War, a high school teacher sets out to find out who the mother of her adopted daughter is."
Tampopo,A truck driver stops at a small family-run noodle shop and decides to help its fledgling business. The story is intertwined with various vignettes about the relationship of love and food.
Thomas and the Magic Railroad,"Mr. Conductor's supply of magic gold dust, which allows him to travel between Shining Time and Thomas's island, is critically low. Unfortunately, he doesn't know how to get more. Meanwhile,..."
Nutty Professor II: The Klumps,"Scientist Sherman Klump's inventions, his upcoming marriage to his pretty colleague Denise Gaines and his reputation are threatened by his evil clone Buddy Love."
"Girl on the Bridge, The (Fille sur le pont, La)","It's night on a Paris bridge. A girl leans over Seine River with tears in her eyes and a violent yearning to drown her sorrows. Out of nowhere someone takes an interest in her. He is Gabor,..."
Wonderland,"There's little wonder in the working-class lives of Bill, Eileen, and their three grown daughters. They're lonely Londoners. Nadia, a cafe waitress, places personal ads, looking for love; ..."
Autumn in New York,"Romantic drama about an aging playboy who falls for a sweet, but terminally ill, young woman."
Coyote Ugly,"Aspiring songwriter Violet Sanford, after getting a job at a women-run NYC bar that teases its male patrons, comes out of her shell."
Hollow Man,"Scientists discover how to make people invisible, but their test subject becomes an insane killer who stalks them."
Space Cowboys,"When a retired engineer is called upon to rescue a failing satellite, he insists that his equally old teammates accompany him into space."
Mad About Mambo,"A Catholic high school student, trying to perfect his soccer timing by practicing dance, falls in love with his dance partner."
Saving Grace,"A small-town English widow, facing financial troubles after her husband's suicide, turns to agriculture of an illegal kind."
"Black Sabbath (Tre volti della paura, I)",A trio of atmospheric horror tales about: A woman terrorized in her apartment by phone calls from an escaped prisoner from her past; a Russian count in the early 1800s who stumbles upon a ...
"Brain That Wouldn't Die, The","A doctor experimenting with transplant techniques keeps his girlfriend's head alive when she is decapitated in a car crash, then goes hunting for a new body."
Bronco Billy,"An idealistic, modern-day cowboy struggles to keep his Wild West show afloat in the face of hard luck and waning interest."
"Crush, The",A journalist becomes the unwanted center of attention for a 14-year-old girl whom proceeds to sabotage his life after he refuses her sexual advances.
Kelly's Heroes,A group of U.S. soldiers sneaks across enemy lines to get their hands on a secret stash of Nazi treasure.
Phantasm II,"Mike, now released from a psychiatric hospital, continues his journey to stop the evil Tall Man from his grim work."
Phantasm III: Lord of the Dead,Mike and Reggie continue to hunt the mysterious Tall Man.
Phantasm IV: Oblivion,"Taking off immediately where the last one ended, in this episode Mike travels across dimensions and time fleeing from the Tall Man, at the same time he tries to find the origins of his ..."
Pumpkinhead,A man conjures up a gigantic vengeance demon called Pumpkinhead to destroy the teenagers who accidentally killed his son.
Air America,A young pilot finds himself recruited unwittingly into a covert and corrupt CIA airlift organization operating in Vietnam War Era Laos.
Sleepaway Camp,"Angela Baker, a traumatized and very shy young girl, is sent to summer camp with her cousin. Shortly after her arrival, anyone with sinister or less than honorable intentions gets their comeuppance."
Steel Magnolias,"A young beautician, newly arrived in a small Louisiana town, finds work at the local salon, where a small group of women share a close bond of friendship and welcome her into the fold."
And God Created Woman (Et Dieu... créa la femme),"In sunny St. Tropez, a young sexpot loves one brother but marries the other."
Easy Money,"To inherit his mother-in-law's colossal fortune, a hard living, gambling addict must change his unhealthy ways before it gets the best of him."
"Ilsa, She Wolf of the SS",Ilsa is an evil Nazi warden at a death camp that conducts medical experiments. Ilsa's goal is to prove that women can withstand more pain and suffering than men and therefore should be allowed to fight on the front lines.
Silent Fall,"An autistic boy witnesses his parents' double murder. Richard Dreyfuss as a controversial therapist, seeks to probe the child's mind in order to solve the case."
The Spiral Staircase,"A serial killer (circa 1916) is targeting women with 'afflictions'; one night during a thunderstorm, mute Helen feels menaced."
I'm the One That I Want,"November, 1999, Margaret Cho is home in San Francisco at the Warfield Theater. Cho structures her monologue loosely on her professional life's trajectory: doing stand-up, cast in an ABC-TV ..."
"Tao of Steve, The","Underachieving, overweight kindergarten teacher Dex finds a woman who forces him to reexamine his Zen-like system of seduction."
Aimée & Jaguar,"Berlin 1943/44 (The Battle of Berlin). Felice, an intelligent and courageous Jewish woman who lives under a false name, belongs to an underground organization. Lilly, a devoted mother of ..."
"Affair of Love, An (Liaison pornographique, Une)","They recount their impressions to the Interviewer. They met through a magazine ad, She and He. They corresponded through the Internet. He responded to her ad seeking someone to fulfil her ..."
Bless the Child,"Omens and concepts of good vs. evil have no place in Maggie O'Connor's well-ordered, practical universe. Her life revolves around her job as a nurse at a busy New York hospital, until one ..."
Cecil B. DeMented,An insane independent film director and his renegade group of teenage filmmakers kidnap an A-list Hollywood actress and force her to star in their underground film.
"Eyes of Tammy Faye, The","A documentary look, mostly through the eyes of Tammy Faye Bakker Messner, at her rise and fall as a popular televangelist with husband Jim Bakker. Traces their rise: her teen marriage to ..."
"Opportunists, The",A struggling auto mechanic with a criminal past agrees to one last heist to pay off his debts.
"Replacements, The","During a pro football strike, the owners hire substitute players."
"Cell, The","An FBI agent persuades a social worker, who is adept with a new experimental technology, to enter the mind of a comatose serial killer in order to learn where he has hidden his latest kidnap victim."
Godzilla 2000 (Gojira ni-sen mireniamu),Godzilla saves Tokyo from a flying saucer that transforms into the beast Orga.
"Original Kings of Comedy, The",A concert film featuring four major African American stand up comedians.
"Naked Gun: From the Files of Police Squad!, The",Incompetent cop Frank Drebin has to foil an attempt to assassinate Queen Elizabeth II.
"Naked Gun 2 1/2: The Smell of Fear, The",Lieutenant Drebin discovers that his ex-girlfriend's new beau is involved in a plot to kidnap a scientist who advocates solar energy.
Our Town,"Change comes slowly to a small New Hampshire town in the early 20th century. People grow up, get married, live, and die. Milk and the newspaper get delivered every morning, and nobody locks..."
Shane,"A weary gunfighter attempts to settle down with a homestead family, but a smoldering settler/rancher conflict forces him to act."
"Suddenly, Last Summer",The only son of wealthy widow Violet Venable dies while on vacation with his cousin Catherine. What the girl saw was so horrible that she went insane; now Mrs. Venable wants Catherine lobotomized to cover up the truth.
Cat Ballou,"A woman seeking revenge for her murdered father hires a famous gunman, but he's very different from what she expects."
"Devil Rides Out, The","In the countryside of England, the Duc de Richleau a.k.a Nicholas welcomes his old friend Rex Van Ryn that has flown to meet him and Simon Aron, who is the son of an old friend of them that..."
Supergirl,"After losing a powerful orb, Kara, Superman's cousin, comes to Earth to retrieve it and instead finds herself up against a wicked witch."
"Art of War, The","Shaw is an operative for the United Nations' covert dirty-tricks squad, using espionage and quasi-ethical tactics to secure peace and cooperation. When a shipping container full of dead ..."
"Ballad of Ramblin' Jack, The","With the help of her mother, family, friends, and fellow musicians, Aiyana Elliott reaches for her father, legendary cowboy troubadour, Ramblin' Jack Elliott. She explores who he is and how..."
Bring It On,A champion high school cheerleading squad discovers its previous captain stole all their best routines from an inner-city school and must scramble to compete at this year's championships.
Catfish in Black Bean Sauce,"Dwayne and his older sister Mai are adults: Mai is married to Vinh, Dwayne is about to propose to Nina. Twenty-two years ago, when Mai was 10, she and Dwayne were refugees in Vietnam, ..."
Love & Sex,"When her rather explicit copy is rejected, magazine journalist Kate is asked by her editor to come up with an article on loving relationships instead, and to do so by the end of the day. ..."
Steal This Movie!,"Five years after Yippie founder Abbie Hoffman goes underground to avoid a drug-related prison sentence, he contacts a reporter to get out the story of the FBI's covert spying, harassment ..."
Highlander: Endgame (Highlander IV),"Immortals Connor and Duncan Macleod must join forces against Kell, an evil immortal who has become too strong for anyone to face alone."
Back Stage,"If you ever wanted to know what really goes on backstage, this is the definitive inside look - uncut and uncensored. Complete with on-stage performances you'll see an intimate view of what ..."
Turn It Up,"Trying to bootstrap his way out of Brooklyn's mean streets is Diamond, a rap musician. With his long-time pal Gage acting as his manager, he's trying to lay down a demo tape with cut-rate ..."
Anatomy (Anatomie),"Medical student Paula Henning wins a place at an exclusive Heidelberg medical school. When the body of a young man she met on the train turns up on her dissection table, she begins to ..."
Nurse Betty,Comedy about a widow's post-traumatic obsession with a soap star.
"Watcher, The","David Allen Griffin is a cool killer- time and time again, he chooses a female victim, studies her for weeks till he knows her routine to the smallest detail, makes meticulous preparations ..."
"Way of the Gun, The",Two criminal drifters without sympathy get more than they bargained for after kidnapping and holding for ransom the surrogate mother of a powerful and shady man.
Almost Famous,A high-school boy is given the chance to write a story for Rolling Stone Magazine about an up-and-coming rock band as he accompanies it on their concert tour.
Crime and Punishment in Suburbia,"This is a contemporary fable loosely based on Fyodor Dostoyevsky's Crime and Punishment. Roseanne is outwardly a perfect and popular teen. However, her image is hiding the abuse at her ..."
Duets,"A professional karaoke hustler reconnects with his daughter and a bored suburban businessman turns outlaw karaoke singer, among other plotlines."
Goya in Bordeaux (Goya en Burdeos),"Francisco Goya (1746-1828), deaf and ill, lives the last years of his life in voluntary exile in Bordeaux, a Liberal protesting the oppressive rule of Ferdinand VII. He's living with his ..."
Urbania,A tour of The Anger Stage.
"Specials, The",The sixth or seventh best superhero team in the world pursue their rightful place in the harshly competitive world of toy tie-ins and fighting evil.
Under Suspicion,"A lawyer is asked to come to the police station to clear up a few loose ends in his witness report of a foul murder. This will only take ten minutes, they say, but it turns out to be one ..."
Urban Legends: Final Cut,"Urban legend-style killings begin to occur on a movie set, in this non-sequel sequel to Urban Legend."
Woman on Top,"Brazilian chef Isabella Oliveira moves to San Francisco when her husband, frustrated by her motion sickness, cheats on her."
Dancer in the Dark,"An east European girl goes to America with her young son, expecting it to be like a Hollywood film."
Best in Show,A colorful array of characters compete at a national dog show.
Barenaked in America,"A rockumentary about the Canadian rock band Barenaked Ladies's life, in a nutshell."
"Broken Hearts Club, The","In the palm-shaded oasis of West Hollywood, we meet Dennis, a promising photographer. As he prepares to celebrate his twenty-eighth birthday, he laments, ' I can't decide if my friends are ..."
Girlfight,"Diana, without her father knowing it, trains as a boxer and achieves impressive success, blazing new trails for female boxers."
Remember the Titans,The true story of a newly appointed African-American coach and his high school team on their first season as a racially integrated unit.
Hellraiser,An unfaithful wife encounters the zombie of her dead lover; demons are pursuing him after he escaped their sadomasochistic underworld.
Hellbound: Hellraiser II,"Kirsty is brought to an institution after the death of her family, where the occult-obsessive head resurrects Julia and unleashes the Cenobites once again."
Hellraiser III: Hell on Earth,An investigative reporter must send the newly unbound Pinhead and his legions back to Hell.
"Faraway, So Close (In weiter Ferne, so nah!)",A group of angels in the German capital look longingly upon the life of humans.
Beach Party,The first of the five official American-International Beach Party movies. Anthropology Professor Robert Orwell Sutwell and his secretary Marianne are studying the sex habits of teenagers....
Bikini Beach,"A millionaire sets out to prove his theory that his pet chimpanzee is as intelligent as the teenagers who hang out on the local beach, where he is intending to build a retirement home."
Return of the Fly,"Fifteen years after the events of The Fly (1958), Andre's son does some transportation experimentation of his own."
Pajama Party,"Gogo, a Martian teenager, is sent to Earth to prepare the way for an invasion. The first Earthling he meets, one Aunt Wendy, is a rich widow who runs a dress shop catering to teenagers. Her..."
Stranger Than Paradise,A self-styled New York hipster is paid a surprise visit by his younger cousin from Budapest. From initial hostility and indifference a small degree of affection grows between the two. Along...
Voyage to the Bottom of the Sea,"When the Earth is threatened by a burning Van Allen Radiation Belt, US Navy Admiral Harriman Nelson plans to shoot a nuclear missile at the Belt using his experimental atomic submarine, the Seaview."
Fantastic Voyage,"A scientist is nearly assassinated. In order to save him, a submarine is shrunken to microscopic size and injected into his blood stream with a small crew. Problems arise almost as soon as they enter the bloodstream."
Abbott and Costello Meet Frankenstein,"Two hapless freight handlers find themselves encountering Dracula, the Frankenstein Monster and the Wolf Man."
"Bank Dick, The",Henpecked Egbert Sousè has comic adventures as a substitute film director and unlikely bank guard.
"Creature from the Black Lagoon, The",A strange prehistoric beast lurks in the depths of the Amazonian jungle. A group of scientists try to capture the animal and bring it back to civilization for study.
"Invisible Man, The","A scientist finds a way of becoming invisible, but in doing so, he becomes murderously insane."
"Killer Shrews, The","On an isolated island, a small group of people are terrorized by giant voracious shrews in the midst of a hurricane."
Kronos,Aliens from another world send a huge robotic accumulator to invade the Earth and absorb all energy it comes in contact with.
Phantom of the Opera,A disfigured violinist haunts the Paris Opera House.
Runaway,"In the near future, a police officer specializes in malfunctioning robots. When a robot turns out to have been programmed to kill, he begins to uncover a homicidal plot to create killer robots... and his son becomes a target."
"Slumber Party Massacre, The",A high school student's slumber party turns terrifying as an escaped mental patient with a drill decides to crash the party.
Slumber Party Massacre II,"Courtney Bates, the little sister of Valerie, is going with her friends up to the condo but Courtney can't stop thinking about a driller killer coming to murder them."
Slumber Party Massacre III,"Jackie Cassidy and her friends decide to have a slumber party, but a serial killer is on the loose, will Jackie and her friends survive the final chapter?"
Sorority House Massacre,"A little girl's brother kills the whole family but her (she escapes by hiding in the basement). He is committed, and she grows up with a new family, eventually going to college, where she ..."
Sorority House Massacre II,Five college women buy the old Hokstedter place for their new sorority house. They got it cheap because of the bloody incidents from five years before. They decide to stay in it for the ...
Bamboozled,"A frustrated African-American TV writer proposes a blackface minstrel show in protest, but to his chagrin it becomes a hit."
Digimon: The Movie,Three different stories involving digital creatures collide together.
Get Carter,"Years ago, Jack Carter left his Seattle home to become a Las Vegas mob casino financial enforcer. He returns for the funeral of his brother Richard 'Richie' after a car crash during a storm..."
Get Carter,"When his brother dies under mysterious circumstances in a car accident, London gangster Jack Carter travels to Newcastle to investigate."
Meet the Parents,"Male nurse Greg Focker meets his girlfriend's parents before proposing, but her suspicious father is every date's worst nightmare."
Requiem for a Dream,The drug-induced utopias of four Coney Island people are shattered when their addictions become stronger.
Tigerland,"A group of recruits go through Advanced Infantry Training at Fort Polk, Louisiana's infamous Tigerland, last stop before Vietnam for tens of thousands of young men in 1971."
Two Family House,A dreamer finds that his wife and friends are binding him to his mediocre existence.
"Contender, The","Senator Laine Hanson is a contender for US Vice President, but information and disinformation about her past surfaces that threatens to de-rail her confirmation."
Dr. T and the Women,"Dr. Sullivan Travis Dr. T. is a wealthy Dallas gynecologist for some of the wealthiest women in Texas who finds his idealist life beginning to fall apart starting when his wife, Kate, ..."
"Ladies Man, The",The Saturday Night Live character gets a big screen treatment.
Lost Souls,"A small group of Catholics led by an ailing priest believe that Satan intends to become man, just as God did in the person of Jesus. The writings of a possessed mental patient lead them to ..."
Billy Jack,Ex-Green Beret hapkido expert saves wild horses from being slaughtered for dog food and helps protect a desert freedom school for runaway.
"Time Machine, The",A man's vision for a utopian society is disillusioned when travelling forward into time reveals a dark and dangerous society.
Haunted,"Professor David Ash is invited to Edbrook to calm the fears of the elderly nanny of the Mariell family. Nanny Tess is seeing things, and Ash's book debunking such phenomenon makes him a ..."
Ghoulies,"A young man and his girlfriend move into an old mansion home, where he becomes possessed by a desire to control ancient demons."
Ghoulies II,"The Ghoulies wreak havoc at an amusement park, disposing of those who mistake them for mere fairground attractions."
"Unsinkable Molly Brown, The","Molly is an uneducated, poor, mountain girl who leaves her mountain cabin in search of a wealthy husband, respect and a better life."
"Adventures of Ichabod and Mr. Toad, The",An animated adaption of The Wind in the Willows followed by an adaption of The Legend of Sleepy Hollow.
"Strange Love of Martha Ivers, The","A ruthless, domineering woman is married to an alcoholic D.A., her childhood companion who is the only living witness to her murder of her rich aunt seventeen years earlier."
Detour,Chance events trap hitch-hiker Al Roberts in a tightening net of film noir trouble.
Billy Elliot,A talented young boy becomes torn between his unexpected love of dance and the disintegration of his family.
Bedazzled,"Hopeless dweeb Elliot Richards is granted 7 wishes by the devil to snare Allison, the girl of his dreams, in exchange for his soul."
Pay It Forward,A young boy attempts to make the world a better place after his teacher gives him that chance.
"Beyond, The (E tu vivrai nel terrore - L'aldilà)","A young woman inherits an old hotel in Louisiana where after a series of supernatural 'accidents', she learns that the building was built over one of the entrances to Hell."
"Private Eyes, The","This spoof of the Sherlock Holmes stories finds Inspector Winship and Dr. Tart investigating a strange death in a possibly haunted mansion, while dealing with the beautiful heiress and the ..."
"Legend of Drunken Master, The (Jui kuen II)",A young martial artist is caught between respecting his pacifist father's wishes or stopping a group of disrespectful foreigners from stealing precious artifacts.
Book of Shadows: Blair Witch 2,"A group of tourists arrive in Burkittsville, Maryland after seeing The Blair Witch Project to explore the mythology and phenomenon, only to come face to face with their own neuroses and possibly the witch herself."
Lucky Numbers,A television weatherman scams a local lottery.
Stardom,A young girl is plucked from small-town obscurity and thrust into the spotlight of the glamorous world of super-models.
Charlie's Angels,"Three women, detectives with a mysterious boss, retrieve stolen voice-ID software, using martial arts, tech skills, and sex appeal."
"Legend of Bagger Vance, The",A down-and-out golfer attempts to recover his game and his life with help from a mystical caddy.
Little Nicky,"After two of the devil's three sons escape Hell to wreak havoc on Earth, the devil must send his third son, the mild-mannered Nicky, to bring them back before it's too late."
Men of Honor,"The story of Carl Brashear, the first African American, then also the first amputee, US Navy Diver and the man who trained him."
Red Planet,"Astronauts, and their robotic dog AMME, search for solutions to save a dying Earth by searching on Mars, only to have the mission go terribly awry."
You Can Count on Me,"A single mother's life is thrown into turmoil after her struggling, rarely-seen younger brother returns to town."
Diamonds Are Forever,"A diamond smuggling investigation leads James Bond to Las Vegas, where he uncovers an evil plot involving a rich business tycoon."
"Eagle Has Landed, The",A German plot to kidnap Winston Churchill unfolds at the height of World War II.
"6th Day, The",Futuristic action about a man who meets a clone of himself and stumbles into a grand conspiracy about clones taking over the world.
Bounce,A man switches plane tickets with another man who dies in that plane in a crash. The man falls in love with the deceased one's wife.
How the Grinch Stole Christmas (a.k.a. The Grinch),"On the outskirts of Whoville, there lives a green, revenge-seeking Grinch who plans on ruining the Christmas holiday for all of the citizens of the town."
One Day in September,The Palestinian terrorist group Black September holds Israeli athletes hostage at the 1972 Summer Olympic Games in Munich.
Rugrats in Paris: The Movie,"The Rugrats travel to Paris, France, where Chuckie hopes to find a new mother and keep his father from marrying an evil business woman."
102 Dalmatians,Cruella DeVil gets out of prison and goes after them darned puppies once more.
Malèna,A woman provokes sensual awakenings in a group of adolescent boys.
Quills,"In a Napoleonic era insane asylum, an inmate, the irrepressible Marquis De Sade, fights a battle of wills against a tyrannically prudish doctor."
Unbreakable,A man learns something extraordinary about himself after a devastating accident.
"Crouching Tiger, Hidden Dragon (Wo hu cang long)","Two warriors in pursuit of a stolen sword and a notorious fugitive are led to an impetuous, physically skilled, adolescent nobleman's daughter, who is at a crossroads in her life."
Dungeons & Dragons,"Profion, a tyrant, attempts to overthrow a peaceful kingdom ruled by a tough empress."
Proof of Life,"Alice hires a professional negotiator to obtain the release of her engineer husband, who has been kidnapped by anti-government guerrillas in South America."
Vertical Limit,"A climber must rescue his sister on top of K2, one of the world's biggest mountains."
"Bounty, The","The familiar story of Lieutenant Bligh, whose cruelty leads to a mutiny on his ship. This version follows both the efforts of Fletcher Christian to get his men beyond the reach of British ..."
Code of Silence,A Chicago cop is caught in a middle of a gang war while his own comrades shun him because he wants to take an irresponsible cop down.
"Planes, Trains & Automobiles",A man must struggle to travel home for Thanksgiving with an obnoxious slob of a shower curtain ring salesman as his only companion.
She's Having a Baby,"Jake and Kristy Briggs are newlyweds. Being young, they are perhaps a bit unprepared for the full reality of marriage and all that it (and their parents) expect from them. Do they want ..."
"Living Daylights, The",James Bond is living on the edge to stop an evil arms dealer from starting another world war. Bond crosses all seven continents in order to stop the evil Whitaker and General Koskov.
Transformers: The Movie,"The Autobots must stop a colossal planet consuming robot who goes after the Autobot Matrix of Leadership. At the same time, they must defend themselves against an all-out attack from the Decepticons."
Wall Street,"A young and impatient stockbroker is willing to do anything to get to the top, including trading on illegal inside information taken through a ruthless and greedy corporate raider who takes the youth under his wing."
Born on the Fourth of July,"The biography of Ron Kovic. Paralyzed in the Vietnam war, he becomes an anti-war and pro-human rights political activist after feeling betrayed by the country he fought for."
Talk Radio,"A rude, contemptuous talk show host becomes overwhelmed by the hatred that surrounds his program just before it goes national."
Brewster's Millions,"A minor-league baseball player has to spend $30,000,000 in thirty days in order to inherit $300,000,000. However, he's not allowed to tell anyone about the deal."
Snatch,"Unscrupulous boxing promoters, violent bookmakers, a Russian gangster, incompetent amateur robbers, and supposedly Jewish jewelers fight to track down a priceless stolen diamond."
Punchline,"Steven Gold is a stand-up comedian who is flat broke and has recently dropped out of medical school. He and several others work regularly at the Gas Station, a New York comedy club. The ..."
Chocolat,A woman and her daughter open a chocolate shop in a small French village that shakes up the rigid morality of the community.
"Dude, Where's My Car?",Two potheads wake up after a night of partying and cannot remember where they parked their car.
"Emperor's New Groove, The","Emperor Kuzco is turned into a llama by his ex-administrator Yzma, and must now regain his throne with the help of Pacha, the gentle llama herder."
Pollock,"A film about the life and career of the American painter, Jackson Pollock."
What Women Want,"After an accident, a chauvenistic executive gains the ability to hear what women are really thinking."
Finding Forrester,A young writing prodigy finds a mentor in a reclusive author.
"Gift, The",A woman with extrasensory perception is asked to help find a young woman who has disappeared.
Before Night Falls,"Episodic look at the life of Cuban poet and novelist, Reinaldo Arenas (1943-1990), from his childhood in Oriente province to his death in New York City. He joins Castro's rebels. By 1964, ..."
Cast Away,A FedEx executive must transform himself physically and emotionally to survive a crash landing on a deserted island.
"Family Man, The","A fast-lane investment broker, offered the opportunity to see how the other half lives, wakes up to find that his sports car and girlfriend have become a mini-van and wife."
"House of Mirth, The",A woman risks losing her chance of happiness with the only man she has ever loved.
Miss Congeniality,An FBI agent must go undercover in the Miss United States beauty pageant to prevent a group from bombing the event.
Nowhere to Hide (Injeong sajeong bol geot eobtda),A team of police hunt down a villain.
"O Brother, Where Art Thou?","In the deep south during the 1930s, three escaped convicts search for hidden treasure while a relentless lawman pursues them."
State and Main,A movie crew invades a small town whose residents are all too ready to give up their values for showbiz glitz.
Dracula 2000,"A group of thieves break into a chamber expecting to find paintings, but instead they release the count himself, who travels to New Orleans to find his nemesis' daughter, Mary Van Helsing."
All the Pretty Horses,"Two Texas cowboys head to Mexico in search of work, but soon find themselves in trouble with the law after one of them falls in love with a wealthy rancher's daughter."
Thirteen Days,A dramatization of President Kennedy's administration's struggle to contain the Cuban Missile Crisis in October of 1962.
Traffic,"A conservative judge is appointed by the President to spearhead America's escalating war against drugs, only to discover that his teenage daughter is a crack addict. Two DEA agents protect an informant. A jailed drug baron's wife attempts to carry on the family business."
"Claim, The","A prospector sells his wife and daughter to another gold miner for the rights to a gold mine. Twenty years later, the prospector is a wealthy man who owns much of the old west town named ..."
Shadow of the Vampire,The filming of Nosferatu (1922) is hampered by the fact that its star Max Schreck is taking the role of a vampire far more seriously than seems humanly possible.
House of Games,"A psychiatrist comes to the aid of a compulsive gambler and is led by a smooth-talking grifter into the shadowy but compelling world of stings, scams, and con men."
Annie,A young orphan girl's adventures in finding a family that will take her.
Don't Tell Mom the Babysitter's Dead,"Five kids are left home when their mother leaves town on a three-month vacation to Australia, only to have their geriatric babysitter die of a heart attack, leading to the eldest teen, Sue Ellen, to scam her way into taking a job at a hip Los Angeles fashion company to feed and support her needy siblings."
"Officer and a Gentleman, An","A young man must complete his work at a Navy Flight school to become an aviator, with the help of a tough gunnery sergeant and his new girlfriend."
"Alamo, The",A small band of soldiers sacrifice their lives in hopeless combat against a massive army in order to prevent a tyrant from smashing the new Republic of Texas.
At Close Range,In 1978 rural Pennsylvania an absentee father is reacquainted with his estranged teenage sons and they become intrigued with romanticized life of crime.
Breakheart Pass,"John Deakin is being transported, as a prisoner, on a train with supplies and medicine to Fort Humboldt, Nevada."
Friendly Persuasion,The pacifist attitude of a Quaker family is tested as a result of the American Civil War.
Gettysburg,"In 1863, the Northern and Southern forces fight at Gettysburg in the decisive battle of the American Civil War."
Imaginary Crimes,"A recently widowed, small-time hustler struggles to raise his two teenage daughters on his own and still make a dishonest living in 1950s Indiana."
Horrors of Spider Island (Ein Toter Hing im Netz),"Survivors of a plane crash on a remote island find it is covered by spiders. When bitten, the survivors start turning into spiders!"
Antitrust,A computer programmer's dream job at a hot Portland-based firm turns nightmarish when he discovers his boss has a secret and ruthless means of dispatching anti-trust problems.
Double Take,"A man on the run takes another man's passport, only to find himself stuck with the identity of a street hustler."
Save the Last Dance,"A white midwestern girl moves to Chicago, where her new boyfriend is a black teen from the South Side with a rough, semi-criminal past."
Panic,"Alex, a hit man, tries to get out of the family business, but his father won't let him do so. While seeking the help of a therapist, he meets a sexually charged 23-year-old woman with whom he falls in love."
"Pledge, The",A retiring police chief pledges to catch the killer of a young child.
Love Field,Dallas housewife Lurene Hallett's life revolves around the doings of Jacqueline Kennedy. She is devastated when President Kennedy is shot a few hours after she sees him arrive at Love Field...
The Man in the Moon,"Rural Louisiana, summer of 1957, Elvis is King. At 14, Dani is coming of age. Her older sister is beautiful, smart, and off to Duke in the fall; her mom's pregnant with number four (Dad ..."
Mystic Pizza,Three teenage girls come of age while working at a pizza parlor in the Connecticut town of Mystic.
Prelude to a Kiss,"A couple fall in love despite the girl's pessimistic outlook. As they struggle to come to terms with their relationship, something supernatural happens that tests it."
I'm Gonna Git You Sucka,"In this parody of blaxploitation movies, a black hero wannabe reunites former black heroes from the 70s to help him get revenge on Mr. Big."
Untamed Heart,A waitress hardly notices a shy busboy who secretly loves her; until one night she's attacked and he comes to her rescue. From there a relationship sparks but one secret could mean disaster for these fated lovers.
Sugar & Spice,"A popular high school cheerleader becomes pregnant with the star quarterback's child, only to find herself turning to crime to support the lifestyle she wants to live."
"Wedding Planner, The",Mary Fiore is San Francisco's most successful supplier of romance and glamor. She knows all the tricks. She knows all the rules. But then she breaks the most important rule of all: she falls in love with the groom.
"Invisible Circus, The","A teenage girl travels to Paris in the 1970s trying to find out about her sister's suicide, and falls in love with her dead sister's boyfriend."
Two Ninas,When two beautiful women fall for the unluckiest guy in the world his life takes on delicious complications.
"With a Friend Like Harry... (Harry, un ami qui vous veut du bien)","Harry knew Michel in high school; they meet again by accident, Harry inserts himself in Michel's life... and things take a sinister turn."
Amazon Women on the Moon,"A spoof 1950's sci-fi movie, interspersed with various comedy sketches."
Baby Boom,The life of super-yuppie J.C. is thrown into turmoil when she inherits a baby from a distant relative.
Back to the Beach,"Frankie and Annette, having grown up and put aside their beach-partying lifestyle, visit their daughter in Southern California and discover there's still some wild times left in them."
Barfly,"Based on the life of successful poet Charles Bukowski and his exploits in Hollywood during the 60s, 70s, and 80s."
Beverly Hills Cop II,Axel Foley returns to Beverly Hills to help Taggart and Rosewood investigate Chief Bogamil's near-fatal shooting and the series of alphabet crimes associated with it.
Beverly Hills Cop,A freewheeling Detroit cop pursuing a murder investigation finds himself dealing with the very different culture of Beverly Hills.
"Big Easy, The","Set in New Orleans. Remy McSwain, lieutenant in Homicide finds that he has two problems, the first of a series of gang killings and Ann Osborne, a beautiful attorney from the D.A.'s police ..."
"Big Town, The","It is 1957. J.C. Cullen is a young man from a small town, with a talent for winning at craps, who leaves for the big city to work as a professional gambler. While there, he breaks the bank ..."
Born in East L.A.,"When a native-born American citizen of Mexican descent is mistakenly deported to Mexico, he has to risk everything to get back home."
"Brave Little Toaster, The","A toaster, a blanket, a lamp, a radio, and a vacuum cleaner, journey to the city to find their master after being abandoned in their cabin in the woods."
Can't Buy Me Love,A nerdy outcast secretly pays the most popular girl in school one thousand dollars to be his girlfriend.
Cherry 2000,"In the year 2017, a rich man travels to the ends of the earth to find that the perfect woman is always under his nose. When successful businessman Sam Treadwell finds that his android wife,..."
Cry Freedom,South African journalist Donald Woods is forced to flee the country after attempting to investigate the death in custody of his friend the black activist Steve Biko.
"Dead, The","Gabriel Conroy and wife Greta attend an early January dinner with friends at the home of his spinster aunts, an evening which results in an epiphany for both of them."
Dogs in Space,"The film is set in a house occupied by a collection of social misfits. The main storyline is that of a strange musician's relationship with a girl, their drug use and his band. These events..."
Eddie Murphy Raw,Eddie Murphy in a stand-up performance recorded live. For an hour and a half he talks about his favourite subjects: sex and women.
Empire of the Sun,A young English boy struggles to survive under Japanese occupation during World War II.
Ernest Goes to Camp,"A group of juvenile criminals is sent for vacation to Kamp Kikakee. The clumsy Ernest has to care for them, although he doesn't even know how to take care of himself. The other children at ..."
"Evil Dead, The","Five friends travel to a cabin in the woods, where they unknowingly release flesh-possessing demons."
Extreme Prejudice,"A Texas Ranger and a ruthless narcotics kingpin - they were childhood friends, now they are adversaries..."
Five Corners,"A psychotic young man returns to his old neighborhood after release from prison. He seeks out the woman he previously tried to rape and the man who protected her, with twisted ideas of love for her and hate for him."
Flowers in the Attic,Children are hidden away in the attic by their conspiring mother and grandmother.
Gardens of Stone,"A sergeant must deal with his desires to save the lives of young soldiers being sent to Vietnam. Continuously denied the chance to teach the soldiers about his experiences, he settles for trying to help the son of an old army buddy."
"Good Morning, Babylon","After the bankruptcy of their father's stonemasonry firm, brothers Nicola and Andrea emigrate to America to restore their fortunes. After many adventures and near-disasters, they end up in ..."
Hiding Out,A very successful stock broker is called to court to testify against a mob boss who was into some inside trading. They hide him because of death threats. He gets caught in a gun battle and ...
Hollywood Shuffle,"An actor limited to stereotypical roles because of his ethnicity, dreams of making it big as a highly respected performer. As he makes his rounds, the film takes a satiric look at African American actors in Hollywood."
Hope and Glory,"A semi-autobiographical project by John Boorman about a nine year old boy called Bill as he grows up in London during the blitz of World War 2. For a young boy, this time in history was ..."
Innerspace,"A hapless store clerk must foil criminals to save the life of the man who, miniaturized in a secret experiment, was accidentally injected into him."
Ironweed,A schizophrenic drifter spends Halloween in his home town after returning there for the first time in decades.
Ishtar,"Two terrible lounge singers get booked to play a gig in a Moroccan hotel but somehow become pawns in an international power play between the CIA, the Emir of Ishtar, and the rebels trying to overthrow his regime."
Jaws: The Revenge,Chief Brody's widow believes that her family is deliberately being targeted by another shark in search of revenge.
Less Than Zero,"A college freshman returns to L.A. for the holidays at his ex-girlfriend's request, but discovers that his former best friend has an out-of-control drug habit."
"Lost Boys, The","After moving to a new town, two brothers discover that the area is a haven for vampires."
Maid to Order,"Spoiled Jessie Montgomery, whose wild behavior and spending excesses cause her well-meaning but exasperated millionaire father Charles to wish he never had her, is visited by fairy ..."
Making Mr. Right,"A reclusive scientist builds a robot that looks exactly like him to go on a long-term space mission. Since the scientist seems to lack all emotions, he is unable to program them into his ..."
Mannequin,"A young artist, searching for his vocation, makes a mannequin so perfect he falls in love with it. Finding the mannequin in a store window, he gets a job there and his creation comes to life."
Masters of the Universe,A prince turned warrior named He-Man battles against the dark lord Skeletor on the planet Eternia. He-Man and his comrades arrive on Earth and discover two teenage lovers to find the magical Cosmic Key.
"Monster Squad, The",A young group of monster fanatics attempt to save their hometown from Count Dracula and his monsters.
"Month in the Country, A","Five centuries ago a mural was created in a country church in the north of England and then hidden under layers of white paint. Looking at it again will be a distraction, the Rev. Mr. Keach..."
No Man's Land,A rookie cop goes undercover and infiltrates a car thief ring.
North Shore,"Before entering art school next autumn, Rick sets out to spend the summer surfing at Hawaii. He knows nothing about the local habits, what causes him some starting problems, but by chance ..."
Head Over Heels,A young woman is attracted to a man despite her thinking she's seen him kill someone.
Left Behind: The Movie,The Biblical prophecy of Armegeddon begins when the Rapture instantly takes all believers in Christ from the Earth. A reporter left behind learns that the Anti-Christ will soon take power.
Valentine,Five women are stalked by an unknown assailant while preparing for Valentine's Day
In the Mood For Love (Fa yeung nin wa),"Two neighbors, a woman and a man, form a strong bond after both suspect extramarital activities of their spouses. However, they agree to keep their bond platonic so as not to commit similar wrongs."
"Million Dollar Hotel, The","Tragi-comic, romantic whodunnit set in a run down hotel which plays host to mentally ill people too poor to afford medical insurance."
Hannibal,"Living in exile, Hannibal Lecter tries to reconnect with now disgraced FBI agent Clarice Starling and finds himself a target for revenge from a powerful victim."
Saving Silverman (Evil Woman),A pair of buddies conspire to save their best friend from marrying the wrong woman.
"Taste of Others, The (Le goût des autres)","Three men, three women, opposites, possibilities, and tastes. Castella owns a industrial steel barrel plant in Rouen; Bruno is his flute-playing driver, Franck is his temporary bodyguard ..."
Down to Earth,"After dying before his time, an aspiring comic gets a second shot at life - by being reincarnated as a wealthy but unlikable businessman."
Sweet November,"The story centers around a man and a woman, whose fates are intertwined and will change forever. Nelson is an avid advertiser living in San Francisco. One day, during a driving test, he ..."
Company Man,A high school teacher in the 60s becomes an international spy and becomes involved in a plot to overthrow Fidel Castro.
Monkeybone,"In a coma, a cartoonist finds himself trapped within his own underground creation and must find a way to get back, while racing against his popular but treacherous character, Monkeybone."
3000 Miles to Graceland,A gang of ex-cons rob a casino during Elvis convention week.
"Mexican, The","A man tries to transport an ancient gun called The Mexican, believed to carry a curse, back across the border, while his girlfriend pressures him to give up his criminal ways."
See Spot Run,"A mailman takes care of a dog that, unbeknownst to him, is an FBI drug-sniffing superdog that has escaped from the witness protection program after becoming the target of an assassination."
Series 7: The Contenders,A TV program selects people at random to kill one another for fame and their freedom.
15 Minutes,A homicide detective and a fire marshall must stop a pair of murderers who commit videotaped crimes to become media darlings.
Get Over It,"When Berke Landers, a popular high school basketball star, gets dumped by his life-long girlfriend, Allison, he soon begins to lose it. But with the help of his best friend Felix's sister ..."
Blow Dry (a.k.a. Never Better),"The annual British Hairdressing Championship comes to Keighley, a town where Phil, and son, Brian, run a barbershop and Phil's ex-wife, Shelly, and her lover, Sandra, run a beauty salon. ..."
Long Night's Journey Into Day,"This documentary tells four stories of Apartheid in South Africa, as seen through the eyes of the Truth and Reconciliation commission. White soldiers who have killed ANC activists, black ..."
When Brendan Met Trudy,A teacher meets a woman who turns out to be a thief and they introduce each other to new things.
Avalon,"A Polish-Jewish family comes to the USA at the beginning of the Twentieth Century. There, the family and their children try to make themselves a better future in the so-called promised land."
Gray's Anatomy,"After doctors inform him that an eye affliction will require risky surgery, monologist Spalding Gray recounts his various pursuits for alternative medicine to avoid the doctor's scalpel."
"Mirror Crack'd, The",Miss Jane Marple comes to solves the mystery when a local woman is poisoned and a visiting movie star seems to have been the intended victim.
Of Mice and Men,"Two itinerant migrant workers, one mentally disabled and the other his carer, take jobs as ranch hands during the Great Depression to fulfill their shared dream of owning their own ranch."
Pixote,"The life of a boy in the streets of Sao Paulo, involved with little crimes, prostitution, etc"
Reform School Girls,Jenny is sent to a women's reform school. It is run by evil warden Sutter and her henchwoman Edna. Jenny will stop at nothing to escape but she also has to deal with Charlie the bully.
Tapeheads,A couple of creative losers accidently become big shots in the video music industry.
"Unbelievable Truth, The","After serving time for murder, Josh Hutton returns to his home town where me meets Audry Hugo. No one can remember exactly what Josh did, but they are all wary of him, especially Audry's ..."
"Bishop's Wife, The",An angel in human form enters the life of a bishop in order to help him build a new cathedral and repair his fractured marriage.
Elvis: That's the Way It Is,Concert footage and backstage documentary of singer Elvis Presley.
"Fortune Cookie, The",A crooked lawyer persuades his brother-in-law to feign a serious injury.
Lilies of the Field,A traveling handyman becomes the answer to the prayers of nuns who wish to build a chapel in the desert.
Hans Christian Andersen,"The opening scene of the movie describes it best: Once upon a time there lived in Denmark a great storyteller named Hans Christian Andersen. This is not the story of his life, but a fairy tale about the great spinner of fairy tales."
"Greatest Story Ever Told, The",The life of Jesus Christ.
Elmer Gantry,"A fast-talking traveling salesman with a charming, loquacious manner convinces a sincere evangelist that he can be an effective preacher for her cause."
Alfie,An unrepentant ladies' man gradually begins to understand the consequences of his lifestyle.
I Know Where I'm Going!,Joan Webster is an ambitious and stubborn middle-class English woman determined to move forward since her childhood. She meets her father in a fancy restaurant to tell him that she will ...
"Abominable Dr. Phibes, The","A doctor, scientist, organist, and biblical scholar, Dr. Anton Phibes, seeks revenge on the nine doctors he considers responsible for his wife's death."
Real Life,"A pushy, narcissistic filmmaker persuades a Phoenix family to let him and his crew film their everyday lives, in the manner of the ground-breaking PBS series An American Family. However, ..."
Battle Beyond the Stars,"A young farmer sets out to recruit mercenaries to defend his peaceful planet, which is under threat of invasion by the evil tyrant Sador and his armada of aggressors."
Double Impact,"Jean Claude Van Damme plays a dual role as Alex and Chad, twins separated at the death of their parents. Chad is raised by a family retainer in Paris, Alex becomes a petty crook in Hong ..."
"End, The",Slapstick black comedy about a man (Reynolds) who finds that he hasn't much longer to live and has bungled his attempts at suicide.
Harley Davidson and the Marlboro Man,"The tough biker Harley and his no less tough cowboy friend Marlboro learn that an old friend of theirs will lose his bar, because a bank wants to build a new complex there and demands 2.5 ..."
Mermaids,"An unconventional single mother relocates with her two daughters to a small Massachusetts town in 1963, where a number of events and relationships both challenge and strengthen their familial bonds."
Navy Seals,"During a rescue mission, a Navy Seals team discover that a newly formed terrorist group have access to deadly US built Stinger missiles, and set out to locate and destroy them."
Unmade Beds,"A black comedy about vanity and lust in contemporary America. In the middle of the sexual jungle of New York's singles' world, two men and two women try to achieve their dreams."
Manhunter,Former FBI profiler Will Graham returns to service to pursue a deranged serial murderer named the Tooth Fairy by the media.
Reversal of Fortune,"Wealthy Sunny von Bülow lies brain-dead, husband Claus guilty of attempted murder; but he says he's innocent and hires Alan Dershowitz for his appeal."
Death on the Nile,"As Hercule Poirot enjoys a luxurious cruise down the Nile, a newlywed heiress is found murdered on board. Can Poirot identify the killer before the ship reaches the end of its journey?"
Deepstar Six,"At the bottom of the ocean, the DeepStar Six has just discovered a new and deadly alien menace."
Revenge of the Nerds,"At a big campus, a group of bullied outcasts and misfits resolve to fight back for their peace and self respect."
Revenge of the Nerds II: Nerds in Paradise,"The rising college nerds set out to a convention in Florida, but are not welcomed by the Alpha Beta representatives."
Longtime Companion,The emergence and devastation of the AIDS epidemic is chronicled in the lives of several gay men living during the 1980s.
4 Little Girls,A documentary of the notorious racial terrorist bombing of an African American church during the Civil Rights Movement.
River's Edge,"A high school slacker kills his girlfriend and shows off her dead body to his friends. However, the friends' reaction is almost as ambiguous and perplexing as the crime itself."
Girls Just Want to Have Fun,"Janey is new in town, and soon meets Lynne, who shares her passion for dancing in general, and Dance TV in particular. When a competition is announced to find a new Dance TV regular ..."
"Longest Yard, The","A sadistic warden asks a former pro quarterback, now serving time in his prison, to put together a team of inmates to take on (and get pummeled by) the guards."
Necessary Roughness,"Due to NCAA sanctions, the Texas State University Fightin' Armadillos must form a football team from their actual student body, with no scholarships to help, to play their football schedule..."
C.H.U.D.,A bizarre series of murders in New York City seems to point toward the existence of a race of mutant cannibals living under the streets.
Enemy at the Gates,A Russian and a German sniper play a game of cat-and-mouse during the Battle of Stalingrad.
Exit Wounds,"Orin Boyd, a tough cop in an inner-city precinct discovers a web of dirty cops and corruption."
"Dish, The","A remote Australian antenna, populated by quirky characters, plays a key role in the first Apollo moon landing."
Memento,A man creates a strange system to help him remember things; so he can hunt for the murderer of his wife without his short-term memory loss being an obstacle.
Heartbreakers,A mother and daughter con team seduce and scam wealthy men.
Say It Isn't So,Young orphan Gilly (Klein) finds out his lover Jo (Graham) may actually be his biological sister. After they break up he discovers he's not related and travels across the country to stop ...
Someone Like You,"After being jilted by her boyfriend, a talk show talent scout writes a column on the relationship habits of men which gains her national fame."
Spy Kids,The children of secret-agent parents must save them from danger.
Tomcats,"Seven years ago, a bunch of friends make a bet that'll give the last remaining bachelor a ton of money. Now, after losing a ton of money at a Vegas Casino, Michael Delaney has to quickly ..."
"Tailor of Panama, The",A tailor living in Panama reluctantly becomes a spy for a British agent.
Amores Perros (Love's a Bitch),"A horrific car accident connects three stories, each involving characters dealing with loss, regret, and life's harsh realities, all in the name of love."
Keep the River on Your Right: A Modern Cannibal Tale,A retired gay anthropologist revisits the native cultures he studied in his youth.
"Gleaners & I, The (Les glaneurs et la glaneuse)","An intimate, picaresque inquiry into French life as lived by the country's poor and its provident, as well as by the film's own director, Agnes Varda. The aesthetic, political and moral ..."
Along Came a Spider,"A congressman's daughter under Secret Service protection is kidnapped from a private school by an insider who calls Det. Alex Cross, sucking him into the case even though he's recovering from the loss of his partner."
Blow,"The story of George Jung, the man who established the American cocaine market in the 1970s."
Pokémon 3: The Movie,The Pokemon master Ash must rescue his mother from the encasement of a crystal tower.
Bridget Jones's Diary,A British woman is determined to improve herself while she looks for love in a year in which she keeps a personal diary.
Joe Dirt,"After being abandoned by his parents at the Grand Canyon, Joe Dirt tells the story of his journey to find his parents."
Josie and the Pussycats,A girl group find themselves in the middle of a conspiracy to deliver subliminal messages through popular music in this send up of the music industry and pop culture.
Chopper,"Chopper tells the intense story of Mark Chopper Read, a legendary criminal who wrote his autobiography while serving a jail sentence in prison. His book, From the Inside, upon which the film is based, was a best-seller."
"Circle, The (Dayereh)",Various women struggle to function in the oppressively sexist society of contemporary Iran.
Crocodile Dundee in Los Angeles,Australian Outback adventurer Mick Crocodile Dundee travels to Los Angeles with his young son while his longtime companion suspects foul play at a movie studio.
Freddy Got Fingered,"An unemployed cartoonist moves back in with his parents and younger brother Freddy. When his parents demand he leave, he begins to spread rumors that his father is sexually abusing Freddy."
Scarface,"In 1980 Miami, a determined Cuban immigrant takes over a drug cartel while succumbing to greed."
Days of Wine and Roses,"An alcoholic falls in love with and gets married to a young woman, whom he systematically addicts to booze so they can share his passion together."
Driven,A young hot shot driver is in the middle of a championship season and is coming apart at the seams. A former CART champion is called in to give him guidance.
"Forsaken, The",A young man gets embroiled in a war against vampires.
One Night at McCool's,Every man has a different recollection of the beautiful young woman who wreaked havoc on their lives during one heated night.
Town & Country,"Porter Stoddard is a well-known New York architect who is at a crossroads... a nexus where twists and turns lead to myriad missteps some with his wife Ellie, others with longtime friends ..."
"Mummy Returns, The","The mummified body of Imhotep is shipped to a museum in London, where he once again wakes and begins his campaign of rage and terror."
Eureka (Yurîka),The traumatized survivors of a murderous bus hijacking come together and take a road trip to attempt to overcome their damaged selves. Meanwhile a serial killer is on the loose.
Under the Sand,"When her husband goes missing at the beach, a female professor begins to mentally disintegrate as her denial of his disappearance becomes delusional."
Cleopatra,"Historical epic. The triumphs and tragedy of the Egyptian queen, Cleopatra."
Krull,A prince and a fellowship of companions set out to rescue his bride from a fortress of alien invaders who have arrived on their home planet.
Lost in America,"A husband and wife in their 30s decide to quit their jobs, live as free spirits and cruise America in a Winnebago."
"Lost World, The",The first film adaptation of Sir Arthur Conan Doyle's classic novel about a land where prehistoric creatures still roam.
Triumph of the Will (Triumph des Willens),"The infamous propaganda film of the 1934 Nazi Party rally in Nuremberg, Germany."
True Believer,A cynical former civil liberties attorney now reduced to specializing in defending drug dealers becomes transformed by an eight-year-old murder case.
"World According to Garp, The","Based on the John Irving novel, this film chronicles the life of T S Garp, and his mother, Jenny. Whilst Garp sees himself as a serious writer, Jenny writes a feminist manifesto at an ..."
Candy,"Candy, an innocent high-schooler, encounters numerous colorful characters and humorous sexual situations while attempting to find meaning in life."
Fellini Satyricon,A series of disjointed mythical tales set in first century Rome.
Frankie and Johnny,"A riverboat singer with a weakness for gambling wants to find his lucky red head, but his girlfriend Frankie is not amused."
For the Boys,With the help of the singer and dancer Dixie Leonhard US-Entertainer Eddie Sparks wants to bring some fun to the soldiers during World War II. Becoming a perfect team they tour from North ...
Nine to Five (a.k.a. 9 to 5),"Three female employees of a sexist, egotistical, lying, hypocritical bigot find a way to turn the tables on him."
Norma Rae,A young single mother and textile worker agrees to help unionize her mill despite the problems and dangers involved.
Summer Rental,"Jack Chester, a stressed air-traffic controller, takes his family on a beach vacation to Florida but is soon beset by problems, especially when an arrogant sailing champion shows up, who Jack challenges to a race."
"5,000 Fingers of Dr. T, The","The bane of adolescent Bart Collins' existence is the piano lessons he is forced to take under the tutelage of Dr. Terwilliker, the only person he admits he detests because of his ..."
Love Story,A boy and a girl from different backgrounds fall in love regardless of their upbringing - and then tragedy strikes.
Pelle the Conqueror (Pelle erobreren),The end of the 19th century. A boat filled with Swedish emigrants comes to the Danish island of Bornholm. Among them are Lasse and his son Pelle who move to Denmark to find work. They find ...
Rififi (Du rififi chez les hommes),"Four men plan a technically perfect crime, but the human element intervenes..."
"Knight's Tale, A","After his master dies, a peasant squire, fueled by his desire for food and glory, creates a new identity for himself as a knight."
Bread and Roses,"Two Latina sisters work as cleaners in a downtown office building, and fight for the right to unionize."
"King Is Alive, The","When a bus breaks down in the desert, the passengers decide to stage King Lear."
Startup.com,Traces the birth and failure of new media company govWorks.com.
Angel Eyes,"A mysterious man is drawn to a feisty female police officer and a unusual relationship ensues, as not everything is as it seems."
Shrek,"After his swamp is filled with magical creatures, an ogre agrees to rescue a princess for a villainous lord in order to get his land back."
Moulin Rouge,"A poet falls for a beautiful courtesan whom a jealous duke covets in this stylish musical, with music drawn from familiar 20th century sources."
Pearl Harbor,"Pearl Harbor follows the story of two best friends, Rafe and Danny, and their love lives as they go off to join the war."
Himalaya (Himalaya - l'enfance d'un chef),"An aging chief's last stand, lessons for the new, and the education of a young chief-to-be played against harsh Nature in Nepal's Dolpo. When his son dies returning from Tibet's salt lakes,..."
Ice Castles,A young girl is on top of the world until a tragic accident dashes her hopes and dreams of becoming a world-class figure skater. Only with the help of those who love her can she prove to ...
Love Potion #9,Two scientists who are hopeless with the opposite sex invent a substance that makes them irresistible to anyone they speak to.
Postcards From the Edge,A substance-addicted actress tries to look on the bright side even as she is forced to move back in with her mother to avoid unemployment.
Apache,"Refusing to let himself be re-settled on a Florida reservation,Massai,an Apache warrior,escapes his captors and returns to his homeland to become a peaceful farmer."
City Slickers,"On the verge of turning 40, an unhappy Manhattan yuppie is roped into joining his two friends on a cattle drive in the southwest."
Eight Men Out,A dramatization of the Black Sox scandal when the underpaid Chicago White Sox accepted bribes to deliberately lose the 1919 World Series.
"Kentuckian, The","A Kentucky widower bound for 1820's Texas with his young son is thwarted in his efforts by a corrupt constable, a long-standing family feud, and a beautiful indentured servant."
Mississippi Burning,Two FBI agents with wildly different styles arrive in Mississippi to investigate the disappearance of some civil rights activists.
"Magnificent Seven, The",An oppressed Mexican peasant village assembles seven gunfighters to help defend their homes.
Rio Bravo,"A small-town sheriff in the American West enlists the help of a cripple, a drunk, and a young gunfighter in his efforts to hold in jail the brother of the local bad guy."
Suspect,"A judge commits suicide, and his secretary is found murdered. A homeless deaf-mute man, Carl Anderson is arrested for her murder. Public defender Kathleen is assigned by the court as his ..."
Throw Momma from the Train,"A bitter ex-husband. A put upon momma's boy. Both want their respective spouse and mother dead, but who will pull it off?"
Yi Yi,Each member of a middle class Taipei family seeks to reconcile past and present relationships within their daily lives.
"Sand Pebbles, The","Engineer Jake Holman arrives aboard the gunboat U.S.S. San Pablo, assigned to patrol a tributary of the Yangtze in the middle of exploited and revolution-torn 1926 China. His iconoclasm and..."
Twelve O'Clock High,A hard-as-nails general takes over a bomber unit suffering from low morale and whips them into fighting shape.
Von Ryan's Express,An American POW leads a group of mainly British prisoners to escape from the Germans in WWII.
"Animal, The","After receiving organ transplants from various animal donors, a man finds himself taking on the traits of those animals."
Big Eden,"Big Eden is a small, fictional northwestern Montana town."
Evolution,"A fire-fighting cadet, two college professors and a geeky but sexy government scientist work against an alien organism that has been rapidly evolving ever since its arrival on Earth inside a meteor."
Swordfish,"When the DEA shut down its dummy corporation operation codenamed SWORDFISH in 1986, they had generated $400 million which they let sit around; fifteen years of compound interest has swelled..."
"Anniversary Party, The",Love is complex and relationships deteriorate.
Divided We Fall (Musíme si pomáhat),"In Nazi occupied Czechoslovakia, a childless couple agree to hide a Jewish friend at great personal risk of discovery and execution."
Catch-22,"A man is trying desperately to be certified insane during World War II, so he can stop flying missions."
Forgotten Silver,Forgotten Silver is a mockumentary which details the prodigious life of lost filmmaker Colin McKenzie and his incredible advances that were lost to history...until now. This supergenius ...
Point Break,An FBI agent goes undercover to catch a gang of surfers who may be bank robbers.
Shag,"Summer of 1963. Carson is getting married to her boyfriend so her friends Melaina, Pudge and Luanne take her to Myrtle Beach for one last irresponsible weekend."
Uncommon Valor,"Ten years after his son went MIA in Vietnam, U.S.Marine retired Colonel Jason Rhodes assembles a private rescue team to find Americans held in POW camps in Laos."
Unlawful Entry,"After a break-in at their house, a couple gets help from one of the cops that answered their call. He helps them install the security system, and begins dropping by on short notice and ..."
Youngblood,A skilled young hockey prospect hoping to attract the attention of professional scouts is pressured to show that he can fight if challenged during his stay in a Canadian minor hockey town. ...
Gentlemen Prefer Blondes,"Singers Lorelei Lee and Dorothy Shaw travel to Paris, pursued by a private detective hired by the disapproving father of Lorelei's fiancé to keep an eye on her, as well as a rich, enamored old man and many other doting admirers."
How to Marry a Millionaire,"Three women set out to find eligible millionaires to marry, but find true love in the process."
"Seven Year Itch, The","When his family goes away for the summer, a so far faithful husband is tempted by a beautiful neighbor."
There's No Business Like Show Business,"Molly and Terry Donahue, plus their three children, are The Five Donahues. Son Tim meets hat-check girl Vicky and the family act begins to fall apart."
Tootsie,"Michael Dorsey, an unsuccessful actor, disguises himself as a woman in order to get a role on a trashy hospital soap."
Atlantis: The Lost Empire,A young adventurer named Milo Thatch joins an intrepid group of explorers to find the mysterious lost continent of Atlantis.
Lara Croft: Tomb Raider,Video game adventuress Lara Croft comes to life in a movie where she races against time and villains to recover powerful ancient artifacts.
Dr. Dolittle 2,Dolittle must save a forest and a bear's life.
"Fast and the Furious, The",Los Angeles police officer Brian O'Connor must decide where his loyalties really lie when he becomes enamored with the street racing world he has been sent undercover to destroy.
A.I. Artificial Intelligence,A highly advanced robotic boy longs to become real so that he can regain the love of his human mother.
Baby Boy,"This is the story of Jody, an unemployed young black man, who's been living with his mother for several years, even though he's got a child of his own. Romantically, he's having ..."
Crazy/Beautiful,"At Pacific Palisades High, a poor Latino falls hard for a troubled girl from the affluent neighborhood."
"Adventures of Felix, The (a.k.a. Funny Felix) (Drôle de Félix)","A tale revolving around the carefree and bon-vivant, Felix, who is content living with his boyfriend, Daniel in the town of Dieppe in Northern France. When Felix is laid off from his job, ..."
Sexy Beast,"Brutal gangster Don Logan recruits retired safecracker Gal for one last job, but it goes badly for both of them."
"Princess and the Warrior, The (Krieger und die Kaiserin, Der)","Young nurse Sissi lives a secluded life, seemingly entirely devoted to her patients at Birkenhof asylum. Her first encounter with ex-soldier and drifter Bodo has a lasting impact. He causes..."
"Closet, The (Placard, Le)","A man spreads the rumor of his fake homosexuality with the aid of his neighbor, to prevent his imminent firing at his work."
"Crimson Rivers, The (Rivières pourpres, Les)",A murder detective must follow the footsteps of a brutal killer within the secrets of a classist college.
Lumumba,"The true story of the rise to power and brutal assassination of the formerly vilified and later redeemed leader of the independent Congo, Patrice Lumumba. Using newly discovered historical ..."
Cats & Dogs,"A look at the top-secret, high-tech espionage war going on between cats and dogs, which their human owners are blissfully unaware of."
Kiss of the Dragon,A betrayed intelligence officer enlists the aid of a prostitute to prove his innocence from a deadly conspiracy while returning a favor to her.
Scary Movie 2,Four teens are tricked by their professor into visiting a haunted house for a school project.
Lost and Delirious,A newcomer to a posh girls boarding school discovers that her two senior roommates are lovers.
Rape Me (Baise-moi),"Two young women, marginalised by society, go on a destructive tour of sex and violence. Breaking norms and killing men - and shattering the complacency of polite cinema audiences."
"Vertical Ray of the Sun, The (Mua he chieu thang dung)","With the brilliant Vietnamese summer as a setting Vertical Ray of the Sun is beautiful from beginning to end. The plot centres around three sisters, two of whom are happily married (or so ..."
Alice,A spoiled Manhattan housewife re-evaluates her life after visiting a Chinatown healer.
Beach Blanket Bingo,"In the fourth of the highly successful Frankie and Annette beach party movies, a motorcycle gang led by Eric Von Zipper kidnaps singing star Sugar Kane managed by Bullets, who hires ..."
"Cannonball Run, The","A wide variety of eccentric competitors participate in a wild and illegal cross-country road race. However, the eccentric entrants will do anything to win the road race, including low-down, dirty tricks."
Cannonball Run II,The original characters from the first Cannonball movie race across the country once more in various cars and trucks.
"Diary of a Chambermaid (Journal d'une femme de chambre, Le)","Celestine, the chambermaid, has new job on the country. The Monteils, who she works for are a group of strange people. The wife is frigid, her husband is always hunting (both animals and ..."
Donovan's Reef,"'Guns' Donovan prefers carousing with his pals Doc Dedham and 'Boats' Gilhooley, until Dedham's high-society daughter Amelia shows up in their South Seas paradise."
Dr. Goldfoot and the Bikini Machine,Dr. Goldfoot has invented an army of bikini-clad robots who are programmed to seek out wealthy men and charm them into signing over their assets. Craig Gamble and Todd Armstrong set out to foil the fiendish plot.
"Fall of the House of Usher, The (House of Usher)","A man, upon entering his fiancées's family mansion, discovers a savage family curse and fears that his future brother-in-law has entombed his bride-to-be prematurely."
Faust,The demon Mephisto wagers with God that he can corrupt a mortal man's soul.
"Last Laugh, The (Letzte Mann, Der)","An aging doorman, after being fired from his prestigious job at a luxurious Hotel is forced to face the scorn of his friends, neighbours and society."
"Man Who Shot Liberty Valance, The","A senator, who became famous for killing a notorious outlaw, returns for the funeral of an old friend and tells the truth about his deed."
Salvador,An American photojournalist gets caught in a political struggle at El Salvador in 1980.
Shadows and Fog,"With a serial strangler on the loose, a bookkeeper wanders around town searching for the vigilante group intent on catching the killer."
Something Wild,A free-spirited woman kidnaps a yuppie for a weekend of adventure. But the fun quickly takes a dangerous turn when her ex-convict husband shows up.
Sons of Katie Elder,Ranch owner Katie Elder's four sons determine to avenge the murder of their father and the swindling of their mother.
X: The Man with the X-Ray Eyes,"A doctor uses special eye drops to give himself x-ray vision, but the new power has disastrous consequences."
Cheech & Chong's Nice Dreams,"Disguised as ice cream vendors, Cheech and Chong make--and subsequently lose--millions of dollars selling a batch of marijuana with an unusual side effect."
"House by the Cemetery, The (Quella villa accanto al cimitero)","In New York, Dr. Norman Boyle assumes the research about Dr. Freudstein of his colleague Dr. Petersen, who committed suicide after killing his mistress. Norman heads to Boston with his wife..."
"Barefoot Contessa, The","At Maria Vargas' funeral, several people recall who she was and the impact she had on them. Harry Dawes was a not very successful writer/director when he and movie producer Kirk Edwards ..."
Cries and Whispers (Viskningar och rop),"When a woman dying of cancer in early twentieth-century Sweden is visited by her two sisters, long-repressed feelings between the siblings rise to the surface."
"Garden of the Finzi-Continis, The (Giardino dei Finzi-Contini, Il)","In the late 1930s, in Ferrara, Italy, the Finzi-Contini are one of the leading families, wealthy, aristocratic, urbane; they are also Jewish. Their adult children, Micol and Alberto, gather..."
Kiss Me Deadly,"A doomed female hitchhiker pulls Mike Hammer into a deadly whirlpool of intrigue, revolving around a mysterious great whatsit."
"Lion in Winter, The","1183 AD: King Henry II's three sons all want to inherit the throne, but he won't commit to a choice. They and his wife variously plot to force him."
"Misfits, The",A sexy divorcée falls for an over-the-hill cowboy who is struggling to maintain his romantically independent lifestyle in early-sixties Nevada.
Sweet Smell of Success,Powerful but unethical Broadway columnist J.J. Hunsecker coerces unscrupulous press agent Sidney Falco into breaking up his sister's romance with a jazz musician.
Written on the Wind,"Alcoholic playboy Kyle Hadley marries the woman secretly loved by his poor but hard-working best friend, who in turn is pursued by Kyle's nymphomaniac sister."
Suspiria,A newcomer to a fancy ballet academy gradually comes to realize that the school is a front for something far more sinister and supernatural amidst a series of grisly murders.
"Fist of Fury (Chinese Connection, The) (Jing wu men)",A young man seeks vengence for the death of his teacher.
"Big Boss, The (Fists of Fury) (Tang shan da xiong)",A young man sworn to an oath of non-violence works with his cousins in an ice factory where they mysteriously begin to disappear.
Game of Death,A martial arts movie star must fake his death to find the people who are trying to kill him.
"Last Dragon, The","In New York City, a young man searches for the master to obtain the final level of martial arts mastery known as the glow. Along the way, he must fight an evil martial arts expert and ..."
Outland,"In the distant future, a police marshal stationed at a remote mining colony on the Jupiter moon of Io uncovers a drug-smuggling conspiracy, and gets no help from the populace when he later finds himself marked for murder."
"Way of the Dragon, The (a.k.a. Return of the Dragon) (Meng long guo jiang)",A man visits his relatives at their restaurant in Italy and has to help them defend against brutal gangsters harassing them.
T-Rex: Back to the Cretaceous,"Ally Hayden is a teenager who shares her father's interest in dinosaurs and archaeology. When he brings a mysterious fossil back from a dig, she is convinced it's the egg of a Tyrannosaurus..."
Final Fantasy: The Spirits Within,A scientist makes a last stand on Earth with the help of a ragtag team of soldiers against an invasion of alien phantoms.
Legally Blonde,"When a blonde sorority queen is dumped by her boyfriend, she decides to follow him to law school to get him back and, once there, learns she has more legal savvy than she ever imagined."
"Score, The",An aging thief hopes to retire and live off his ill-gotten wealth when a young kid convinces him into doing one last heist.
Bully,"A pack of naïve teenagers conspire to murder a mutual friend, whose aggressive demeanor has proved too much."
Jump Tomorrow,"A young Nigerian man on the verge of being in an arranged marriage, suddenly questions his situation after an encounter with a stunning Latin woman, who is also about to be married."
Made,"Two aspiring boxers, lifelong friends, get involved in a money-laundering scheme through a low-level organized crime group."
Michael Jordan to the Max,Michael Jordan Is Praised as the Greatest Basketball Player of All Time in This Documentary!
More,A worker in a factory learns a lesson about life. When is enough?
Africa: The Serengeti,"The Serengeti is a huge area of grassland in Tanzania, Africa. Once a year, in the time of drought, about two million herd animals like antelopes travel north to feed and mate before moving..."
Alaska: Spirit of the Wild,"A look at the Alaskan wilderness throughout the year, from the harsh winters to the rejuvenating spring, and the animals (including its human residents) who learn to adapt to the extremes ..."
18 Again!,"Jack Watson is celebrating his 81st birthday. He is a charismatic, successful patriarch who still enjoys life. He makes a wish that he could be 18 again. Later he is living it up with his ..."
"Accidental Tourist, The",An emotionally distant writer of travel guides must carry on with his life after his son is killed and his marriage crumbles.
"Accused, The","After a young woman suffers a brutal rape in a bar one night, a prosecutor assists in bringing the perpetrators to justice, including the ones who encouraged and cheered on the attack."
Above the Law,A former Special Operations Vietnam vet works as a Chicago cop and uncovers CIA wrongdoing.
"Adventures of Baron Munchausen, The",An account of Baron Munchausen's supposed travels and fantastical experiences with his band of misfits.
Appointment with Death,"When a former prison wardress who dominates the lives of her three adult stepchildren and her daughter is found dead at an archaeological dig near the Dead Sea, there are a great many suspects."
Ariel,"The movie tells the story of Taisto Kasurinen, a finnish coal miner whose father has just committed suicide and who is framed for a crime he did not commit. In jail, he starts to dream ..."
Arthur 2: On the Rocks,"Arthur loses all his money, and his wife wants a baby."
Bat*21,"During the Vietnam War, Colonel Hambleton's aircraft is shot down over enemy territory and a frantic rescue operation ensues."
Beaches,"A privileged rich debutante and a cynical struggling entertainer share a turbulent, but strong childhood friendship over the years."
"Beast of War, The (Beast, The)",During the war in Afghanistan a Soviet tank crew commanded by a tyrannical officer find themselves lost and in a struggle against a band of Mujahadeen guerrillas in the mountains. A unique ...
Big Top Pee-Wee,"Pee-Wee is now a successful small-town farmer, engaged to schoolteacher Winnie. A traveling circus arrives and Pee-Wee and his talking pet pig Vance agree to help them win over the bitter townsfolk. He also falls for trapeze artist Gina."
Biloxi Blues,A group of young recruits go through boot camp during the Second World War in Biloxi Mississippi. From the play by Neil Simon.
Bird,"The troubled life and career of the jazz musician, Charlie Bird Parker."
"Blob, The",A strange lifeform consumes everything in its path as it grows and grows.
"Bright Lights, Big City",A disillusioned young writer living in New York City turns to drugs and drinking to block out the memories of his dead mother and estranged wife.
Caddyshack II,"When a crass new-money tycoon's membership application is turned down at a snooty country club, he retaliates by buying the club and turning it into a tacky amusement park."
Clean and Sober,"A hustling drug addict checks himself into rehab to escape trouble with the law, and realizes that it's exactly what he needs."
Cocktail,A talented New York City bartender takes a job at a bar in Jamaica and falls in love.
Colors,An experienced cop and his rookie partner patrol the streets of East Los Angeles while trying to keep the gang violence under control.
Coming to America,"An African prince goes to Queens, New York City to find a wife whom he can respect for her intelligence and will."
"Couch Trip, The","The escaped delinquent John W. Burns, Jr. replaces Dr. Maitlin on a radio show, saying he's the psychiatrist Lawrence Baird. His tactless radio show is a hit, and he becomes very popular. ..."
Criminal Law,"Oldman plays a lawyer who defends a killer, but, soon after he wins he finds out that the killer is guilty."
Critters,"A race of small, furry aliens make lunch out of the locals in a farming town."
Critters 2: The Main Course,"Eggs of the small, furry alien carnivores are left behind on Earth and, after hatching, set their appetites on the next neighboring town."
Crossing Delancey,A Manhattan single meets a man through her Jewish grandmother's matchmaker.
D.O.A.,"Dexter Cornell, an English Professor becomes embroiled in a series of murders involving people around him. Dexter has good reason to want to find the murderer but hasn't much time. He finds..."
"Dead Pool, The","Dirty Harry Callahan must stop a sick secret contest to murder local celebrities, which includes himself as a target."
Dirty Rotten Scoundrels,"Two con men try to settle their rivalry by betting on who can swindle a young American heiress out of $50,000 first."
Drowning by Numbers,"Tired of her husband's philanderous ways, the mother of two daughters drowns her husband. With the reluctant help of the local coroner, the murder is obscured. Her daughters are having ..."
"Elvira, Mistress of the Dark","When her great aunt dies, famous horror hostess Elvira heads for the uptight New England town Falwell to claim her inheritance of a haunted house, a witch's cookbook and a punk rock poodle...."
Ernest Saves Christmas,Ernest helps Santa Claus as he searches for his successor.
Everybody's All-American,A Louisiana football legend struggles to deal with life's complexities after his college career is over.
Frantic,"In a hotel room in Paris, a doctor comes out of the shower and finds that his wife has disappeared. He soon finds himself caught up in a world of intrigue, espionage, gangsters, drugs and murder."
Gorillas in the Mist,"The story of Dian Fossey, a scientist who came to Africa to study the vanishing mountain gorillas, and later fought to protect them."
"Great Outdoors, The",A Chicago man's hope for a peaceful family vacation in the woods is shattered when the annoying in-laws drop in.
High Spirits,"When Peter Plunkett's Irish castle turned hotel is about to be repossesed, he decides to spice up the attraction a bit for the 'Yanks' by having his staff pretend to haunt the castle. The ..."
Imagine: John Lennon,A biography of the rock music star.
Johnny Be Good,"It's recruiting time and despite being short and scrawny, Johnny Walker is America's hottest young football prospect. His dilemma: should he take one of the many offers from college talent ..."
The Lair of the White Worm,"Scottish archaeologist Angus Flint discovers an odd skull amid the ruins of a convent that he is excavating. Shortly thereafter, Lady Sylvia Marsh returns to Temple House, a nearby mansion,..."
"Land Before Time, The",An orphaned brontosaurus teams up with other young dinosaurs in order to reunite with their families in a valley.
License to Drive,A teen decides to go for a night on the town with his friends despite flunking his driver's test.
Little Nikita,An FBI agent works to uncover an All-American family as Soviet sleeper agents and gets caught up in friendship with their unaware son.
Masquerade,"A recently orphaned millionairess, Olivia, really hates her scheming step-father. Olivia finds love with a young yacht racing captain, Tim, who isn't completely truthful with her. When the ..."
Milagro Beanfield War,"In Milagro, a small town in the American Southwest, Ladd Devine plans to build a major new resort development. While activist Ruby Archuleta and lawyer/newspaper editor Charlie Bloom ..."
Moon Over Parador,"Little known actor, Jack Noah, is working on location in the dictatorship of Parador at the time the dictator dies. The dictator's right hand man, Roberto, makes Jack an offer he cannot ..."
My Stepmother Is an Alien,"An alien is sent on a secret mission to Earth, where she appears as a gorgeous, attractive, and single lady. Her mission is to make contact with a rather nerdy young scientist, who's quite ..."
"Night in the Life of Jimmy Reardon, A","A charming womanizer has to find a way to get $80 to elope to Hawaii with his one true love, or else go to his father's chosen business school."
Off Limits,"McGriff and Albaby are probably doing the worst law enforcement job in the world - they are plain clothes U.S. military policemen on duty in war-time Saigon. However, their job becomes even..."
Bagdad Cafe (Out of Rosenheim),A lonely German woman ends up in the most desolate motel on Earth and decides to make it brighter.
Red Heat,A tough Russian policeman is forced to partner up with a cocky Chicago police detective when he is sent to Chicago to apprehend a Georgian drug lord who killed his partner and fled the country.
Return of the Living Dead Part II,"Curious kids unearth the barrels that helped revive the dead of the first film, which proves the second time's an undead charm."
"Return of the Living Dead, The","When two bumbling employees at a medical supply warehouse accidentally release a deadly gas into the air, the vapors cause the dead to rise again as zombies."
Return to Snowy River (a.k.a. The Man From Snowy River II),"Young Jim Craig returns to his home in the Australian high country. He finds that things are not as he left them - his girlfriend is being pursued by another man, and her father doesn't want Jim back into her life."
"Man from Snowy River, The",In 1880s Australia when young Jim Craig's father dies Jim takes a job at the Harrison cattle ranch and he is forced to become a man.
Running on Empty,The eldest son of a fugitive family comes of age and wants to live a life of his own.
Salome's Last Dance,"Late on Guy Fawkes Day, 1892, Oscar Wilde arrives at a high-class brothel where a surprise awaits: a staging of his play Salome, with parts played by prostitutes, Wilde's host, his lover ..."
Salsa,"Fatherless barrio Puertorican Rico is a menial car mechanic by day, but lives for the nights, when he dances and dates hot dancing girls, cockily convinced the title of Salsa king in fancy ..."
"Serpent and the Rainbow, The",An anthropologist goes to Haiti after hearing rumors about a drug used by black magic practitioners to turn people into zombies.
Shoot to Kill,"Sidney Poitier returned to the big screen in this action-thriller, after a decade-long absence. When a cunning murderer vanishes into the rugged mountains of the Pacific Northwest, pursuing..."
Short Circuit 2,Robot Johnny Five comes to the city and gets manipulated by criminals who want him for their own purposes.
Short Circuit,"Number 5 of a group of experimental robots in a lab is electrocuted, suddenly becomes intelligent, and escapes."
"Vanishing, The (Spoorloos)","Rex and Saskia, a young couple in love, are on vacation. They stop at a busy service station and Saskia is abducted. After three years and no sign of Saskia, Rex begins receiving letters from the abductor."
Switching Channels,A television news chief courts his anchorwoman ex-wife with an eleventh-hour story.
"Tetsuo, the Ironman (Tetsuo)","A strange man known only as the metal fetishist, who seems to have an insane compulsion to stick scrap metal into his body, is hit and possibly killed by a Japanese salaryman, out for a..."
They Live,A drifter discovers a pair of sunglasses that allow him to wake up to the fact that aliens have taken over the Earth.
Torch Song Trilogy,Tony Award-winning actor and playwright Harvey Fierstein re-creates his role as the unsinkable Arnold Beckoff in this film adaptation of the smash Broadway play TORCH SONG TRILOGY. A very ...
Tucker: The Man and His Dream,"The story of Preston Tucker, the maverick car designer and his ill-fated challenge to the auto industry with his revolutionary car concept."
Twins,"A physically perfect but innocent man goes in search of his long-lost twin brother, who is a short small-time crook."
Vice Versa,"During an argument, a divorced executive and his 11 year old son casually touch a magical Tibetan skull, releasing a mysterious power that transfers the father's mind to the body of the son and vice versa. Their problems have just begun."
Watchers,"Based on a novel by Dean Koontz. A boy takes in a stray dog, later finding out that its an ultra-intelligent runaway from a genetic research lab. Unknow to him, the dog is being stalked by ..."
Waxwork,A wax museum owner uses his horror exhibits to unleash evil on the world.
Without a Clue,A drunken Sherlock Holmes is really just a cover for the real detective - Dr Watson.
Young Einstein,"Albert Einstein is the son of a Tasmanian apple farmer, who discovers the secret of splitting the beer atom to put the bubbles back into beer. When Albert travels to Sydney to patent his ..."
Always,A romantic adventure about a legendary pilot's passion for dare-devil firefighting and his girl.
American Ninja,"American soldier, obviously very skilled in martial arts, single-handedly takes on mercenaries in the Philippines."
American Ninja 2: The Confrontation,"On a remote Caribbean island, Army Ranger Joe Armstrong investigates the disappearance of several marines, which leads him to The Lion, a super-criminal who has kidnapped a local scientist and mass-produced an army of mutant Ninja warriors."
American Ninja 3: Blood Hunt,"Jackson is back, and now he has a new partner, karate champion Sean, as they must face a deadly terrorist known as The Cobra, who has infected Sean with a virus. Sean and Jackson have no ..."
Best of the Best,A team from the United States is going to compete against Korea in a Tae Kwon Do tournament. The team consists of fighters from all over the country--can they overcome their rivalry and work together to win?
Best of the Best 2,"The Colosseum is the fighting arena owned by the champion Bracus. Now after the death of their friend, Rhee and Roberts want revenge."
"Big Picture, The","Film school grad Nick Chapman thought his career was made after his award winning short film, but discovered Hollywood wasn't as easy as it seems."
Bill & Ted's Excellent Adventure,Two seemingly dumb teens struggle to prepare a historical presentation with the help of a time machine.
Black Rain,Two NYC cops arrest a Yakuza member and must escort him when he's extradited to Japan.
Blaze,"A middle-aged Louisiana governor falls in love with a young stripper, which jeopardizes his political career and the radical policies which have made him a controversial figure."
Casualties of War,"During the Vietnam War, a soldier finds himself the outsider of his own squad when they unnecessarily kidnap a female villager."
Chances Are,"Louie Jeffries is happily married to Corinne. On their first anniversary, Louie is killed crossing the road. Louie is reincarnated as Alex Finch, and twenty years later, fate brings Alex ..."
Dream a Little Dream,An accident puts the consciousness of an elderly dream researcher into the body of a bratty teenager. The problem? The kid prefers dreamworld limbo to real life.
"Dream Team, The","On the way to a baseball game, sanitarium patients get stranded in New York City after their chaperone is hospitalized and they're being pursued by criminals."
Earth Girls Are Easy,"A spaceship with three furry aliens lands in a California girl's swimming pool, so she makes friends with them."
Eddie and the Cruisers,"A television newswoman picks up the story of a 1960s rock band whose long-lost leader Eddie Wilson may still be alive, while searching for the missing tapes of the band's never-released album."
Enemies: A Love Story,"A ghostwriter finds himself romantically involved with his current wife, a married woman and his long-vanished wife."
Erik the Viking,Erik the Viking and his men travel across the sea to find Valhalla to ask the gods to end the Age of Ragnarok.
"Experts, The",Travis and Wendell are kidnapped while on their way to opening a nightclub in rural Nebraska. The KGB spy Cameron Smith takes them to the U.S.S.R. instead with the intention of teaching KGB...
Family Business,"Jessie is an aging career criminal who has been in more jails, fights, schemes, and lineups than just about anyone else. His son Vito, while currently on the straight and narrow, has had a ..."
Gross Anatomy (a.k.a. A Cut Above),"A smart first-year med student takes nothing seriously, except the pursuit of his Gross Anatomy (human dissection) lab partner. It's up to her and their teacher to find a way to convince ..."
Harlem Nights,"During the 1920s, a New York illegal gambling house owner and his associates must deal with strong competition, gangsters and corrupt cops in order to stay in business."
Her Alibi,"A writer of BAD detective novels is in full writers' block. He pretends to be the alibi of a beautiful woman who was arrested for murder at first thinking her innocent, but as she shows ..."
How to Get Ahead in Advertising,Dennis Dimbleby Bagley is a brilliant young advertising executive who can't come up with a slogan to sell a revolutionary new pimple cream. His obsessive worrying affects not only his ...
Immediate Family,"Linda and Michael, married for ten years, desperately want a baby and turn to an adoption agency which introduces them to Lucy, a teenage girl expecting her first baby. The three agree that..."
"Innocent Man, An","Jimmie Rainwood was minding his own business when two corrupt police officers (getting an address wrong) burst into his house, expecting to find a major drug dealer. Rainwood is shot, and ..."
"January Man, The","Nick and Frank Starkey were both policemen. A scandal forced Nick to leave the force, now a serial killer has driven the police to take him back. A web that includes Frank's wife, bribery, ..."
Jesus of Montreal (Jésus de Montréal),"A group of actors put on an unorthodox, but acclaimed Passion Play which incites the opposition of the Catholic Church while the actors' lives themselves begin to mirror the Passion itself."
Kickboxer,Kurt Sloane must learn the ancient kick boxing art of Muay Thai in order to avenge his brother.
Last Exit to Brooklyn,Set in Brooklyn during the 1950s against a backdrop of union corruption and violence. A prostitute falls in love with one of her customers. Also a disturbed man discovers that he is ...
Lean on Me,The dedicated but tyrannical Joe Clark is appointed the principal of a decaying inner-city school that he is determined to improve.
Let It Ride,"A nosy cab driver gets a hot tip on a race horse and wins big, but he can't seem to stop gambling. Will he go broke or walk home with a pretty penny?"
Leviathan,An American deep-sea mining colony stumbles upon a sunken Soviet vessel hiding a horrific secret.
Little Monsters,A boy discovers an incredible and gruesome world of monsters under his bed.
Look Who's Talking,"After a single, career-minded woman is left on her own to give birth to the child of a married man, she finds a new romantic chance in a cab driver. Meanwhile the point-of-view of the newborn boy is narrated through voice over."
Loverboy,"College sophomore Randy Bodek is unfocused. The only thing he knows is that he loves his roommate, Jenny Gordon, who feels unappreciated as other things in his life seem to take precedence ..."
Major League,"The new owner of the Cleveland Indians puts together a purposely horrible team so they'll lose and she can move the team. But when the plot is uncovered, they start winning just to spite her."
Meet the Feebles,"Heidi, the star of the Meet The Feebles Variety Hour discovers her lover Bletch, The Walrus, is cheating on her, and with all the world waiting for the show the assorted co-stars must ..."
Millennium,An NTSB investigator seeking the cause of an airline disaster meets a warrior woman from 1000 years in the future.
Miracle Mile,A young man hears a chance phone call telling him that a nuclear war has started and missiles will hit his city in 70 minutes.
Miss Firecracker,"Carnelle isn't happy with her life, so in order to improve herself she enters a local beauty contest, trying to emulate her cousin Elain's win many years ago. Few think she can win, even ..."
New York Stories,"A middle-aged artist obsessed with his pretty young assistant, a precocious 12 year old living in a hotel, and a neurotic lawyer with a possessive mother make up three Gotham tales."
Next of Kin,"Truman, a Chicago cop, sets out to find the killer of his brother. Meanwhile, another of his brothers, Briar (a hillbilly) decides to find the killer himself."
No Holds Barred,"Rip is the World Wrestling Federation champion who is faithful to his fans and the network he wrestles for. Brell, the new head of the World Television Network, wants Rip to wrestle for his..."
"Package, The","Experienced Green Beret sergeant Johnny Gallagher is escorting a prisoner, Airborne Ranger Thomas Boyette, back to the US, but Boyette escapes and Gallagher must risk life and limb to catch him."
Penn & Teller Get Killed,"Penn & Teller enjoy playing jokes on each other. When Penn says on an interview show that he wishes he has someone threatening his life so that he wouldn't sweat the small stuff, each of ..."
"Punisher, The","When Frank Castle's family is murdered by criminals, he wages war on crime as a vigilante assassin known only as the Punisher."
Jurassic Park III,"A decidedly odd couple with ulterior motives convince Dr. Alan Grant to go to Isla Sorna (the second InGen dinosaur lab.), resulting in an unexpected landing...and unexpected new inhabitants on the island."
America's Sweethearts,A movie publicist deals with the messy public split of his movie's co-stars while keeping reporters at bay while a reclusive director holds the film's print hostage.
Brother,"A Japanese gangster is exiled to Los Angeles where his brother lives with a small but respectable multi-racial gang, who he inspires to expand their influence."
Ghost World,"With only the plan of moving in together after high school, two unusually devious friends seek direction in life. As a mere gag, they respond to a man's newspaper ad for a date, only to find it will greatly complicate their lives."
Hedwig and the Angry Inch,A transsexual punk-rock girl from East Berlin tours the U.S. with her band as she tells her life story and follows the former lover/band-mate who stole her songs.
Planet of the Apes,"An Air Force astronaut crash lands on a mysterious planet where evolved, talking apes dominate a race of primitive humans."
Bread and Tulips (Pane e tulipani),"After being forgotten in a highway café during a bus trip, a housewife decides to start a new life by herself in Venice."
Cure,A frustrated detective deals with the case of several gruesome murders committed by people who have no recollection of what they've done.
Wet Hot American Summer,"Set on the last day of camp, in the hot summer of 1981, a group of counselors try to complete their unfinished business before the day ends."
"Return of Swamp Thing, The","The Swamp Thing returns to battle the evil Dr. Arcane, who has a new science lab full of creatures transformed by genetic mutation, and chooses Heather Locklear as his new object of ..."
Road House,A tough bouncer is hired to tame a dirty bar.
Romero,"The life and work of Archbishop Oscar Romero who opposed, at great personal risk, the tyrannical repression in El Salvador."
Santa Sangre,"A young man is confined in a mental hospital. Through a flashback we see that he was traumatized as a child, when he and his family were circus performers: he saw his father cut off the ..."
Scandal,"An English bon-vivant osteopath is enchanted with a young exotic dancer and invites her to live with him. He serves as friend and mentor, and through his contacts and parties she and her ..."
Scenes from the Class Struggle in Beverly Hills,The widow's houseboy and the divorcee's chauffeur bet on which will bed the other's employer first.
Sea of Love,A detective investigating a series of murders becomes involved with a woman who may be the culprit.
"See No Evil, Hear No Evil","Dave is deaf, and Wally is blind. They witness a murder, but it was Dave who was looking at her, and Wally who was listening."
She's Out of Control,"When an average-looking teenage girl gets a makeover, it's enough to turn make her father become overprotective of her."
Shirley Valentine,"Shirley's a middle-aged Liverpool housewife, who finds herself talking to the wall while she prepares her husband's chip'n'egg, wondering what happened to her life. She compares scenes in ..."
Skin Deep,"A womanizing, drunken, allelic writer, whose life seems to be falling apart at the seams, repeatedly finds himself in trouble of one sort or another with the law, ex-girlfriends, and jealous boyfriends."
Slaves of New York,"Eleanor lives with the artist Stash. Just like his artist friends, he is completely unknown but is waiting for the big break. Stash is mean to her and finally she leaves him. Ironically, ..."
"Stepfather, The","After murdering his entire family, a man remarries a widow with a teenage daughter in another town and prepares to do it all over again."
Tango & Cash,Two cops are framed and must clear their names.
Tap,"Just released from prison, Max Washington must decide which of his previous professions to return to burglar or tap dancer."
Three Fugitives,"On his first day after being released from jail for 14 armed bank robberies, Lucas finds himself caught up in someone else's robbery. Perry has decided to hold up the local bank to raise ..."
Troop Beverly Hills,"As Phyllis, a Beverly Hills housewife, is in the middle of a divorce, she tries to find focus in her life by taking over her daughter Hannah's Wilderness Girl troop. Among the girls are ..."
Turner & Hooch,A detective must adopt the dog of a dead man to help him find the murderer.
UHF,"A local public station gets a new owner. The station becomes a hit, with all sorts of hilarious sight gags and wacky humor."
Uncle Buck,"Bachelor and all round slob, Buck, babysits his brother's rebellious teenage daughter and her cute younger brother and sister."
Vampire's Kiss,"After an encounter with a neck-biter, a publishing executive thinks that he's turning into a vampire."
"War of the Roses, The",A married couple try everything to get each other to leave the house in a vicious divorce battle.
Warlock,"A warlock flees from the 17th to the 20th century, with a witch-hunter in hot pursuit."
Worth Winning,Taylor is a man who has no problems with women. So confident is he that he accepts a challenge from his friends: he has to secure proposals of marriage from three women of their choice.
Weekend at Bernie's II,Larry and Richard use a voodoo-revived corpse to track down hidden money to clear their names.
Billy Liar,"A lazy, irresponsible young clerk in provincial Northern England lives in his own fantasy world and makes emotionally immature decisions as he alienates friends and family."
Black Robe,A young Jesuit priest seeks to convert the Indian tribes in Canada while also trying to survive the harsh winter.
"Cotton Club, The","The Cotton Club was a famous night club in Harlem. The story follows the people that visited the club, those that ran it, and is peppered with the Jazz music that made it so famous."
Def-Con 4,"Two men and a woman circle the globe in a satellite armed with a nuclear device. The third world war breaks out, and a few months later the satellite crashes. They survive the crash but one..."
"Hotel New Hampshire, The",The film talks about a family that weathers all sorts of disasters and keeps going in spite of it all. It is noted for its wonderful assortment of oddball characters.
"Zorro, the Gay Blade","Mexico, 1840s. When the new Spanish Governor begins to grind the peasants under his heel, wealthy landowner Don Diego Vega follows in his late father's footsteps and becomes Zorro, the ..."
Basket Case,A young man carrying a big basket that contains his deformed Siamese-twin brother seeks vengeance on the doctors who separated them against their will.
Orphans,Four siblings gathered together for their mother's funeral in Glasgow face individual torments over night during a tumultuous storm that rips the roof off the church.
Original Sin,"A woman along with her lover, plan to con a rich man by marrying him and on earning his trust running away with all his money. Everything goes as planned until she actually begins to fall in love with him."
"Princess Diaries, The","Mia Thermopolis has just found out that she is the heir apparent to the throne of Genovia. With her friends Lilly and Michael Moscovitz in tow, she tries to navigate through the rest of her 16th year."
Rush Hour 2,"Carter and Lee head to Hong Kong for vacation, but become embroiled in a counterfeit money scam."
Chocolat,"A young French woman returns to the vast silence of West Africa to contemplate her childhood days in a colonial outpost in Cameroon. Her strongest memories are of the family's houseboy, ..."
Hatari!,A group of men trap wild animals in Africa and sell them to zoos before the arrival of a female wildlife photographer threatens to change their ways.
"Cage aux Folles, La",Two gay men living in St. Tropez have their lives turned upside down when the son of one of the men announces he is getting married. They try conceal their lifestyle and their ownership of ...
"Cage aux Folles II, La",Sequel to La Cage aux folles has homosexual nightclub owner Renato and his transvesitite companion/lover Albin becoming involved with the local cops and foreign spies when Albin unwittingly...
Paint Your Wagon,Two unlikely prospector partners share the same wife in a California gold rush mining town.
"Shootist, The",A dying gunfighter spends his last days looking for a way to die with a minimum of pain and a maximum of dignity.
Theremin: An Electronic Odyssey,A documentary about the inventor of the first electronic synthesiser instrument and his subsequent life after he was abducted by the KGB as well as a history of his instrument.
"Wild Child, The (Enfant sauvage, L')","In a French forest in 1798, a child is found who cannot walk, speak, read or write. A doctor becomes interested in the child and patiently attempts to civilize him."
Altered States,A Harvard scientist conducts experiments on himself with a hallucinatory drug and an isolation chamber that may be causing him to regress genetically.
Any Which Way You Can,"Philo takes part in a bare knuckle fight - as he does - to make some more money than he can earn from his car repair business. He decides to retire from fighting, but when the Mafia come ..."
Bad Timing: A Sensual Obsession,"The setting is Vienna. A young American woman is brought to a hospital after overdosing on pills, apparently in a suicide attempt. A police detective suspects foul play on the part of her ..."
"Battle Creek Brawl (Big Brawl, The)",A young Asian American martial artist is forced to participate in a brutal formal street-fight competition.
American Pie 2,"The sequel to the hit comedy American Pie (1999), the high school students are now in college. These close friends decide to meet up at the beach house for some fun."
Osmosis Jones,"A policeman white blood cell, with the help of a cold pill, must stop a deadly virus from destroying the human they live in, Frank."
"Others, The",A woman who lives in a darkened old house with her two photosensitive children becomes convinced that her family home is haunted.
American Outlaws,"When a Midwest town learns that a corrupt railroad baron has captured the deeds to their homesteads without their knowledge, a group of young ranchers join forces to take back what is ..."
All Over the Guy,All Over The Guy is a contemporary romantic comedy about the quest to find the one when the one doesn't know he's the one. It explores the unlikely pairing of two 20-somethings ...
"Deep End, The",A woman spirals out of control while trying to keep her son from being found culpable in a murder investigation.
On the Edge,On the Edge is about suicidal patients discovering their true selves while going through therapy in a treatment center.
Session 9,Tensions rise within an asbestos cleaning crew as they work in an abandoned mental hospital with a horrific past that seems to be coming back.
Captain Corelli's Mandolin,"When a fisherman leaves to fight with the Greek army during WWII, his fiancee falls in love with the local Italian commander."
Rat Race,"A Las Vegas casino magnate, determined to find a new avenue for wagering, sets up a race for money."
Innocence,"After more than forty years apart, Andreas and Claire embark on an affair as reckless and intense as when they were young lovers. Widowed musician Andreas decides to get back in touch with ..."
Bubble Boy,A young man who was born without an immune system and has lived his life within a plastic bubble in his bedroom finds out that the woman he has loved since childhood is about to be married ...
"Curse of the Jade Scorpion, The",An insurance investigator and an efficency expert who hate each other are both hypnotized by a crooked hypnotist with a jade scorpion into stealing jewels.
Jay and Silent Bob Strike Back,"The comic 'Bluntman and Chronic' is based on real-life stoners Jay and Silent Bob, so when they get no profit from a big-screen adaptation they set out to wreck the movie."
Ghosts of Mars,"Years in the future, a Martian police unit is sent to pick up a highly dangerous criminal at a remote mining post. Upon arrival, the cops find that the post has become a charnel house."
Summer Catch,A rich girl whose family summers on Cape Cod has a romance with a local poor boy who hopes to become a major league baseball player.
"American Rhapsody, An",A young Hungarian girl struggles to find her place in the world when she's reunited with her parents in the USA years after she was left behind during their flight from the communist country in the 1950s.
Happy Accidents,"Ruby Weaver has man trouble: she tries to fix them, so she's stuck herself with a string of losers. Her current lover, Sam Deed, seems different: he's sweet, tender, just in from Dubuque. ..."
Maybe Baby,A comedy about a couple (Hugh Laurie and Joely Richardson) who are trying to conceive a child.
Together (Tillsammans),"Elisabeth leaves her abusive and drunken husband Rolf, she packs her bags, takes the kids and goes to her brother Göran. The year is 1975 and Göran lives in a commune called Together. ..."
Tortilla Soup,A Mexican-American master chef and father to three daughters has lost his taste for food but not for life.
Jeepers Creepers,A brother and sister driving home through isolated countryside for spring break encounter a flesh-eating creature which is on the last day of its ritualistic eating spree.
O,"An update of Shakespeare's 'Othello' with a young cast, set in an upper class prep school, & centered around basketball player Odin."
3 Ninjas,"Each year, three brothers, Samuel, Jeffrey and Michael Douglas visit their grandfather, Mori Tanaka, for the summer. Mori is highly skilled in ninjutsu, and for years he has trained the ..."
3 Ninjas Kick Back,"During a championship baseball match, the three brothers hear that their grandfather in Japan is in trouble, and head out to help him, conceding the match. When they arrive in Japan, they ..."
3 Ninjas Knuckle Up,"In this movie Rocky, Colt and TumTum must battle an evil wealthy toxic waste dumper in order to save a local Indian tribe and their friend Joe. The 3 Ninjas must help find Joe's father and ..."
"Hunter, The",The story of professional bounty hunter Ralph Papa Thorson.
Maniac,"A psychopath, troubled by his childhood abuse, loose in New York City, kills young women and takes their scalps as his trophies. Will he find the perfect woman in a photographer, and end his killing spree?"
Vamp,"Two fraternity pledges go to a sleazy bar looking for strippers to entertain their college friends. They have problems with transportation, Biker gangs, and worst of all, the staff of the ..."
"Wicker Man, The",A police sergeant is sent to a Scottish island village in search of a missing girl whom the townsfolk claim never existed. Stranger still are the rites that take place there.
Wish Upon a Star,A younger sister wishes to switch places with her popular older sister and the two bickering siblings awaken to find the wish has come true.
"Musketeer, The","Alexander Dumas' novel is updated with an eastern influence as D'Artagnan attempts to join the king's elite guards, the Royal Musketeers, and find the man who killed his parents."
Rock Star,Lead singer of a tribute band becomes lead singer of the real band he idolizes.
Diamond Men,A thirty-years traveling diamond salesman must mentor a brash young replacement when his company downsizes him.
"Iron Ladies, The (Satree lek)",A triumph over adversity. Based on the true story of the 1996 Thailand National Champion Volleyball Team.
L.I.E.,"A 15-year-old Long Island boy loses everything and everyone he knows, soon becoming involved in a relationship with a much older man."
"Our Lady of the Assassins (Virgen de los sicarios, La)","The tempestuous love story between Fernando, an older man who has recently returned to his crime-ridden drug capitol hometown of Medellin, Colombia and the gun-happy 16-year-old assassin ..."
Abbott and Costello Meet the Mummy,Bud and Lou find themselves pursued by an Egyptian cult for a special medallion linked to a walking mummy.
"Dr. Mabuse: The Gambler (Dr. Mabuse, der Spieler)",Arch-criminal Dr. Mabuse sets out to make a fortune and run Berlin. Detective Wenk sets out to stop him.
Into the Arms of Strangers: Stories of the Kindertransport,The story of the child refugees who were transported to Britain to escape the Nazi Holocaust.
"Glass House, The",An orphaned teenager is taken in by a Malibu couple but discovers they aren't the caring friends they seemed to be.
Hardball,"An aimless young man who is scalping tickets, gambling and drinking, agrees to coach a Little League team from the Cabrini Green housing project in Chicago as a condition of getting a loan from a friend."
Dinner Rush,Is it just another evening at the hugely popular Italian restaurant of proprietor and bookmaker Louis Cropa in New York? Anything but as tonight's guests include; a local police detective ...
Big Trouble,"The lives of several Miami denizens, from ad agents to gunrunners to street thugs to law enforcement to school-children, intersect with humorous and dangerous results."
Glitter,"A young singer dates a disc jockey who helps her get into the music business, but their relationship become complicated as she ascends to super stardom."
Training Day,"On his first day on the job as a Los Angeles narcotics officer, a rookie cop goes on a 24-hour training course with a rogue detective who isn't what he appears."
Sidewalks of New York,The interlocking lives and loves of six New Yorkers.
"Endurance: Shackleton's Legendary Antarctic Expedition, The","A retelling of Sir Ernest Shackleton 's ill-fated expedition to Antarctica in 1914-1916, featuring new footage of the actual locations and interviews with surviving relatives of key ..."
"French Lieutenant's Woman, The","A film is being made of a story, set in 19th century England, about Charles, a biologist who's engaged to be married, but who falls in love with outcast Sarah, whose melancholy makes her ..."
Little Man Tate,"Dede is a sole parent trying to bring up her son Fred. When it is discovered that Fred is a genius, she is determined to ensure that Fred has all the opportunities that he needs, and that ..."
Phantom of the Paradise,"A disfigured composer sells his soul for the woman he loves so that she will perform his music. However, an evil record tycoon betrays him and steals his music to open his rock palace, The Paradise."
13 Ghosts,"A family inherits what proves to be a haunted house, but a special pair of goggles allows them to see their ghostly tormentors."
Father Goose,"During WW2, a man persuaded to live on an isolated island and spot aircraft finds himself responsible for a teacher and several students, all female."
"Grass Is Greener, The","Victor and Hillary are down on their luck to the point that they allow tourists to take guided tours of their castle. But Charles Delacro, a millionaire oil tycoon, visits, and takes a ..."
Indiscreet,"Anna Kalman is a London based actress. She has been unable to find love in her life. The reason why she came home early from a vacation to Majorca fits into that theme, as the man she met ..."
"It's a Mad, Mad, Mad, Mad World",The dying words of a thief spark a madcap cross-country rush to find some treasure.
King Solomon's Mines,White hunter Allan Quartermain and his enigmatic guide help a young Irish woman locate her missing father in unexplored Darkest Africa.
"Little Foxes, The","The ruthless, moneyed Hubbard clan lives in, and poisons, their part of the deep South at the turn of the 20th century."
Operation Petticoat,"World War 2 comedy about a submarine commander who finds himself stuck with a decrepit (and pink) sub, a con-man executive officer and a group of army nurses."
Play Misty for Me,"A brief fling between a male disc jockey and an obsessed female fan takes a frightening, and perhaps even deadly turn when another woman enters the picture."
Pocketful of Miracles,A New York gangster and his girlfriend attempt to turn street beggar Apple Annie into a society lady when the peddler learns her daughter is marrying royalty.
"Shop on Main Street, The (Obchod na korze)","Slovakia during WW2. Tono lives a poor life, but the authorities offer him to take over the Jewish widow Lautman's little shop for sewing material. She is old and confused and thinks that ..."
Silkwood,"The story of Karen Silkwood, a metallurgy worker at a plutonium processing plant who was purposefully contaminated, psychologically tortured and possibly murdered to prevent her from exposing blatant worker safety violations at the plant."
I Never Promised You a Rose Garden,"A disturbed,institutionalized 16-year-old girl struggles between fantasy and reality."
Quadrophenia,"London, 1965: Like many other youths, Jimmy hates the philistine life, especially his parents and his job in a company's mailing division. Only when he's together with his friends, a 'Mod' ..."
SpaceCamp,The young attendees of a space camp find themselves in space for real when their shuttle is accidently launched into orbit.
Don't Say a Word,"When the daughter of a psychiatrist is kidnapped, he's horrified to discover that the abductors' demand is that he break through to a post traumatic stress disorder suffering young woman who knows a secret..."
Hearts in Atlantis,A widowed mother and her son change when a mysterious stranger enters their lives.
Zoolander,"At the end of his career, a clueless fashion model is brainwashed to kill the Prime Minister of Malaysia."
Extreme Days,"As four lifelong friends, Will, Bryan, Matt, and Corey, are on the road trip they've been planning their whole lives, Corey's beloved grandfather unexpectedly dies. When going to claim ..."
Joy Ride,"Three young people on a road trip from Colorado to New Jersey talk to a trucker on their CB radio, then must escape when he turns out to be a psychotic killer."
Max Keeble's Big Move,"Max Keeble, the victim of his 7th grade class, plots revenge when he learns he's moving; it backfires when he doesn't move after all."
Serendipity,"A couple reunite years after the night they first met, fell in love, and separated, convinced that one day they'd end up together."
"Big Red One, The",The story of a sergeant and the inner core members of his unit as they try to serve in and survive World War II.
Brubaker,The new warden of a small prison farm in Arkansas tries to clean it up of corruption after initially posing as an inmate.
Can't Stop the Music,This is a Pseudo autobiography of disco's The Village People
Carny,"A carnival comes to a small town. Eighteen year old Donna meets Frankie and Patch, two carnival hustlers. They earn their living by mercilessly taunting spectators to try to dump one of ..."
"Changeling, The",A man staying at a secluded historical mansion finds himself being haunted by the presence of a spectre.
Cheech & Chong's Next Movie,"The two stoners and their friends go through another series of crazy, drug-influenced misadventures."
Coal Miner's Daughter,"Biographical story of Loretta Lynn, a legendary country singer that came from poverty to worldwide fame. She rose from humble beginnings in Kentucky to superstardom and changing the sound and style of country music forever."
"Competition, The","The movie centers on a piano competition whose winner is assured of success. It is Paul's last chance to compete, but newcomer Heidi may be a better pianist. Can romance be far away? Will ..."
Cruising,A police detective goes undercover in the underground S&M gay subculture of New York City to catch a serial killer who is preying on gay men.
"Last Metro, The (Dernier métro, Le)","In occupied Paris, an actress married to a Jewish theater owner must keep him hidden from the Nazis while doing both of their jobs."
"Dogs of War, The","Mercenary James Shannon, on a reconnaissance job to the African nation of Zangaro, is tortured and deported. He returns to lead a coup."
Bandits,Two bank robbers fall in love with the girl they've kidnapped.
Iron Monkey (Siu nin Wong Fei-hung ji: Tit Ma Lau),A martial artist/doctor steals from the corrupt authorities as a masked thief to give to the poor while another martial artist/doctor is forced to hunt him down. But a major threat unites them as a powerful and traitorous shaolin monk takes over the authorities.
Mulholland Drive,"After a car wreck on the winding Mulholland Drive renders a woman amnesiac, she and a perky Hollywood-hopeful search for clues and answers across Los Angeles in a twisting venture beyond dreams and reality."
My First Mister,A 17-year-old girl has a troubled relationship with a 49-year-old man.
Things Behind the Sun,"A young music journalist's dark memories are awakened when he goes to interview a female rock singer, and both are forced to confront troubling secrets from their pasts."
Clambake,"The heir to an oil fortune trades places with a water-ski instructor at a Florida hotel to see if girls will like him for himself, rather than his father's money."
Dirty Harry,"When a mad man calling himself 'the Scorpio Killer' menaces the city, tough as nails San Francisco Police Inspector Harry Callahan is assigned to track down and ferret out the crazed psychopath."
Fiddler on the Roof,"In prerevolutionary Russia, a Jewish peasant contends with marrying off three of his daughters while growing antisemitic sentiment threatens his village."
Kansas,"A young man returning home to attend a wedding hooks up with a drifter who turns out to be a violent bank robber. Before he knows it, the man finds himself involved in the robber's plans."
Mission to Mir,null
Not Without My Daughter,"An American woman, trapped in Islamic Iran by her brutish husband, must find a way to escape with her daughter as well."
Female Trouble,"A spoiled schoolgirl runs away from home, gets pregnant while hitchhiking, and ends up as a fashion model for a pair of beauticians who like to photograph women committing crimes."
From Hell,"In Victorian Era London, a troubled clairvoyant police detective investigates the murders by Jack The Ripper."
"Last Castle, The",A court-martialed general rallies together 1200 inmates to rise against the corrupt system that put him away.
Riding in Cars with Boys,"A single mother, with dreams of becoming a writer, has a son at the age of 15 in 1965, and goes through a failed marriage with the drug-addicted father."
Waking Life,A man shuffles through a dream meeting various people and discussing the meanings and purposes of the universe.
K-PAX,"PROT is a patient at a mental hospital who claims to be from a far away planet. His psychiatrist tries to help him, only to begin to doubt his own explanations."
On the Line,"A shy advertising employee meets his dream girl on the El train, but doesn't remember to get her phone number, resulting in an all-out search for the mystery girl"
Thirteen Ghosts (a.k.a. Thir13en Ghosts),"When Cyrus Kriticos, a very rich collector of unique things dies, he leaves it all to his nephew and his family. All including his house, his fortune, and his malicious collection of ghosts!"
Donnie Darko,"A troubled teenager is plagued by visions of a large bunny rabbit that manipulates him to commit a series of crimes, after narrowly escaping a bizarre accident."
Life as a House,"When a man is diagnosed with terminal cancer, he takes custody of his misanthropic teenage son, for whom quality time means getting high, engaging in small-time prostitution, and avoiding his father."
"Man Who Wasn't There, The","A laconic, chain-smoking barber blackmails his wife's boss and lover for money to invest in dry cleaning, but his plan goes terribly wrong."
Domestic Disturbance,A divorced father discovers that his 12-year-old son's new stepfather is not what he made himself out to be.
"Monsters, Inc.","In order to power the city, monsters have to scare children so that they scream. However, the children are toxic to the monsters, and after a child gets through, two monsters realize things may not be what they think."
"One, The",A sheriff's deputy fights an alternate universe version of himself who grows stronger with each alternate self he kills.
Tape,Three old high school friends pass the time in a Michigan motel room dissecting the painful memories of their high school years.
Heist,"A career jewel thief finds himself at tense odds with his longtime partner, a crime boss who sends his nephew to keep watch."
Shallow Hal,A shallow man falls in love with a 300 pound woman because of her inner beauty.
When a Stranger Calls,"A psychopathic killer terrorizes a babysitter, then returns seven years later to menace her again."
"Wash, The","With the rent due and his car booted, Sean (Dr. Dre) has to come up with some ends...and fast. When his best buddy and roommate Dee Loc (Snoop Dogg), suggests that Sean get a job busting ..."
Harry Potter and the Sorcerer's Stone (a.k.a. Harry Potter and the Philosopher's Stone),"Rescued from the outrageous neglect of his aunt and uncle, a young boy with a great destiny proves his worth while attending Hogwarts School of Witchcraft and Wizardry."
"Fluffer, The",A young man employed as a fluffer in the adult entertainment industry finds himself falling for a gay-for-pay porn star whose hedonistic lifestyle may lead them both to destruction.
Novocaine,A dentist finds himself a murder suspect after a sexy patient seduces him & steals all of the drugs from his practice.
Black Knight,"Martin Lawrence plays Jamal, an employee in Medieval World amusement park. After sustaining a blow to the head, he awakens to find himself in 14th century England."
Spy Game,Retiring CIA agent Nathan Muir recalls his training of Tom Bishop while working against agency politics to free him from his Chinese captors.
"Devil's Backbone, The (Espinazo del diablo, El)","After Carlos, a 12-year-old whose father has died in the Spanish Civil War, arrives at an ominous boy's orphanage he discovers the school is haunted and has many dark secrets that he must uncover."
In the Bedroom,A New England couple's college-aged son dates an older woman who has two small children and an unwelcome ex-husband.
Jabberwocky,"A young peasant, with no interest in adventure or fortune, is mistaken as the kingdom's only hope when a horrible monster threatens the countryside."
Funny Girl,Plain faced Fanny Brice rises to stardom on the New York Vaudeville Stage and maintains a turbulent marriage with suave gambler Nick Arnstein.
Breathless (À bout de souffle),"A small-time thief steals a car and impulsively murders a motorcycle policeman. Wanted by the authorities, he reunites with a hip American journalism student and attempts to persuade her to run away with him to Italy."
"Beastmaster, The","A sword-and-sorcery fantasy about a young man's search for revenge. Armed with supernatural powers, the handsome hero and his animal allies wage war against marauding forces."
"Now, Voyager",A Boston spinster blossoms under therapy and finds an impossible romance.
Little Women,"Little Women is a coming of age drama tracing the lives of four sisters: Meg, Jo, Beth and Amy. During the American Civil War, the girls father is away serving as a minister to the troops..."
Guadalcanal Diary,The story of a large U.S. Marines invasion task force bound for Guadalcanal in the Solomon Islands in 1942.
"Cheap Detective, The","San Francisco, 1940, detectives, dames, documents, Nazis, and a treasure."
"Last Wave, The",A Sydney lawyer defends five Aborigines in a ritualized taboo murder and in the process learns disturbing things about himself and premonitions.
That Obscure Object of Desire (Cet obscur objet du désir),"Recounted in flashback are the romantic perils of Mathieu, a middle-aged French sophisticate as he falls for his 19-year old former chambermaid Conchita."
"Toy, The",An underemployed reporter finds himself literally purchased as a toy for a rich spoiled brat.
Funeral in Berlin,"A British agent is sent to Berlin to receive a Communist defector, but the true situation turns out to be rather more complicated."
Dressed to Kill,"A mysterious blonde woman kills one of a psychiatrist's patients, and then goes after the high-class call girl who witnessed the murder."
"Earthling, The","Patrick Foley has been on the move all his life. Tired of drifting, he wants to spend his last days in an isolated Australian valley where he grew up. On his difficult journey he meets ..."
Fame,A chronicle of the lives of several teenagers who attend a New York high school for students gifted in the performing arts.
Flash Gordon,A football player and his friends travel to the planet Mongo and find themselves fighting the tyranny of Ming the Merciless to save Earth.
"Enforcer, The","Dirty Harry must foil a terrorist organization made up of disgruntled Vietnam veterans. But this time, he's teamed with a rookie female partner that he's not too excited to be working with."
"Gauntlet, The","A hard but mediocre cop is assigned to escort a prostitute into custody from Las Vegas to Phoenix, so that she can testify in a mob trial. But a lot of people are literally betting that they won't make it into town alive."
I Bury the Living,Cemetery director Robert Kraft discovers that by arbitrarily changing the status of plots from empty to occupied on the planogram causes the death of the plots' owners.
Invasion U.S.A.,A one-man army comes to the rescue of the United States when a spy attempts an invasion.
Lord of the Flies,"Stranded on an island, a group of schoolboys degenerate into savagery."
Morons From Outer Space,"The story begins when three aliens get a bit hacked off at their 'friend' Bernard, who keeps making a prat of himself playing space ball. It is while he is playing space ball that the ..."
Ocean's Eleven (a.k.a. Ocean's 11),Danny Ocean gathers a group of his World War II compatriots to pull off the ultimate Las Vegas heist. Together the eleven friends plan to rob five Las Vegas casinos in one night.
"Stunt Man, The","A fugitive stumbles on a movie set just when they need a new stunt man, takes the job as a way to hide out, and falls for the leading lady."
Sudden Impact,"A rape victim is exacting revenge on her aggressors in a small town outside San Francisco. Dirty Harry Callahan, on suspension for angering his superiors (again), is assigned to the case."
Behind Enemy Lines,A Navy navigator is shot down over enemy territory and is ruthlessly pursued by a secret police enforcer and the opposing troops. Meanwhile his commanding officer goes against orders in an attempt to rescue him.
"Independent, The",A notorious B-movie director tries for a comeback by seeking out the film rights to the life story of a serial killer who wants his biography film to be a musical.
Pornstar: The Legend of Ron Jeremy,"Porn Star: The Legend of Ron Jeremy offers audiences a penetrating look inside the world of Ron Jeremy, America's most unlikely sex star and hero to millions. With nearly 25 years in the ..."
Ocean's Eleven,Danny Ocean and his eleven accomplices plan to rob three Las Vegas casinos simultaneously.
Baran,"In a building site in present-day Tehran, Lateef, a 17-year-old Turkish worker is irresistibly drawn to Rahmat, a young Afghan worker. The revelation of Rahmat's secret changes both their lives."
"Business of Strangers, The",Two businesswomen bond and reveal their inner natures while getting carried away on a revenge attack against an accused rapist.
No Man's Land,"Bosnia and Herzegovina during 1993 at the time of the heaviest fighting between the two warring sides. Two soldiers from opposing sides in the conflict, Nino and Ciki, become trapped in no man's land, whilst a third soldier becomes a living booby trap."
Piñero,"Piñero tells the story of the explosive life of a Latino icon, the poet-playwright-actor Miguel Piñero, whose urban poetry is recognized as a pre-cursor to rap and hip-hop. After doing ..."
And Then There Were None,"Ten people are invited to an isolated island, only to find that an unseen person is killing them one by one. Could one of them be the killer?"
"Blue Angel, The (Blaue Engel, Der)",An elderly professor's ordered life spins dangerously out of control when he falls for a nightclub singer.
Moscow on the Hudson,"When a Russian musician defects in Bloomingdale's department store in New York, he finds adjusting to American life more difficult than he imagined."
"Owl and the Pussycat, The",Can a bickering odd couple in Manhattan become friends and maybe more? Owlish Felix is an unpublished writer who vents his frustration by reporting to the super that the woman in a ...
"Amelie (Fabuleux destin d'Amélie Poulain, Le)","Amelie is an innocent and naive girl in Paris with her own sense of justice. She decides to help those around her and, along the way, discovers love."
Not Another Teen Movie,A sendup of all the teen movies that have accumulated in the past two decades.
Vanilla Sky,A self-indulgent and vain publishing magnate finds his privileged life upended after a vehicular accident with a resentful lover.
Iris,"True story of the lifelong romance between novelist Iris Murdoch and her husband John Bayley, from their student days through her battle with Alzheimer's disease."
Kandahar (Safar e Ghandehar),"After an Afghanistan-born woman who lives in Canada receives a letter from her suicidal sister, she takes a perilous journey through Afghanistan to try to find her."
Lantana,The relationships of four couples unravel after the discovery of a young woman's body in Lantana bush in suburban Sydney.
"Royal Tenenbaums, The",An estranged family of former child prodigies reunites when their father announces he is terminally ill.
Bill & Ted's Bogus Journey,A tyrant from the future creates evil android doubles of Bill and Ted and sends them back to eliminate the originals.
Clockwise,An obsessively punctual comprehensive school headmaster sets out to give an important speech at the annual Headmasters' Conference.
Morgan!,"After his wife leaves him for another man, a London artist begins his descent into madness in trying to win her back."
Spacehunter: Adventures in the Forbidden Zone,"Three women make an emergency landing on a planet plagued with a fatal disease, but are captured by dictator Overdog. Adventurer Wolff goes there to rescue them and meets Niki, the only ..."
White Water Summer,"The story of a shy boy who gets convinced by his parents to spend a few summer days in the mountains. So, he joins a group, and the vacation begins. Unfortunately, things turn out to be a little tough for our small friend."
How High,"Two guys by the name of Silas and Jamal decided to one day smoke something magical, which eventually helps them to ace their college entrance exam."
Jimmy Neutron: Boy Genius,An 8-year-old boy genius and his friends must rescue their parents after the adults are abducted by aliens.
Kate & Leopold,"Kate and her actor brother live in N.Y. in the 21st Century. Her ex-boyfriend, Stuart, lives above her apartment. Stuart finds a space near the Brooklyn Bridge where there is a gap in time...."
"Lord of the Rings: The Fellowship of the Ring, The",A meek Hobbit and eight companions set out on a journey to destroy the One Ring and the Dark Lord Sauron.
"Majestic, The","Set in 1951, a blacklisted Hollywood writer gets into a car accident, loses his memory and settles down in a small town where he is mistaken for a long-lost son."
"Beautiful Mind, A","After a brilliant but asocial mathematician, John Nash, accepts secret work in cryptography, his life takes a turn for the nightmarish."
Little Otik (Otesánek),"When a childless couple learn that they cannot have children, it causes great distress. To ease his wife's pain, the man finds a piece of root in the backyard and chops it and varnishes it into the shape of a child. However the woman takes the root as her baby and starts to pretend that it is real. When the root takes life they seem to have gained a child; but its appetite is much greater than a ..."
"Defiant Ones, The","Two escaped convicts chained together, white and black, must learn to get along in order to elude capture."
Dodsworth,A retired auto manufacturer and his wife take a long-planned European vacation only to find that they want very different things from life.
Medium Cool,A TV news reporter finds himself becoming personally involved in the violence that erupts around the 1968 Democratic National Convention.
Sahara,"Sergeant Joe Gunn and his tank crew pick up five British soldiers, a Frenchman and a Sudanese man with an Italian prisoner crossing the Libyan Desert to rejoin their command after the fall ..."
Fritz the Cat,A hypocritical swinging college student cat raises hell in a satiric vision of various elements on the 1960's.
"Nine Lives of Fritz the Cat, The","Fritz the Cat may have lost one of his lives in the comics, but in his new movie, he has eight more lives left to go! While his wife screams at him, Fritz lights up a joint and reminiscences about what could have been."
"Party, The",A clerical mistake results in a bumbling Indian film star being invited to an exclusive Hollywood party instead of being fired.
Witness for the Prosecution,A veteran British barrister must defend his client in a murder trial that has surprise after surprise.
Ali,"A biography of sports legend, Muhammad Ali, from his early days to his days in the ring."
Black Hawk Down,123 elite U.S. soldiers drop into Somalia to capture two top lieutenants of a renegade warlord and find themselves in a desperate battle with a large force of heavily-armed Somalis.
Yentl,A Jewish girl disguises herself as a boy to enter religious training.
Gosford Park,The lives of upstairs guest and downstairs servants at a party in 1932 in a country house in England as they investigate a murder involving one of them.
I Am Sam,"A mentally handicapped man fights for custody of his 7-year-old daughter, and in the process teaches his cold hearted lawyer the value of love and family."
Monster's Ball,"After a family tragedy, a racist prison guard reexamines his attitudes while falling in love with the African American wife of the last prisoner he executed."
"Shipping News, The",An emotionally-beaten man with his young daughter moves to his ancestral home in Newfoundland to reclaim his life.
"Big Heat, The",Tough cop Dave Bannion takes on a politically powerful crime syndicate.
Motorama,"A ten year old boy gets tired of life with abusive parents and cashes in his piggy bank and steals a Mustang. He rides off into a surreal America playing Motorama, a game sponsored by ..."
Murder by Death,Five famous literary detective characters and their sidekicks are invited to a bizarre mansion to solve an even stranger mystery.
"Servant, The","The aristocratic Tony moves to London and hires the servant Hugo Barrett for all services at home. Barrett seems to be a loyal and competent employee, but Tony's girlfriend Susan does not ..."
"Waterdance, The","A film about struggling to deal with paralysis. Author Joel Garcia breaks his neck while hiking, and finds himself in a rehabilitation centre with Raymond, an exaggerating ladies' man, and ..."
Orange County,A guidance counselor mistakenly sends out the wrong transcripts to Stanford University under the name of an over-achieving high schooler.
"Brotherhood of the Wolf (Pacte des loups, Le)","In 18th century France, the Chevalier de Fronsac and his native American friend Mani are sent by the King to the Gevaudan province to investigate the killings of hundreds by a mysterious beast."
Another 48 Hrs.,"Jack Cates once again enlists the aid of ex-con Reggie Hammond--this time, to take down The Iceman, a ruthless drug lord operating in the San Francisco bay area."
What Time Is It There? (Ni neibian jidian),"When a young street vendor with a grim home life meets a woman on her way to Paris, they forge an instant connection. He changes all the clocks in Taipei to French time; as he watches ..."
"Russia House, The",An expatriate British publisher unexpectedly finds himself working for British intelligence to investigate people in Russia.
"Truly, Madly, Deeply","Once upon a time there were two people in love, their names were Nina and Jamie. They were even happy enough to be able to live happily ever after, (not often the case) and then Jamie died...."
"Flight of Dragons, The",A young Boston writer goes back in time into an era where wizards and dragon reign and science is just barely known.
Dragonslayer,A young wizarding apprentice is sent to kill a dragon which has been devouring girls from a nearby kingdom.
Conan the Destroyer,Conan leads a ragtag group of adventurers on a quest for a princess.
Fire and Ice,"In this animated tale, a tiny village is destroyed by a surging glacier, which serves as the deadly domain for the evil Ice Lord, Nekron. The only survivor is a young warrior, Larn, who ..."
Forbidden Zone,The bizarre and musical tale of a girl who travels to another dimension through the gateway found in her family's basement.
"Formula, The","A detective uncovers a formula that was devised by the Nazis in WW II to make gasoline from synthetic products, thereby eliminating the necessity for oil--and oil companies. A major oil ..."
Impostor,"In the future, an alien race uses androids as bombs to attack Earth. A government weapons specialist is accused of being one such android and sets out to prove his innocence."
Kung Pow: Enter the Fist,A rough-around-the-edges martial arts master seeks revenge for his parent's death.
Snow Dogs,"When a Miami dentist inherits a team of sled dogs, he's got to learn the trade or lose his pack to a crusty mountain man."
48 Hrs.,"A hard-nosed cop reluctantly teams up with a wise-cracking criminal temporarily paroled to him, in order to track down a killer."
Italian for Beginners (Italiensk for begyndere),Several lonely hearts in a semi-provincial suburb of a town in Denmark use a beginner's course in Italian as the platform to meet the romance of their lives.
Blankman,A simpleton inventor becomes a superhero with a bulletproof costume and a low budget.
Brainstorm,Brilliant researchers Lillian Reynolds and Michael Brace have developed a system of recording and playing back actual experiences of people. Once the capability of tapping into higher ...
Dragon: The Bruce Lee Story,A lionized account of the life of the martial arts superstar.
"Enigma of Kaspar Hauser, The (a.k.a. Mystery of Kaspar Hauser, The) (Jeder für sich und Gott Gegen Alle)","Herzog's film is based upon the true and mysterious story of Kaspar Hauser, a young man who suddenly appeared in Nuremberg in 1828, barely able to speak or walk, and bearing a strange note."
4 for Texas,Zack Thomas is a tough guy who hooks up with Joe Jarrett to open a casino.
Little Dieter Needs to Fly,"German-American Dieter Dengler discusses his service as an American naval pilot in the Vietnam War. Dengler also revisits the sites of his capture and eventual escape from the hands of the Vietcong, recreating many events for the camera."
M*A*S*H (a.k.a. MASH),The staff of a Korean War field hospital use humor and hijinks to keep their sanity in the face of the horror of war.
Mrs. Soffel,"Peter Soffel is the stuffy warden of a remote American prison around the turn of the century. His wife, Kate, finds herself attracted to prisoner Ed Biddle. She abandons her husband and ..."
Seconds,An unhappy middle-aged banker agrees to a procedure that will fake his death and give him a completely new look and identity - one that comes with its own price.
One-Eyed Jacks,"After robbing a Mexican bank, Dad Longworth takes the loot and leaves his partner Rio to be captured but Rio escapes and searches for Dad in California."
The Count of Monte Cristo,"A young man, falsely imprisoned by his jealous friend, escapes and uses a hidden treasure to exact his revenge."
"Mothman Prophecies, The","A reporter is drawn to a small West Virginia town to investigate a series of strange events, including psychic visions and the appearance of bizarre entities."
"Walk to Remember, A","The story of two North Carolina teens, Landon Carter and Jamie Sullivan, who are thrown together after Landon gets into trouble and is made to do community service."
Escaflowne: The Movie (Escaflowne),A grim retelling of the television series The Vision of Escaflowne.
Maelström,"After plunging her car into a river, a woman encounters a man who helps her come to terms with her life."
Metropolis,Kenichi and his uncle Shunsaku Ban must find the mystery behind robot girl Tima.
"Son's Room, The (Stanza del figlio, La)",A psychoanalyst and his family go through profound emotional trauma when their son dies in a scuba diving accident.
Storytelling,College and high school serve as the backdrop for two stories about dysfunction and personal turmoil.
Waydowntown,"A group of young employees bet a month's salary, winner takes all, on who can last the longest without going outside."
"Adventures of Huck Finn, The","In Missouri, during the 1840s, young Huck Finn fearful of his drunkard father and yearning for adventure, leaves his foster family and joins with runaway slave Jim in a voyage down the Mississippi River toward slavery free states."
Young at Heart,The lives and romances of three sisters in a musical family; the youngest daughter's life is complicated by the subsequent arrival of a charming composer and a cynical music arranger.
Slackers,"When geeky Ethan discovers three fellow students scamming the examination system, he blackmails them to win over the college's most popular girl."
Birthday Girl,A thirtysomething bank clerk from St Albans has his small-town life exploded by the arrival of his Russian mail-order bride.
Rare Birds,A down-and-out restaurateur and his neighbor hatch a plan to lure luminaries to their small Newfoundland town.
Carmen Jones,"Contemporary version of the Bizet opera, with new lyrics and an African-American cast."
Get Out Your Handkerchiefs (Préparez vos mouchoirs),"Solange is depressed: she's stopped smiling, she eats little, she says less. She has fainting fits. Her husband Raoul seeks to save her by enlisting Stephane, a stranger, to be her lover. ..."
"Going Places (Valseuses, Les)","Two whimsical, aimless thugs harass and assault women, steal, murder, and alternately charm, fight, or sprint their way out of trouble. They take whatever the bourgeois characters value: ..."
Big Fat Liar,"After a young boy's school essay erroneously finds its way into the hands of a Hollywood producer who turns the idea into a hit film, the boy travels to Los Angeles to claim his credit."
Collateral Damage,"After his family is killed by a terrorist act, a firefighter goes in search of the one responsible."
Rollerball,The big thing in 2005 is a violent sport which can have some pretty serious consequences... like dying.
"Scotland, Pa.","A modernized retelling of MacBeth set in 1970s suburban Pennsylvania. Joe McBeth, an unambitious hamburger stand employee, is driven to success by his scheming wife."
Baby's Day Out,"Baby Bink couldn't ask for more; he has adoring (if somewhat sickly-sweet) parents, he lives in a huge mansion, and he's just about to appear in the social pages of the paper. Unfortunately..."
Bright Eyes,"An orphaned girl is taken in by a snobbish family at the insistence of their rich, crotchety uncle, even as her devoted aviator godfather fights for custody."
Dimples,Dimples Appleby lives with the pick-pocket grandfather in 19th century New York City. She entertains the crowds while he works his racket. A rich lady makes it possible for the girl to go legit. Uncle Tom's Cabin is performed.
Heidi,"A plucky little orphan girl gets dumped abruptly into her gruff, hermit grandfather's care, then later gets retaken and delivered as a companion for an injured girl."
Richard Pryor Here and Now,"Part live stand-up performance, part documentary, this film is one of comedian Richard Pryor's later stand-up performances. As foul-mouthed as ever, Pryor touches on most of the same topics as in his previous live shows."
Rookie of the Year,"When an accident miraculously gives a boy an incredibly powerful pitching arm, he becomes a major league pitcher for the Chicago Cubs."
"Sandlot, The","A new kid in town is taken under the wing of a young baseball prodigy and his team. Together, they get themselves into many adventures involving rival teams, lifeguards, and a vicious dog."
Don't Look Now,"A married couple grieving the recent death of their little daughter are in Venice when they encounter two elderly sisters, one of whom is psychic and brings a warning from beyond."
Crossroads,"Three childhood best friends, and a guy they just met, take a road trip across the country, finding themselves and their friendship in the process."
Hart's War,"A law student becomes a lieutenant during World War II, is captured and asked to defend a black prisoner of war falsely accused of murder."
John Q,John Quincy Archibald takes a hospital emergency room hostage when his insurance won't cover his son's heart transplant.
Return to Never Land,"In London during World War II, this is the story of Wendy's daughter, Jane, who is kidnapped by Captain Hook and Peter Pan must come to the rescue."
Super Troopers,"Five Vermont state troopers, avid pranksters with a knack for screwing up, try to save their jobs and out-do the local police department by solving a crime."
"Good Son, The","A young boy stays with his aunt and uncle, and befriends his cousin who's the same age. But his cousin begins showing increasing signs of violent behavior."
"Bad and the Beautiful, The","An unscrupulous movie producer uses an actress, a director and a writer to achieve success."
Funny Lady,Story of singer Fanny Brice's stormy relationship with showman Billy Rose.
Saturday Night and Sunday Morning,"A rebellious, hard-living factory worker juggles relationships with two women, one of whom is married to another man but pregnant with his child."
Sleuth,"A man who loves games and theater invites his wife's lover to meet him, setting up a battle of wits with potentially deadly results."
Stroszek,"In Berlin, an alcoholic man, recently released from prison, joins his elderly friend and a prostitute in a determined dream to leave Germany and seek a better life in Wisconsin."
Summer of '42,"During his summer vacation on Nantucket Island in 1942, a youth eagerly awaiting his first sexual encounter finds himself developing an innocent love for a young woman awaiting news on her soldier husband's fate in WWII."
Used Cars,"When the owner of a struggling used car lot is killed, it's up to the lot's hot-shot salesman to save the property from falling into the hands of the owner's ruthless brother and used-car rival."
Dragonfly,A grieving doctor is being contacted by his late wife through his patients near death experiences.
Queen of the Damned,The vampire Lestat becomes a rock star whose music wakes up the queen of all vampires.
Mean Machine,A soccer star jailed for assault leads a group of inmates in a match against prison guards.
Monsoon Wedding,"A stressed father, a bride-to-be with a secret, a smitten event planner, and relatives from around the world create much ado about the preparations for an arranged marriage in India."
Scratch,"A feature-length documentary film about hip-hop DJing, otherwise known as turntablism. From the South Bronx in the 1970s to San Francisco now, the world's best scratchers, beat-diggers, ..."
"Bad News Bears, The","An aging, down-on-his-luck ex-minor leaguer coaches a team of misfits in an ultra-competitive California little league."
"Bad News Bears in Breaking Training, The","A troubled, rebellious teen drives his rambunctious baseball team out to Houston where they play an exhibition game and the boy meets his estranged father, and hires him as the teams coach."
"Firemen's Ball, The (Horí, má panenko)",The fire department in a small town is having a big party when the ex-boss of the department celebrates his 86th birthday. The whole town is invited but things don't go as planned. Someone ...
Vampire Hunter D: Bloodlust (Banpaia hantâ D),"When a girl is abducted by a vampire, a legendary bounty hunter is hired to bring her back."
Wild Strawberries (Smultronstället),"After living a life marked by coldness, an aging professor is forced to confront the emptiness of his existence."
40 Days and 40 Nights,"After a brutal break-up, a young man vows to stay celibate during the forty days of Lent, but finds the girl of his dreams and is unable to do anything about it."
We Were Soldiers,The story of the first major battle of the American phase of the Vietnam War and the soldiers on both sides that fought it.
Trouble Every Day,"Shane and June Brown are an American couple honeymooning in Paris in an effort to nurture their new life together, a life complicated by Shane's mysterious and frequent visits to a medical ..."
Ferngully: The Last Rainforest,"The magical inhabitants of a rain-forest fight to save their home, which is threatened by logging and a polluting force of destruction called Hexxus."
Intersection,"Vincent Eastman has to choose between his wife of 16 years, Sally, and his new love, Olivia. Frequent flashbacks explain the background to the marriage and the affair."
"Troll in Central Park, A","Stanley is a kindhearted, popular troll who can create flowers with a mere touch. When Gnorga, the mean-spirited Queen of the Kingdom of Trolls discovers Stanley's secret, she banishes him ..."
Zombie (a.k.a. Zombie 2: The Dead Are Among Us) (Zombi 2),Strangers looking for a woman's father arrive at a tropical island where a doctor desperately searches for the cause and cure of a recent epidemic of the undead.
My Favorite Brunette,"Shortly before his execution on the death row in San Quentin, amateur sleuth and baby photographer Ronnie Jackson, tells reporters how he got there."
Royal Wedding,Tom and Ellen Bowen are a brother and sister dance act whose show closes in New York. Their agent books them in London for the same period as the Royal Wedding. They travel by ship where ...
Scarlet Street,"When a man in mid-life crisis befriends a young woman, her venal fiancé persuades her to con him out of some of the fortune she thinks he has."
All About the Benjamins,"A bounty hunter is on the trail of a conman who skipped bail. The two wind up in a deserted warehouse where they witness a diamond scam in action, caught in the midst they put their ..."
"Time Machine, The","Hoping to alter the events of the past, a 19th century inventor instead travels 800,000 years into the future, where he finds humankind divided into two warring races."
Full Frontal,"A day in the life of a group of men and women in Hollywood, in the hours leading up to a friend's birthday party."
"Magnificent Ambersons, The",The spoiled young heir to the decaying Amberson fortune comes between his widowed mother and the man she has always loved.
Gloria,"When a young boy's family is killed by the mob, their tough neighbor Gloria becomes his reluctant guardian. In possession of a book that the gangsters want, the pair go on the run in New York."
"Great Rock 'n' Roll Swindle, The","A rather incoherent post-breakup Sex Pistols documentary, told from the point of view of Pistols manager Malcolm McLaren, whose (arguable) position is that the Sex Pistols in particular ..."
Hawk the Slayer,"With the aid of his companions, a man seeks to defeat his evil brother who has taken a nun hostage."
Honeysuckle Rose (a.k.a. On the Road Again),"Willie Nelson is a country singer on the road caught in a romantic triangle with Dyan Cannon and Amy Irving, the daughter of one of his longtime musical sidekick."
Hopscotch,"Grounded with a desk job by incompetent superiors, a clever CIA agent retires and writes a tell all memoir that will embarrass his bosses, prompting him to go on the run and elude them."
"Jazz Singer, The",The son of a Jewish Cantor must defy the traditions of his religious father in order to pursue his dream of being a popular singer.
"Long Good Friday, The","Harold, a prosperous English gangster, is about to close a lucrative new deal when bombs start showing up in very inconvenient places. A mysterious syndicate is trying to muscle in on his ..."
"Long Riders, The","The origins, exploits and the ultimate fate of the Jesse James gang is told in a sympathetic portrayal of the bank robbers made up of brothers who begin their legendary bank raids because of revenge."
Mon oncle d'Amérique,"Prof. Henri Laborit uses the stories of the lives of three people to discuss behaviorist theories of survival, combat, rewards and punishment, and anxiety. René is a technical manager at a ..."
The Monster Club,"A writer of horror stories is invited to a monster club by a mysterious old gentleman. There, three gruesome stories are told to him; between each story some musicians play their songs."
Motel Hell,"A seemingly friendly farmer and his sister kidnap unsuspecting travelers and bury them alive, using them to create the special ingredient of their famous roadside fritters."
"Ninth Configuration, The (a.k.a. Twinkle, Twinkle, Killer Kane)",A new commanding officer arrives at a remote castle serving as an insane asylum for crazy and AWOL U.S. Army soldiers where he attempts to rehabilitate them by allowing them to live out ...
"Burial Ground (a.k.a. Zombie Horror) (a.k.a. Zombie 3) (Notti del Terrore, Le)",A professor opens a crypt and reanimates rotten zombies. The zombies attack a jet-set-group which is celebrating a party in a villa nearby...
"Oh, God!","When God appears to an assistant grocery manager as a good natured old man, the Almighty selects him as his messenger for the modern world."
Ice Age,"Set during the Ice Age, a sabertooth tiger, a sloth, and a wooly mammoth find a lost human infant, and they try to return him to his tribe."
Resident Evil,"A special military unit fights a powerful, out-of-control supercomputer and hundreds of scientists who have mutated into flesh-eating creatures after a laboratory accident."
Showtime,A spoof of buddy cop movies where two very different cops are forced to team up on a new reality based T.V. cop show.
Kissing Jessica Stein,A woman searching for the perfect man instead discovers the perfect woman.
Pauline & Paulette (Pauline en Paulette),"Pauline is a 'little girl of 66 years old'. She is intellectually disabled and been cared after by her sister Martha. When Martha dies, her two younger sisters, Paulette and Cecile have to ..."
Promises,"Several Jewish and Palestinian children are followed for three years and put in touch with each other, in this alternative look at the Jewish-Palestinian conflict. The three filmmakers ..."
And Your Mother Too (Y tu mamá también),"In Mexico, two teenage boys and an attractive older woman embark on a road trip and learn a thing or two about life, friendship, sex, and each other."
All the Right Moves,A high school footballer desperate for a scholarship and his headstrong coach clash in a dying Pennsylvania steel town.
Barabbas,"Barabbas, the criminal that Pontius Pilate induced the populace to vote to set free, so that Christ could be crucified, is haunted by the image of Jesus for the rest of his life."
I Think I Do,A screwball comedy about a gay couple at a straight couple's wedding.
"Paleface, The","Calamity Jane is despatched to find out who's smuggling rifles to the Indians, and winds up married to a hapless correspondence school dentist as part of her cover."
Road to Morocco,"Two carefree castaways on a desert shore find an Arabian Nights city, where they compete for the luscious Princess Shalmar."
Road to Singapore,Bing Crosby and Bob Hope star in the first of the 'Road to' movies as two playboys trying to forget previous romances in Singapore - until they meet Dorothy Lamour.
Road to Utopia,"At the turn of the century, Duke and Chester, two vaudeville performers, go to Alaska to make their fortune. On the ship to Skagway, they find a map to a secret gold mine, which had been ..."
Road to Zanzibar,"Stranded in Africa, Chuck and his pal Fearless have comic versions of jungle adventures, featuring two attractive con-women."
"Tale of Springtime, A (Conte de Printemps)","Simple conversations engender complicated human interactions. Jeanne is open and even-tempered, a philosophy teacher at a lycée. Her fiancé is away and she doesn't want to stay at his messy..."
Taps,Military cadets take extreme measures to insure the future of their academy when its existence is threatened by local condo developers.
Return of the Secaucus 7,"Seven former college friends, along with a few new friends, gather for a weekend reunion at a summer house in New Hampshire to reminisce about the good old days, when they got arrested on the way to a protest in Washington, DC."
Seems Like Old Times,"Wrongfully turned into a fugitive, a writer seeks the help of his ex-wife, who is now married to an attorney."
Serial,"It's the end of the 70s. Hippies are assimilating, women are raising their consciousness, and men are becoming confused and ineffectual. Don't expect to be able to keep track of all the ..."
"Young Master, The (Shi di chu ma)","After failing his fellow students in a Lion Dance competition, Dragon (Jackie Chan) is sent away from his school in disgrace, on the condition that he must find his errant brother. Much ..."
Shogun Assassin,"When the wife of the Shogun's Decapitator is murdered and he is ordered to commit suicide by the paranoid Shogun, he and his four-year-old son escape and become assassins for hire, embarking on a journey of blood and violent death."
Smokey and the Bandit II,"The Bandit goes on another cross-country run, transporting an elephant from Florida to Texas. And, once again, Sheriff Buford T. Justice is on his tail."
Smokey and the Bandit,The Bandit is hired on to run a tractor trailer full of beer over county lines in hot pursuit by a pesky sheriff.
Smokey and the Bandit III,Big and Little Enos are opening a sea food restaurant. They bet Sheriff Buford T. Justice that he cannot drive from Miami to the Enos ranch in Texas in a given amount of time. If Buford loses he has to give up his badge.
Stir Crazy,Skip and Harry are framed for a bank robbery and end up in a western prison. The two eastern boys are having difficulty adjusting to the new life until the warden finds that Skip has a ...
Blade II,Blade forms an uneasy alliance with the vampire council in order to combat the Reaper vampires who feed on vampires.
Sorority Boys,"Three rowdy college students are kicked out of their dorm and dress up in drag to live in the DOG house, where the girls deemed unattractive live."
Stolen Summer,"Pete, an eight-year-old Catholic boy growing up in the suburbs of Chicago in the mid-1970s, attends Catholic school, where as classes let out for the summer, he's admonished by a nun to ..."
George Washington,"A group of children, in a depressed small town, band together to cover up a tragic mistake one summer."
Clockstoppers,null
Death to Smoochy,"Kids show host Rainbow Randolph is fired in disgrace while his replacement, Sheldon Mopes, aka Smoochy the Rhino, finds himself a rising star. Unfortunately for Sheldon, the kid's TV business isn't all child's play."
Panic Room,"A divorced woman and her diabetic daughter take refuge in their newly-purchased house's safe room, when three men break-in, searching for a missing fortune."
"Rookie, The",A Texas baseball coach makes the major league after agreeing to try out if his high school team made the playoffs.
"Piano Teacher, The (La pianiste)",A young man romantically pursues his masochistic piano teacher.
30 Years to Life,A group of friends each face an emotional crisis as they approach thirty years of age.
Boxcar Bertha,"During the depression, a union leader and a young woman become criminals to exact revenge on the management of a railroad."
Crimes of Passion,The thirty year-old hard-worker Bobby Grady is married with two children with the frigid Amy Grady and their marriage is in crisis. Bobby is invited to work in the night shift for the owner...
"Evil That Men Do, The",A professional killer comes out ot retirement to investigate and avenge the brutal murder of an old friend.
Fraternity Vacation,"A nerd gains the friendship of two of his frat brothers when his dad offers them his condo for the week in Palm Springs, and also offers the fraternity a hot tub and jacuzzi if they can ..."
Impromptu,"In 1830s France, pianist/composer Frédéric Chopin is pursued romantically by the determined, individualistic woman who uses the name George Sand."
High Crimes,"High powered lawyer Claire Kubik finds her world turned upside down when her husband, who she thought was Tom Kubik, is arrested and is revealed to be Ron Chapman. Chapman is on trial for a..."
National Lampoon's Van Wilder,The most popular kid on campus meets a beautiful journalist who makes him realize that maybe he's afraid to graduate.
Lucky Break,"Under the leadership of a small-time bank robber, British inmates hatch a plan to escape by staging a musical."
"Atomic Cafe, The",Disturbing collection of 1940s and 1950s United States government issued propaganda films designed to reassure Americans that the atomic bomb was not a threat to their safety.
Body and Soul,"Charley Davis wins an amateur boxing match and is taken on by promoter Quinn. Charley's mother doesn't want him to fight, but when Charley's father is accidentally killed, Charley sets up a..."
Rashomon (Rashômon),A heinous crime and its aftermath are recalled from differing points of view.
Slap Shot,A failing ice hockey team finds success using constant fighting and violence during games.
Changing Lanes,The story of what happens one day in New York when a young lawyer and a businessman share a small automobile accident on F.D.R. Drive and their mutual road rage escalates into a feud.
Frailty,A man confesses to an FBI agent his family's story of how his religious fanatic father's visions lead to a series of murders to destroy supposed demons.
"Sweetest Thing, The",A girl finds she is forced to educate herself on the etiquette of wooing the opposite sex when she finally meets Mr. Right.
"Cat's Meow, The",Semi-true story of the Hollywood murder that occurred at a star-studded gathering aboard William Randolph Hearst's yacht in 1924.
Human Nature,"A woman is in love with a man in love with another woman, and all three have designs on a young man raised as an ape."
My Big Fat Greek Wedding,A young Greek woman falls in love with a non-Greek and struggles to get her family to accept him while she comes to terms with her heritage and cultural identity.
3:10 to Yuma,Broke small-time rancher Dan Evans is hired by the stagecoach line to put big-time captured outlaw leader Ben Wade on the 3:10 train to Yuma but Wade's gang tries to free him.
Bite the Bullet,"A group of ex-rough riders, an ex-prostitute and a gunfighter enter a horse race in the desert."
Breakout,"A bush pilot is hired for $50,000 to go to Mexico to free an innocent prisoner."
Joe Versus the Volcano,"When a hypochondriac learns that he is dying, he accepts an offer to throw himself in a volcano at a tropical island, and along the way there, learns to truly live."
"Rome, Open City (a.k.a. Open City) (Roma, città aperta)","During the Nazi occupation of Rome in 1944, resistance leader Giorgio Manfredi is chased by Nazis and he seeks refuge and escape."
Return of the Killer Tomatoes!,Crazy old Professor Gangreen has developed a way to make tomatoes look human for a second invasion.
Taking Care of Business,An uptight advertising exec has his entire life in a filofax organizer which mistakenly ends up in the hands of a friendly convict who poses as him.
Three Men and a Baby,Three bachelors find themselves forced to take care of a baby left by one of the guys' girlfriends.
Three Men and a Little Lady,"Sylvia's work increasingly takes her away from the three men who help bring up Mary, her daughter. When she decides to move to England and take Mary with her, the three men are heartbroken ..."
Murder by Numbers,Two gifted high school students execute a perfect murder - then become engaged in an intellectual contest with a seasoned homicide detective.
The Scorpion King,"A desert warrior rises up against the evil army that is destroying his homeland. He captures the enemy's key sorcerer, takes her deep into the desert and prepares for a final showdown."
Chelsea Walls,"This movie tells five stories set in a single day at the famed Chelsea Hotel in New York City, involving an ensemble cast of some 30-35 characters."
Enigma,A young genius frantically races against time to crack an enemy code and solve the mystery surrounding the woman he loves.
Nine Queens (Nueve reinas),Two con artists try to swindle a stamp collector by selling him a sheet of counterfeit rare stamps (the nine queens).
Jason X,"Jason Voorhees returns with a new look, a new machete, and his same murderous attitude as he is awakened on a spaceship in the 25th century."
Life or Something Like It,"A reporter interviews a psychic, who tells her that she's going to die and her life is meaningless."
Dogtown and Z-Boyz,Documentary about the pioneering 1970s Zephyr skating team.
"Salton Sea, The","After his wife is murdered, a man drifts into a world populated by thugs and speed junkies."
Bob le Flambeur,"Bob, an old gangster and gambler is almost broke, so he decides in spite of the warnings of a friend, a high official from the police, to rob a gambling casino in Dauville. Everything is ..."
Cadillac Man,Joe's a car salesman with a problem. He has two days to sell 12 cars or he loses his job. This would be a difficult task at the best of times but Joe has to contend with his girlfriends (...
"Coca-Cola Kid, The",An eccentric marketing guru visits a Coca-Cola subsidiary in Australia to try and increase market penetration. He finds zero penetration in a valley owned by an old man who makes his own ...
Delirious,A soap opera writer gets hit on the head and wakes up as a character in his own show.
Husbands and Wives,"When their best friends announce that they're separating, a professor and his wife discover the faults in their own marriage."
Lenny,"The story of acerbic 1960s comic Lenny Bruce, whose groundbreaking, no-holds-barred style and social commentary was often deemed by the Establishment as too obscene for the public."
Nomads,A French anthropologist moves to Los Angeles and is followed by the evil spirits of an extinct tribe he once uncovered.
"Temp, The","A cookie company takeover has employees scrambling to make a case for continued employment. An executive's administrative assistant takes paternity leave, and he gets a temp who is too good..."
Thief of Hearts,"A woman trapped in a boring marriage begins an affair with a handsome man who seems able to read her mind. She doesn't know that he has broken into her house and read her diaries, where she..."
Wild Orchid,A woman lawyer becomes mesmerized by a self-made millionaire during an encounter in Rio setting off a series of erotic encounters.
Hollywood Ending,"A director is forced to work with his ex-wife, who left him for the boss of the studio bankrolling his new film. But the night before the first day of shooting, he develops a case of psychosomatic blindness."
Spider-Man,"When bitten by a genetically modified spider, a nerdy, shy, and awkward high school student gains spider-like abilities that he eventually must use to fight evil as a superhero after tragedy befalls his family."
The Big Sleep,"Set in England, rather than California, the story follows Raymond Chandler's book fairly closely otherwise. Philip Marlowe is asked by the elderly (and near death) General Sternwood to ..."
Butterflies Are Free,"A blind man moves into his own apartment against the wishes of his overprotective mother, and befriends the freethinking young woman next door."
Cactus Flower,"A dentist pretends to be married to avoid commitment, but when he falls for his girlfriend and proposes, he must recruit his lovelorn nurse to pose as his wife."
"Giant Spider Invasion, The",Giant spiders from another dimension invade Wisconsin.
Iron Will,"When Will Stoneman's father dies, he is left alone to take care of his mother and their land. Needing money to maintain it, he decides to join a cross country dogsled race. This race will ..."
Rambling Rose,"Rose, is taken in by the Hillyer family to serve as a 1930s housemaid so that she can avoid falling into a life of prostitution. Rose's appearence and personality is such that all men fall ..."
"Survivors, The","Having both lost their jobs, two strangers become unlikely friends after a run in with a would be robber, who is actually a hitman with a grudge against the two."
White Fang,Jack London's classic adventure story about the friendship developed between a Yukon gold hunter and the mixed dog-wolf he rescues from the hands of a man who mistreats him.
"New Guy, The",A high school senior branded uncool in the ninth grade gets himself expelled so he changes his image to cool kid at the town's other high school.
Unfaithful,A New York suburban couple's marriage goes dangerously awry when the wife indulges in an adulterous fling.
"Lady and the Duke, The (Anglaise et le duc, L')","During the French Revolution, a Scottish aristocrat and her former lover, the Duke of Orleans, find themselves on opposite sides of the conflict."
Whore,"The prostitute Liz works on the streets of Los Angeles. She recalls her life in flashback, when she marries an alcoholic man. She leaves him with their son. Then she works as waitress in a ..."
My Beautiful Laundrette,"An ambitious Asian Briton and his white lover strive for success and hope, when they open up a glamorous laundromat."
Calamity Jane,"The story of Calamity Jane, her saloon, and her romance with Wild Bill Hickok."
"Cranes Are Flying, The (Letyat zhuravli)","Veronica plans a rendezvous with her lover, Boris, at the bank of river, only for him to be drafted into World War II shortly thereafter."
"Harvey Girls, The",On a train trip West to become a mail order bride Susan Bradley meets a cheery crew of young women traveling out to open a  Harvey House  restaurant at a remote whistle stop to provide ...
About a Boy,"A cynical, immature young man is taught how to act like a grown-up by a little boy."
Star Wars: Episode II - Attack of the Clones,"Ten years after initially meeting, Anakin Skywalker shares a forbidden romance with Padmé, while Obi-Wan investigates an assassination attempt on the Senator and discovers a secret clone army crafted for the Jedi."
"Believer, The",A young Jewish man develops a fiercely anti-Semitic philosophy. Based on the factual story of a K.K.K. member in the 1960s who was revealed to be Jewish by a New York Times reporter.
"Importance of Being Earnest, The","In 1890s London, two friends use the same pseudonym (Ernest) for their on-the-sly activities. Hilarity ensues."
Every Which Way But Loose,The San Fernando Valley adventures of trucker turned prize-fighter Philo Beddoe and his pet orangutan Clyde.
"Hound of the Baskervilles, The","When a nobleman is threatened by a family curse on his newly inherited estate, detective Sherlock Holmes is hired to investigate."
I Want to Live!,"A prostitute, sentenced to death for murder, pleads her innocence."
"Last Waltz, The",A film account and presentation of the final concert of The Band.
Enough,"After running away fails, a terrified woman (Jennifer Lopez) empowers herself in order to battle her abusive husband (Billy Campbell)."
Insomnia,Two Los Angeles homicide detectives are dispatched to a northern town where the sun doesn't set to investigate the methodical murder of a local teen.
Spirit: Stallion of the Cimarron,"A wild stallion is captured by humans and slowly loses the will to resist training. Yet throughout his struggles for freedom, the stallion refuses to let go of the hope of one day returning home to his herd."
Thirteen Conversations About One Thing (a.k.a. 13 Conversations),"In New York City, the lives of a lawyer, an actuary, a house-cleaner, a professor and the people around them intersect as they ponder order and happiness in the face of life's cold unpredictability."
"Gambler, The","Axel Freed is a literature professor. He has the gambling vice. When he has lost all his money, he borrows from his girlfriend, then his mother and finally some bad guys that chase him. Despite all of this he cannot stop gambling."
Requiem for a Heavyweight,"Mountain Rivera, a punchy has-been managed by the unprincipled Maish, is mauled in a fight and forced to quit boxing. Can his devoted cutman and a sympathetic social worker help him find a ..."
"Sum of All Fears, The",CIA analyst Jack Ryan must thwart the plans of a terrorist faction that threatens to induce a catastrophic conflict between the United States and Russia's newly elected president by detonating a nuclear weapon at a football game in Baltimore.
Undercover Brother,"When The Man tries to derail a black candidate's presidential campaign, Undercover Brother and his fellow secret agents come to the rescue."
84 Charing Cross Road,True story of a transatlantic business correspondence about used books that developed into a close friendship.
Silent Running,"In a future where all flora is extinct on Earth, an astronaut is given orders to destroy the last of Earth's botany, kept in a greenhouse aboard a spacecraft."
Zombie Holocaust (a.k.a. Doctor Butcher M.D.) (Zombi Holocaust),"The members of an expedition in search for the last faithful of Kito, the cannibal god, land on a small island in the Moluccas (East Indies) and are soon hunted by cannibals and zombies, ..."
Bad Company,"When a Harvard-educated CIA agent is killed during an operation, the secret agency recruits his twin brother."
Divine Secrets of the Ya-Ya Sisterhood,"After years of mother-daughter tension, Siddalee receives a scrapbook detailing the wild adventures of the Ya-Yas, her mother's girlhood friends."
Cherish,"After a martini-induced rampage, a fantasy-prone young woman is placed under house arrest."
"Fast Runner, The (Atanarjuat)",The telling of an Inuit legend of an evil spirit causing strife in the community and one warrior's endurance and battle of its menace.
"Bourne Identity, The","A man is picked up by a fishing boat, bullet-riddled and suffering from amnesia, before racing to elude assassins and regain his memory."
Scooby-Doo,"After an acrimonious break up, the Mystery Inc. gang are individually brought to an island resort to investigate strange goings on."
Windtalkers,Two U.S. Marines in WWII are assigned to protect Navajo Marines who use their native language as an unbreakable radio cypher.
"Dangerous Lives of Altar Boys, The","A group of Catholic school friends, after being caught drawing an obscene comic book, plan a heist that will outdo their previous prank and make them local legends."
"Emperor's New Clothes, The","During Napoleon's exile on St. Helena, some loyalists hire a look-alike to swap places with the deposed emperor: while the impostor lives in luxury on the island, the real Napoleon returns to Paris in order to retake the throne."
Dark Blue World (Tmavomodrý svet),The friendship of two men becomes tested when they both fall for the same woman.
Caveman,A cave-man seeks revenge on a much larger competitor for the hand of a beautiful cave-woman.
Cheech & Chong's The Corsican Brothers,Two brothers who can feel each others' pain and pleasure mess up the French revolution.
Silver Bullet (Stephen King's Silver Bullet),"A werewolf terrorizes a small city where lives Marty Coslaw, - a paralytic boy - his uncle and his sister - the narrator of the story."
"Sorry, Wrong Number","Whilst on the telephone, an invalid woman overhears what she thinks is a murder plot and attempts to prevent it."
Men at Work,Carl and James are two pleasant but unambitious garbage men. Carl has a telescope with which he observes his neighbors. One evening he sees a man giving a female neighbor a hard time. As ...
She Wore a Yellow Ribbon,"Captain Nathan Brittles, on the eve of retirement, takes out a last patrol to stop an impending massive Indian attack. Encumbered by women who must be evacuated, Brittles finds his mission imperiled."
Juwanna Mann,"A basketball star is booted out of the NBA when his on-court antics go too far, so he poses as a woman and joins the WUBA."
Lilo & Stitch,A Hawaiian girl adopts an unusual pet who is actually a notorious extra-terrestrial fugitive from the law.
Minority Report,"In a future where a special police unit is able to arrest murderers before they commit their crimes, an officer from that unit is himself accused of a future murder."
Rabbit-Proof Fence,"In 1931, three aboriginal girls escape after being plucked from their homes to be trained as domestic staff and set off on a trek across the Outback."
Sunshine State,"A woman and her new husband returns to her hometown roots in coastal northern Florida, and must deal with family, business, and encroaching real estate development."
Hey Arnold! The Movie,A fourth grader and his best friend set out to stop an industrialist from bulldozing their town.
Mr. Deeds,"A sweet-natured, small-town guy inherits a controlling stake in a media conglomerate and begins to do business his way."
Lovely & Amazing,Self-esteem and insecurity are at the heart of this comedy about the relationship between a mother and her three confused daughters.
Look Who's Talking Now,"In this, the third film, it's the pets who do the talking. The Ubriacco's find themselves the owners of two dogs, Rocks, a street wise cross breed, and Daphne, a spoiled pedigree poodle. ..."
Like Mike,A 14-year-old orphan becomes an NBA superstar after trying on a pair of sneakers with the faded initials M.J. inside.
Men in Black II (a.k.a. MIIB) (a.k.a. MIB 2),Agent J needs help so he is sent to find Agent K and restore his memory.
"Powerpuff Girls, The",The movie shows the origin of the Powerpuff Girls before the cartoon series. It explains why they were born and why they dedicated their lives to fighting crime and the forces of evil.
"Crocodile Hunter: Collision Course, The","The Crocodile Hunter mistakes some CIA agents for poachers and sets out to stop them from capturing a wily croc which, unbeknownst to him, has swallowed a tracking drone."
Reign of Fire,"A brood of fire-breathing dragons emerges from the earth and begins setting everything ablaze, establishing dominance over the planet."
Road to Perdition,Bonds of loyalty are put to the test when a hitman's son witnesses what his father does for a living.
My Wife is an Actress (Ma Femme est une Actrice),A normal guy who is married to a hot actress gets worried that she is involved with her costar. This worry turns into jealousy and causes problems in their relationship. This is a story about trust and a comedy about the actions between men and women.
The Importance of Being Earnest,"When Algernon discovers that his friend, Ernest, has created a fictional brother for whenever he needs a reason to escape dull country life, Algernon poses as the brother, resulting in ever increasing confusion."
Perfect,"A female aerobics instructor meets a male reporter doing a story on health clubs, but it isn't love at first sight."
Fox and His Friends (Faustrecht der Freiheit),Working class and middle-upper class worlds come together in this interesting look at class conflict within the gay world from the German director Reiner Werner Fassbinder. Fassbinder plays...
Z,"Following the murder of a prominent leftist, an investigator tries to uncover the truth while government officials attempt to cover up their roles."
Sex and Lucia (Lucía y el sexo),"Various lives converge on an isolated island, all connected by an author whose novel has become inextricably entwined with his own life."
Eight Legged Freaks,A variety of horrible poisonous spiders get exposed to a noxious chemical that causes them to grow to monumental proportions.
K-19: The Widowmaker,"When Russia's first nuclear submarine malfunctions on its maiden voyage, the crew must race to save the ship and prevent a nuclear disaster."
Stuart Little 2,Stuart and Snowbell set out across town to rescue a friend.
Austin Powers in Goldmember,"Upon learning that his father has been kidnapped, Austin Powers must travel to 1975 and defeat the aptly named villain Goldmember - who is working with Dr. Evil."
"Kid Stays in the Picture, The",Documentary about legendary Paramount producer Robert Evans (the film shares the same name as Evans's famous 1994 autobiography).
Nosferatu the Vampyre (Nosferatu: Phantom der Nacht),"Jonathan and Lucy live in Wismar and the Count wants a house there. Varna is a port on the Black Sea, close to Dracula's castle."
The Big Bus,The ultimate disaster film parody. A nuclear powered bus is going Non-stop from New York to Denver and is plagued by disasters due to the machinations of a mysterious group allied with the ...
Red Beard (Akahige),"In 19th century Japan, a rough tempered yet charitable town doctor trains a young intern."
Top Secret!,Parody of WWII spy movies in which an American rock and roll singer becomes involved in a Resistance plot to rescue a scientist imprisoned in East Germany.
"Master of Disguise, The",An Italian waiter fights off a criminal mastermind with his inherited powers of disguise.
Signs,A family living on a farm finds mysterious crop circles in their fields which suggests something more frightening to come.
"Last Kiss, The (Ultimo bacio, L')","Carlo's life is thrown into a tailspin when his longtime girlfriend Giulia announces she's pregnant. As Carlo faces up to his anxieties about adulthood, his buddies Paolo, Adriano and ..."
Spy Kids 2: The Island of Lost Dreams,"The Cortez siblings set out for a mysterious island, where they encounter a genetic scientist and a set of rival spy kids."
"Good Girl, The",A discount store clerk strikes up an affair with a stock boy who considers himself the incarnation of Holden Caulfield.
Blood Work,"Still recovering from a heart transplant, a retired FBI profiler returns to service when his own blood analysis offers clues to the identity of a serial killer."
xXx,"An extreme sports athlete, Xander Cage, is recruited by the government on a special mission."
24 Hour Party People,"In 1976, Tony Wilson sets up Factory Records and brings Manchester's music to the world."
Songs From the Second Floor (Sånger från andra våningen),"Where are us humans going? A film poem inspired by the Peruvian poet César Vallejo. We meet people in the city. People trying to communicate, searching compassion and get the connection of small and large things."
Read My Lips (Sur mes lèvres),She is almost deaf and she lip-reads. He is an ex-convict. She wants to help him. He thinks no one can help except himself.
Nightcap (Merci pour le chocolat),"In Lausanne, the aspirant pianist Jeanne Pollet has lunch with her mother Louise Pollet, her boyfriend Axel and his mother. Lenna leans that when she was born, a nurse had mistakenly told ..."
Beau Pere (a.k.a. Stepfather) (Beau-père),"After her mother dies, fourteen-year-old Marion falls in love with her stepfather, Remy."
"Principal, The",A teacher is assigned to be the principal of a violent and crime ridden high school.
Rollerball,"In a corporate-controlled future, an ultra-violent sport known as Rollerball represents the world, and one of its powerful athletes is out to defy those who want him out of the game."
"Adventures of Pluto Nash, The","In the future, a man struggles to keep his lunar nightclub out of the hands of the mafia."
Blue Crush,"As a hard-core surfer girl prepares for a big competition, she finds herself falling for a football player."
Mostly Martha (Bella Martha),"When a headstrong chef takes charge of her equally stubborn 8-year-old niece, the tensions between them mount... until an Italian sous-chef arrives to lighten the mood."
Possession,A pair of literary sleuths unearth the amorous secret of two Victorian poets only to find themselves falling under a passionate spell.
One Hour Photo,An employee of a one-hour photo lab becomes obsessed with a young suburban family.
Simone (S1m0ne),"A producer's film is endangered when his star walks off, so he decides to digitally create an actress to substitute for the star, becoming an overnight sensation that everyone thinks is a real person."
Undisputed,"When heavyweight champion George 'Iceman' Chambers lands in prison, the resident gangster arranges a boxing match with the reigning prison champ."
Hush!,"Basics: 2 guys who are gay, one female who is lonely for someone to love. The woman approaches 1 of the guys and wants him to seed her would be child..."
How I Killed My Father (a.k.a. My Father and I) (Comment j'ai tué mon Père),"When his long-time disappeared father is entering his life again, Jean-Luc, a successful doctor, has no option but to face his own life story. Will he ever be able to forget and forgive?"
"Care Bears Movie, The",The Care Bears watch over a young brother and sister who have lost their trust in humanity. Meanwhile an evil wizard wishes to cover the Earth in concrete.
Care Bears Movie II: A New Generation,"In this second installment to the original Care Bear Movie trilogy of the 1980s, the Care Bear Family goes on their first Caring Mission--to stop the evil doings of a demon villain, named ..."
Clash of the Titans,A film adaption of the myth of Perseus and his quest to battle both Medusa and the Kraken monster to save the Princess Andromeda.
Hot Shots!,A parody of Top Gun (1986) in which a talented but unstable fighter pilot must overcome the ghosts of his father and save a mission sabotaged by greedy weapons manufacturers.
Time After Time,H.G. Wells pursues Jack the Ripper to the 20th Century when the serial murderer uses the future writer's time machine to escape his time period.
Down and Out in Beverly Hills,A rich but troubled family find their lives altered by the arrival of a vagrant who tries to drown himself in their swimming pool.
Stakeout,Two cops have to observe a woman. One of them falls in love with her.
FearDotCom (a.k.a. Fear.com) (a.k.a. Fear Dot Com),Four bodies are found in New York City. The coincidence? They all died 48 hours after logging on to a site named feardotcom.
Love and a Bullet,"A hitman falls in love with the boss's girlfriend, who may just be his next target."
À nous la liberté (Freedom for Us),"A famous left-wing satirical comedy about two ex-convicts, one of whom escaped jail and then worked his way up from salesman to factory owner, where he oversees a highly mechanized ..."
True Colors,"Best friends from law school to election night, their friendship is sorely tested when one learns of another's betrayal."
Snipes,The Music Business Can Be Murder
Swimfan,A high school senior with a promising swimming career has a one-night stand with consequences.
Johnny Dangerously,"Set in the 1930's, an honest, goodhearted man is forced to turn to a life of crime to finance his neurotic mother's skyrocketing medical bills."
"Last House on the Left, The","A pair of teenage girls are headed to a rock concert for one's birthday. While trying to score marijuana in the city, the girls are kidnapped by a gang of psychotic convicts."
Thesis (Tesis),"While doing a thesis about violence, Ángela finds a snuff video where a girl is tortured until death. Soon she discovers that the girl was a former student in her faculty..."
Barbershop,A day in the life of a South Side Chicago barbershop.
Stealing Harvard,A middle-class man turns to a life of crime in order to finance his niece's first year at Harvard University.
"Transporter, The","Frank is hired to transport packages for unknown clients and has made a very good living doing so. But when asked to move a package that begins moving, complications arise."
Alias Betty (Betty Fisher et autres histoires),"Grieving after the death of her young son Joseph, novelist Betty Fisher enters a dark depression. Hoping to bring her out of it, her mother Margot arranges to kidnap another child, Jose, to..."
Igby Goes Down,A young man's peculiar upbringing renders him unable to competently cope with the struggle of growing up.
Betsy's Wedding,"Offbeat fashion student Betsy Hopper and her strait-laced investment-banker fiancé, Jake Lovell, just want an intimate little wedding reception, but Betsy's father, Eddie, a Long Island ..."
Captain Ron,"A family in Chicago inherits the yacht formerly owned by Clark Gable. They decide to sail it from the island of Ste. Pomme de Terre to Miami, and they sail with the assistance of Captain ..."
Ernest Scared Stupid,"Ernest unleashes an ugly troll that plots to transform children into wooden dolls in the town of Briarville, Missouri."
"Hills Have Eyes, The","On the way to California, a family has the misfortune to have their car break down in an area closed to the public, and inhabited by violent savages ready to attack."
Suburban Commando,"Shep Ramsey is an interstellar hero, righting wrongs, etc. His ship is damaged after a fight with an interstellar nasty and he must hide out on Earth until it can recharge. He leaves his ..."
Tabu: A Story of the South Seas,"On the South Pacific island of Bora Bora, a young couple's love is threatened when the tribal chief declares the girl a sacred virgin."
"Wanderers, The","Set against the urban jungle of 1963 New York's gangland subculture, this coming of age teenage movie is set around the Italian gang the Wanderers. Slight comedy, slight High School angst ..."
"Yearling, The","A boy persuades his parents to allow him to adopt a young deer, but what will happen if the deer misbehaves?"
"Ladykillers, The",Five diverse oddball criminal types planning a bank robbery rent rooms on a cul-de-sac from an octogenarian widow under the pretext that they are classical musicians.
"Lavender Hill Mob, The",A meek bank clerk who oversees the shipment of bullion joins with an eccentric neighbor to steal gold bars and smuggle them out of the country as miniature Eiffel Towers.
"Man in the White Suit, The","An altruistic chemist invents a fabric which resists wear and stain as a boon to humanity, but both big business and labor realize it must be suppressed for economic reasons."
Ratcatcher,"Glasgow, summer, 1973. Dustmen are striking; bags of garbage add to the blight of council flats and a fetid canal. Ryan, who's about 12, drowns during a play fight with his neighbor, the ..."
"Son of the Bride (Hijo de la novia, El)","At age 42, Rafael Belvedere is having a crisis. He lives in the shadow of his father, he feels guilty about rarely visiting his aging mother, his ex-wife says he doesn't spend enough time ..."
"Das Experiment (Experiment, The)","For two weeks, 20 male participants are hired to play prisoners and guards in a prison. The prisoners have to follow seemingly mild rules, and the guards are told to retain order without using physical violence."
Ballistic: Ecks vs. Sever,"Tasked with destroying each other, an FBI agent and a rogue DIA agent soon discover that there's a much bigger enemy at work."
"Four Feathers, The",A British officer resigns his post just before battle and subsequently receives four white feathers from his friends and fiancee as symbols of what they believe to be his cowardice.
Trapped,"When their daughter is kidnapped by experienced nappers, the Jennings' turn the tables on this seemingly foolproof plan."
8 Women,"One murdered man, eight women, each seeming to be more eager than the others to know the truth. Gimme, gimme, gimme some clues to make up my mind. And eventually enter the truth. Oh, thou cruel woman!"
Invincible,A Jewish strongman performs in Berlin as the blond Aryan hero Siegfried.
Secretary,"A young woman, recently released from a mental hospital, gets a job as a secretary to a demanding lawyer, where their employer-employee relationship turns into a sexual, sadomasochistic one."
Spirited Away (Sen to Chihiro no kamikakushi),"During her family's move to the suburbs, a sullen 10-year-old girl wanders into a world ruled by gods, witches, and spirits, and where humans are changed into beasts."
"Trials of Henry Kissinger, The","A film about the war crimes of the American diplomat, Henry Kissinger."
Sweet Home Alabama,"A young woman who's reinvented herself as a New York socialite must return home to Alabama to obtain a divorce from her husband, after seven years of separation."
"Tuxedo, The",A hapless chauffer must take a comatosed secret agent's place using his special gadget-laden tuxedo.
Charly,"Sam Roberts thinks he has all the answers: the purpose of life, the meaning of love, the plan for a perfect future. Until Charly walks into his life."
Moonlight Mile,"As he copes with the death of his fiancee, a young man befriends her parents and must figure out what he wants out of life."
Wasabi,"Hubert is a French policeman with very sharp methods. After being forced to take 2 months off by his boss, who doesn't share his view on working methods, he goes back to Japan, where he ..."
Jonah: A VeggieTales Movie,"When the singing Veggies encounter some car trouble, they're stranded at old, rundown seafood joint where nothing is quite as it seems. As Bob the Tomato and the kids settle in to wait for ..."
Red Dragon,"A retired FBI agent with psychological gifts is assigned to help track down The Tooth Fairy, a mysterious serial killer; aiding him is imprisoned criminal genius Hannibal The Cannibal Lecter."
Bloody Sunday,"A dramatization of the Irish civil rights protest march and subsequent massacre by British troops on January 30, 1972."
Heaven,"A woman takes the law into her own hands after police ignore her pleas to arrest the man responsible for her husband's death, and finds herself not only under arrest for murder but falling in love with an officer."
Welcome to Collinwood,"When petty thief Cosimo is given the plan for the perfect heist from a lifer in prison - the kind of job you dream about - he has to get out of jail, fast. But with Cosimo stuck in the ..."
Flirting,"Danny has been sent to boarding school, in this sequel to The Year My Voice Broke. Against a backdrop of bullying and sadistic teachers Danny strikes up an affair with an African girl, ..."
Godzilla vs. Mothra (Mosura tai Gojira),"A greedy developer unwittingly hatches a gigantic baby moth upon Tokyo, while Godzilla strikes once again."
"Moderns, The",Nick Hart is a struggling American artist who lives amongst the expatriate community in 1920s Paris. He spends most of his time drinking and socializing in local cafés and pestering gallery...
"Onion Field, The","Greg Powell is a disturbed ex-con who recruits Jimmy Smith (aka Jimmy Youngblood), a petty thief, as his partner in crime. Powell panics one night when the two of them are pulled over by a ..."
Powaqqatsi,An exploration of technologically developing nations and the effect the transition to Western-style modernization has had on them.
"Pride of the Yankees, The","The story of the life and career of the famed baseball player, Lou Gehrig."
Valmont,"Set in Baroque France, a scheming widow and her lover make a bet regarding the corruption of a recently married woman. The lover, Valmont, bets that he can seduce her, even though she is an..."
Horror of Dracula (Dracula),Jonathan Harker begets the ire of Count Dracula after he accepts a job at the vampire's castle under false pretenses.
Strange Brew,"Canada's most famous hosers, Bob and Doug McKenzie, get jobs at the Elsinore Brewery, only to learn that something is rotten with the state of it."
"Incredible Mr. Limpet, The",Meek and mild mannered bookkeeper Henry Limpet has few passions in life. It's mid-1941 and he would love to join the Navy but has been rated 4F. His friend George Stickle is in the Navy and...
"Fan, The","A record salesman is an obsessed fan of an actress of stage and screen (Lauren Bacall). However when his letters are rejected, the fan strikes out at the actresses friends, then at her."
"Wrong Guy, The","After his boss is murdered, Nelson is on the run for fear of prosecution. He hides out in a small town to avoid the police, which should be easy because they know he didn't do it and they aren't looking for him."
Below,Strange happenings occur on a WW II submarine.
"Rules of Attraction, The","The incredibly spoiled and overprivileged students of Camden College are a backdrop for an unusual love triangle between a drug dealer, a virgin and a bisexual classmate."
Tuck Everlasting,A young woman meets and falls in love with a young man who is part of a family of immortals.
White Oleander,A teenager journeys through a series of foster homes after her mother goes to prison for committing a crime of passion.
Bowling for Columbine,Filmmaker Michael Moore explores the roots of America's predilection for gun violence.
Comedian,"A look at the work of two stand-up comics, Jerry Seinfeld and a lesser-known newcomer, detailing the effort and frustration behind putting together a successful act and career while living a life on the road."
Pokemon 4 Ever (a.k.a. Pokémon 4: The Movie),Ash must stop a hunter who forces the legendary Pokémon Celebi to help him destroy a forest.
Punch-Drunk Love,"A psychologically troubled novelty supplier is nudged towards a romance with an English woman, all the while being extorted by a phone-sex line run by a crooked mattress salesman, and purchasing stunning amounts of pudding."
Swept Away,A snooty socialite is stranded on a Mediterranean island with a communist sailor.
Abandon,"A senior at an elite college, already under severe pressure to complete her thesis and land a prestigious job, must confront the sudden reappearance of her old boyfriend, after his two year..."
Formula 51,An American master chemist plans to score big on a once in a lifetime drug deal. All does not go as planned and he is soon entangled in a web of deceit.
"Ring, The",A journalist must investigate a mysterious videotape which seems to cause the death of anyone in a week of viewing it.
Auto Focus,A story about Hogan's Heroes star Bob Crane and his friendship with John Carpenter.
"Grey Zone, The","A Nazi doctor, along with the Sonderkomando, Jews who are forced to work in the crematoria of Auschwitz against their fellow Jews, find themselves in a moral grey zone."
Naqoyqatsi,A visual montage portrait of our contemporary world dominated by globalized technology and violence.
Real Women Have Curves,"This is the story of Ana, a first generation Mexican-American teenager on the verge of becoming a woman. She lives in the predominately Latino community of East Los Angeles. Freshly ..."
Russian Ark (Russkiy Kovcheg),"A 19th century French aristocrat, notorious for his scathing memoirs about life in Russia, travels through the Russian State Hermitage Museum and encounters historical figures from the last 200+ years."
Billy Bathgate,"In the year 1935, a teen named Billy Bathgate finds first love while becoming the protégé of fledgling gangster Dutch Schultz."
Grave of the Fireflies (Hotaru no haka),A tragic film covering a young boy and his little sister's struggle to survive in Japan during World War II.
Jason Goes to Hell: The Final Friday,Serial killer Jason Voorhees' supernatural origins are revealed.
Saturday Night Fever,A Brooklyn teenager feels his only chance to succeed is as the king of the disco floor. His carefree youth and weekend dancing help him to forget the reality of his bleak life.
Staying Alive,It's five years later and Tony Manero's Saturday Night Fever is still burning. Now he's strutting toward his biggest challenge yet - succeeding as a dancer on the Broadway stage.
Urban Cowboy,Bud is a young man from the country who learns about life and love in a Houston bar.
Tom Horn,A renowned former army scout is hired by ranchers to hunt down rustlers but finds himself on trial for the murder of a boy when he carries out his job too well. Tom Horn finds that the ...
The Pumaman,"Low-budget film about a young man given a mystical medallion by an Aztec shaman, in order to become a puma-empowered champion like his father before him. In trying to initially locate the ..."
Wholly Moses,"Harvey and Zoey, two tourists travelling through Israel, discover an ancient scroll describing the life of Herschel, the man who was almost Moses. Herschel receives the command from God to ..."
Xanadu,The story of a girl who makes dreams come true.
Absence of Malice,"When a prosecutor leaks a false story that a liquor warehouse owner is involved in the murder of an union head, the man's life begins to unravel."
Banana Joe,"A man is living happily on an island with his family, growing bananas. When a local mobster with an eye on man's property tries to take it from him, he must go to the town for the first time to get some help."
Blow Out,A movie sound recordist accidentally records the evidence that proves that a car accident was actually murder and consequently finds himself in danger.
"Burning, The","A former summer camp caretaker, horribly burned from a prank gone wrong, lurks around an upstate New York summer camp bent on killing the teenagers responsible for his disfigurement."
Carbon Copy,"A white corporate executive is surprised to discover that he has a black teen-age son who can't wait to be adopted into the, almost-exclusively-white community of, San Marino, California."
Continental Divide,A hard-nosed Chicago journalist has an unlikely love affair with an eagle researcher.
Endless Love,"A high school student's love for a 15-year-old girl is thwarted by parental disapproval, circumstance and accident."
Eye of the Needle,"A ruthless German spy, trying to get out of Britain with vital information about D-Day, must spend time with a young woman and her crippled husband."
Faces of Death 2,"This movie continues in the same vein as F.O.D. 1 with short scenes of death related material. Mortuarys, accidents, police work are filmed by TV crews and home video cameras. Some of the ..."
Faces of Death,"A collection of death scenes, ranging from TV-material to home-made super-8 movies The common factor is death by some means."
Faces of Death 3,The third installment of the Faces of Death series.
Faces of Death 4,Follows the same pattern of the other Faces of Death movies. In this one we see many staged and not so staged looking deaths ranging from bungee jumping accidents and magic tricks gone bad.
First Monday in October,"For the first time in history a woman is appointed to the U.S. Supreme Court, where she becomes a friendly rival to a liberal associate."
"Four Seasons, The","Three middle-aged wealthy couples take vacations together in Spring, Summer, Autumn and Winter. Along the way we are treated to mid-life, marital, parental and other crises."
Galaxy of Terror (Quest),SciFi suspense thriller in which a rescue space ship crew meets up with horrors projected by their own imaginations.
Gallipoli,Two Australian sprinters face the brutal realities of war when they are sent to fight in the Gallipoli campaign in Turkey during World War I.
Gregory's Girl,Gregory is a normal teen who is infatuated with a classmate. He must work to win her affection.
"Hand, The","Jon Lansdale is a comic book artist who loses his right hand in a car accident. The hand was not found at the scene of the accident, but it soon returns by itself to follow Jon around, and ..."
"Looney, Looney, Looney Bugs Bunny Movie, The",Bugs Bunny hosts an award show featuring several classic Looney Toon shorts.
Modern Problems,"Jealous, harried air traffic controller Max Fiedler, recently dumped by his girlfriend, comes into contact with nuclear waste and is granted the power of telekinesis, which he uses not only to win her back, but to gain a little revenge."
My Dinner with André,"Wallace Shawn and Andre Gregory, apparently playing themselves, share their lives over the course of an evening meal at a restaurant. Gregory, a theater director from New York, is the more ..."
Neighbors,"A quiet man's peaceful suburban lifestyle is threatened by the new, obnoxious couple that moves in next door."
Pennies from Heaven,"During the Great Depression, a sheet music salesman seeks to escape his dreary life through popular music and a love affair with an innocent school teacher."
Pieces (Mil gritos tiene la noche) (One Thousand Cries Has the Night),Young co-eds are being cut up by a chainsaw killer on a college campus. The killer is attempting to put together a human jigsaw puzzle made from body parts.
Piranha II: The Spawning,"A scuba diving instructor, her biochemist boyfriend, and her police chief ex-husband try to link a series of bizarre deaths to a mutant strain of piranha fish whose lair is a sunken freighter ship off a Caribbean island resort."
Polyester,"A suburban housewife's world falls apart when her pornographer husband admits he's serially unfaithful to her, her daughter gets pregnant, and her son is suspected of being the foot-fetishist who's been breaking local women's feet."
"Professional, The (Le professionnel)","Victim of a plot which has resulted in his imprisonment in a Central African jail for two years, a French secret agent arrives in Paris to settle accounts."
Ghost Ship,"A salvage crew that discovers a long-lost 1962 passenger ship floating lifeless in a remote region of the Bering Sea soon notices, as they prepare to tow it back to land, that strange things happen..."
Jackass: The Movie,Johnny Knoxville and his band of maniacs perform a variety of stunts and gross-out gags on the big screen for the first time.
"Truth About Charlie, The","A young woman in Paris is about to divorce her husband when she discovers... he's dead; and all their money is gone. She meets a mysterious man, who tells her that the money was really his,..."
All or Nothing,"Penny's love for her partner, taxi-driver Phil, has run dry. He is a gentle, philosophical guy, and she works on the checkout at a supermarket. Their daughter Rachel cleans in a home for ..."
Frida,"A biography of artist Frida Kahlo, who channeled the pain of a crippling injury and her tempestuous marriage into her work."
Roger Dodger,"After breaking up with his lover and boss, a smooth-talking man takes his teenaged nephew out on the town in search of sex."
"Big Knife, The",Hollywood actor Charles Castle is pressured by his studio boss into a criminal cover-up to protect his valuable career.
Casino Royale,"In an early spy spoof, aging Sir James Bond comes out of retirement to take on SMERSH."
Exodus,"The state of Israel is created in 1948, resulting in war with its Arab neighbors."
"Russians Are Coming, the Russians Are Coming, The","Without hostile intent, a Soviet sub runs aground off New England. Men are sent for a boat, but many villagers go into a tizzy, risking bloodshed."
I Spy,A professional athlete has to help a U.S. government agent recover a missing jet.
"Weight of Water, The","A newspaper photographer, Jean, researches the lurid and sensational axe murder of two women in 1873 as an editorial tie-in with a brutal modern double murder. She discovers a cache of ..."
Femme Fatale,"A woman tries to straighten out her life, even as her past as a con-woman comes back to haunt her."
8 Mile,"A young rapper, struggling with every aspect of his life, wants to make it big but his friends and foes make this odyssey of rap, harder than it may seem."
Far from Heaven,"In 1950s Connecticut, a housewife faces a marital crisis and mounting racial tensions in the outside world."
Half Past Dead,This movie tells the story of a man who goes undercover in a hi-tech prison to find out information to help prosecute those who killed his wife. While there he stumbles onto a plot involving a death-row inmate and his $200 million stash of gold.
Harry Potter and the Chamber of Secrets,"Harry ignores warnings not to return to Hogwarts, only to find the school plagued by a series of mysterious attacks and a strange voice haunting him."
"Crime of Father Amaro, The (Crimen del padre Amaro, El)","Politics and sexual passions threaten to corrupt a young, newly-ordained priest in a small Mexican town."
Interview with the Assassin,"Almost forty years after the John F. Kennedy assassination, an ex-Marine named Walter Ohlinger has come forward with a startling claim."
Standing in the Shadows of Motown,"Documentary about the Funk Brothers, a group of Detroit musicians who backed up dozens of Motown artists."
"Life and Death of Colonel Blimp, The","From the Boer War through World War II, a soldier rises through the ranks in the British military."
Rio Grande,Rio Grande takes place after the Civil War when the Union turned their attention towards the Apaches. Union officer Kirby Yorke is in charge of an outpost on the Rio Grande in which he is ...
Blackrock,"When a young schoolgirl is raped and murdered, the mateship between a group of surfers is tested as the truth is slowly revealed."
Men with Brooms,Four men take time from their personal problems to reunite as a curling team and compete in a bonspiel that will restore their honour.
Mysterious Island,During the Civil War a group of Union soldiers and two Confederates escape the stockade using a hot air balloon and end up on a strange Pacific island.
Left Behind II: Tribulation Force,"After the Rapture and the revealing of the identity of the Antichrist, a group of converts form the Tribulation Force, a secret society with the sole purpose of converting non-believers to Christianity."
Dog Soldiers,A routine military exercise turns into a nightmare in the Scotland wilderness.
Fingers,A dysfunctional young man is pulled between loyalties to his Italian mob-connected loan shark father and his mentally disturbed Jewish concert pianist mother.
Houseboat,"A widower, his three young kids and a bombshell nanny get to know each other better when circumstances have them living together aboard a badly neglected houseboat."
My Father's Glory (La gloire de mon père),"A young boy's life in turn-of-the-century France. Marcel, witnesses the success of his teacher father, as well as the success of his arrogant Uncle Jules. Marcel and family spend their ..."
"My Mother's Castle (Château de ma mère, Le)",Every holiday Marcel and his family go to their cottage in the Provence (France). He likes the hills in this region. Before they arrive at the cottage they have to walk about 5 miles. With ...
Return to the Blue Lagoon,"In this sequel to the 1980 classic, two children are stranded on a beautiful island in the South Pacific. With no adults to guide them, the two make a simple life together and eventually become tanned teenagers in love."
Toy Soldiers,"When terrorists seize control of a boarding school, a group of troublemaking boys decide to resist them."
Raggedy Man,"It's 1944 in the small town of Gregory, Texas. Divorcée Nita Longley has been brought into the town by the telephone company to work as its switchboard operator, a job which requires her to..."
Ragtime,"A young black pianist becomes embroiled in the lives of an upper-class white family set among the racial tensions, infidelity, violence, and other nostalgic events in early 1900s New York City."
Road Games (a.k.a. Roadgames),A truck driver plays a cat-and-mouse game with a mysterious serial killer who uses a young female hitchhiker as bait to lure victims on a desolate Australian highway.
Scanners,A scientist sends a man with extraordinary psychic powers to hunt others like him.
Sharky's Machine,Tom Sharky is demoted to vice after a bust goes terribly wrong. He and his team stumble across a mob murder tied to prostitution and government.
So Fine,"While trying to get his father out of a financial jam, a man comes up with an idea that turns into an unexpected overnight financial fashion success - the bottomless pants."
Southern Comfort,A squad of National Guards on an isolated weekend exercise in the Louisiana swamp must fight for their lives when they anger local Cajuns by stealing their canoes. Without live ammunition ...
"Tarzan, the Ape Man","While on an African expedition with her father, Jane Parker meets Tarzan, and the two become fascinated by each other."
They All Laughed,"A mad cap private-eye caper about a team of detectives who are following, and are being followed by, a group of beautiful women."
Thief,"Becoming closer to his dream of leading a normal life, a professional safecracker agrees to do a job for the mafia, who have other plans for him."
This Is Elvis,"Though several actors portray Elvis Presley at different stages of his life, this documentary is comprised mostly of actual performance footage and interviews with Elvis, his fans and those..."
True Confessions,"A worldly ambitious monsignor clashes with his older brother, a cynical Los Angeles homicide detective who is investigating the brutal murder of a young prostitute."
Die Another Day,James Bond is sent to investigate the connection between a North Korean terrorist and a diamond mogul who is funding the development of an international space weapon.
The Emperor's Club,An idealistic prep school teacher attempts to redeem an incorrigible student.
Friday After Next,Craig and Day Day have finally moved out of their parents houses and into their own crib. The cousins work nights at a local mall as security guards. When their house is robbed on Christmas...
Personal Velocity,Three women's escapes from their afflicted lives. Each struggles to flee from the men who confine their personal freedom.
"Quiet American, The",An older British reporter vies with a young U.S. doctor for the affections of a beautiful Vietnamese woman.
Talk to Her (Hable con Ella),Two men share an odd friendship while they care for two women who are both in deep comas.
Eight Crazy Nights (Adam Sandler's Eight Crazy Nights),"Davey Stone, an alcoholic with a criminal record, is sentenced to community service under the supervision of an elderly referee. Davey is then faced with trying to reform and abandon his bad habits."
Extreme Ops,"While filming an advertisement, some extreme sports enthusiasts unwittingly stop a group of terrorists."
Solaris,A troubled psychologist is sent to investigate the crew of an isolated research station orbiting a bizarre planet.
Treasure Planet,A Disney animated version of Treasure Island. The only difference is that the film is set in outer space with alien worlds and other galactic wonders.
They,"After witnessing a horrific and traumatic event, Julia Lund, a graduate student in psychology, gradually comes to the realization that everything which scared her as a child could be real. ..."
Brother (Brat),"An ex-soldier with a personal honor code enters the family crime business in St. Petersburg, Russia."
I Spit on Your Grave (Day of the Woman),"An aspiring writer is repeatedly gang-raped, humiliated, and left for dead by four men whom she systematically hunts down to seek revenge."
"Last Seduction, The",A devious sexpot steals her husband's drug money and hides out in a small town where she meets the perfect dupe for her next scheme.
Zulu,Outnumbered British soldiers do battle with Zulu warriors at Rorke's Drift.
Analyze That,"Mobster Paul Vitti is released into Dr. Ben Sobol's care, where only more chaos ensues."
Empire,A successful South Bronx drug dealer turns his back on his roots and gives money to a Wall Street broker to invest for him.
Adaptation,A lovelorn screenwriter becomes desperate as he tries and fails to adapt The Orchid Thief by Susan Orlean for the screen.
Equilibrium,"In a Fascist future where all forms of feeling are illegal, a man in charge of enforcing the law rises to overthrow the system."
Visitor Q (Bizita Q),A troubled and perverted family find their lives intruded by a mysterious stranger who seems to help find a balance in their disturbing natures.
"Bolero (Uns et les autres, Les)","Trough fabulous Music this movie tracks three generations of musicians and dancers from Russia, Germany, France and the USA, from before World War II through the war and the Holocaust, to ..."
Warning for the Joensson Gang (Varning för Jönssonligan),"The movie begins with the Jönsson gang making a minor burglary. It goes wrong and the gang leader, Sickan, gets caught. After he has spent 10 months in jail, Vanheden and Rocky come to ..."
"Vernon, Florida","Early Errol Morris documentary intersplices random chatter he captured on film of the genuinely eccentric residents of Vernon, Florida. A few examples? The preacher giving a sermon on the ..."
Victory (a.k.a. Escape to Victory),"As allied POWs prepare for a soccer game against the German National Team to be played in Nazi-occupied Paris, the French Resistance and British officers are making plans for the team's escape."
Zoot Suit,"A kind of musical accompanying the story of the early 1940's and the effect that the zoot suit (a man's suit of long jacket and pegged pants, always worn with a long keychain that looped ..."
Alone in the Dark,A quartet of murderous psychopaths break out of a mental hospital during a power blackout and lay siege to their doctor's house.
Author! Author!,"While facing the stress of his play being produced on Broadway, a playwright deals with having to raise his son, his stepdaughters, and his stepsons."
Best Friends,"When a professional couple who have lived & worked together for many years finally decide to marry, their sudden betrothal causes many unexpectedly funny and awkward difficulties. They soon..."
"Best Little Whorehouse in Texas, The","Town Sheriff and regular patron, fights to keep a historical whorehouse open when a TV preacher targets it as the Devils playhouse."
Burden of Dreams,"A documentary on the chaotic production of Werner Herzog's epic Fitzcarraldo (1982), showing how the film managed to get made despite problems that would have floored a less obsessively ..."
Cannery Row,"Monterey, California in the 1940's. Cannery Row - the section of town where the now closed fish canneries are located - is inhabited primarily by the down and out, although many would not ..."
"Come Back to the Five and Dime, Jimmy Dean, Jimmy Dean","The Disciples of James Dean meet up on the anniversary of his death and mull over their lives in the present and in flashback, revealing the truth behind their complicated lives. Who is the..."
Deathtrap,A Broadway playwright puts murder in his plan to take credit for a student's script.
Eating Raoul,"A relatively boring Los Angeles couple discover a bizarre, if not murderous way to get funding for opening a restaurant."
Drumline,A band director recruits a Harlem street drummer to play at a Southern university.
"Hot Chick, The","An attractive and popular teenager who is mean spirited toward others, finds herself in the body of an older man, and must find a way to get back to her original body."
Maid in Manhattan,"A senatorial candidate falls for a hotel maid, thinking she is a socialite when he sees her trying on a wealthy woman's dress."
Star Trek: Nemesis,"The Enterprise is diverted to the Romulan homeworld Romulus, supposedly because they want to negotiate a peace treaty."
About Schmidt,A man upon retirement embarks on a journey to his estranged daughter's wedding only to discover more about himself and life than he ever expected.
Evelyn,"1953. Desmond Doyle is devastated when his wife abandons their family on the day after Christmas. His unemployment and the fact that there is no woman in the house to care for the children,..."
Intact (Intacto),An enigmatic tale of four incredibly lucky people whose lives are intertwined by destiny are subject to the laws of fate. They discover that they cannot afford to be without luck as they ...
"Lord of the Rings: The Two Towers, The","While Frodo and Sam edge closer to Mordor with the help of the shifty Gollum, the divided fellowship makes a stand against Sauron's new ally, Saruman, and his hordes of Isengard."
25th Hour,"Cornered by the DEA, convicted New York drug dealer Montgomery Brogan reevaluates his life in the 24 remaining hours before facing a seven-year jail term."
Antwone Fisher,"Antwone Fisher, a young navy man, is forced to see a psychiatrist after a violent outburst against a fellow crewman. During the course of treatment a painful past is revealed and a new hope begins."
Gangs of New York,"In 1863, Amsterdam Vallon returns to the Five Points area of New York City seeking revenge against Bill the Butcher, his father's killer."
Two Weeks Notice,"A lawyer decides that she's used too much like a nanny by her boss, so she walks out on him."
"Wild Thornberrys Movie, The","Eliza and Debbie are two sisters who don't always get along. But their relationship is put to the test when Debbie's life is in danger, and Eliza might have to give up her power to talk to animals...."
Narc,When the trail goes cold on a murder investigation of a policeman an undercover narcotics officer is lured back to the force to help solve the case.
Bad Influence,"Michael, a wimpy young executive, is about to get pulverized by a jealous boyfriend in a bar when a handsome, mysterious stranger steps in--and then disappears. Later that night, while ..."
Blue Steel,A female rookie in the police force engages in a cat and mouse game with a pistol wielding psychopath who becomes obsessed with her.
Body of Evidence,A woman is accused of killing a man to inherit his millions by having sex with him.
"Children's Hour, The",A troublemaking student at a girls' school accuses two teachers of being lesbians.
"Duellists, The","A duel between two feuding Napoleonic officers eventually evolves into a decades-long series of duels, after each bout - for various reasons - ends unresolved."
"Kiss Before Dying, A",A ruthless college student resorts to murder in a futile attempt to marry an heiress.
Miami Blues,"When Fred Frenger gets out of prison, he decides to start over in Miami, Florida, where he starts a violent one-man crime wave. He soon meets up with amiable college student/prostitute ..."
My Girl 2,"Vada Sultenfuss must go to LA to stay with her Uncle Phil to do some research on her mother's life, but finds much more..."
My Girl,"A young girl, on the threshold of her teen years, finds her life turning upside down, when she is accompanied by an unlikely friend."
My Neighbor Totoro (Tonari no Totoro),"When two girls move to the country to be near their ailing mother, they have adventures with the wonderous forest spirits who live nearby."
Black Christmas,A sorority house is terrorized by a stranger who makes frightening phone calls and then murders the sorority sisters during Christmas break.
"Day of the Triffids, The","A shower of meteorites produces a glow that blinds anyone that looks at it. As it was such a beautiful sight, most people were watching, and as a consequence, 99% of the population go blind..."
"Story of O, The (Histoire d'O)","The beautiful O is taken by her boyfriend, Rene, to a bizarre retreat, where she is trained in bondage and sexual perversion. Rene discharges a personal debt by transferring possession of O..."
Asoka (Ashoka the Great),The Epic tale of King Asoka's life.
Fat City,"Two men, working as professional boxers, come to blows when their careers each begin to take opposite momentum."
Catch Me If You Can,"A true story about Frank Abagnale Jr., who, before his 19th birthday, successfully conned millions of dollars' worth of checks as a Pan Am pilot, doctor, and legal prosecutor."
Chicago,Murderesses Velma Kelly and Roxie Hart find themselves on death row together and fight for the fame that will keep them from the gallows in 1920s Chicago.
"Hours, The","The story of how the novel Mrs. Dalloway affects three generations of women, all of whom, in one way or another, have had to deal with suicide in their lives."
Max,"A film studying the depiction of a friendship between an art dealer named Rothman and his student, Adolf Hitler."
Nicholas Nickleby,"A young, compassionate man struggles to save his family and friends from the abusive exploitation of his cold-heartedly grasping uncle."
"Pianist, The",A Polish Jewish musician struggles to survive the destruction of the Warsaw ghetto of World War II.
"House on the Edge of the Park, The (Casa sperduta nel parco, La)","Two low-life punks invite themselves to a party at a posh villa and after being taunted by their snobbish hosts, hold everyone hostage and subject them to various forms of torture and mayhem."
"King of Comedy, The","Aspiring comic Rupert Pupkin wants to achieve success in show biz by stalking his idol, a late night talk-show host who craves his own privacy."
Confessions of a Dangerous Mind,"An adaptation of the cult memoir of game show impresario Chuck Barris, in which he purports to have been a CIA hitman."
Blue Collar Comedy Tour: The Movie,The comedic stylings of four sort-of famous funnymen are brought to the big screen courtesy of this 2002 documentary.
Just Married,"A young newlywed couple honeymoon in Europe, where obstacles challenge their ability to sustain the marriage."
"Son, The (Le fils)","A joinery instructor at a rehab center refuses to take a new teen as his apprentice, but then begins to follow the boy through the hallways and streets."
"Guy Thing, A",A soon-to-be husband wakes up on the morning after his bachelor party in bed with another woman.
Kangaroo Jack,"Two childhood friends, a New York hairstylist and a would-be musician, get caught up with the mob and are forced to deliver $50,000 to Australia, but things go haywire when the money is lost to a wild kangaroo."
National Security,Two mismatched security guards are thrown together to bust a smuggling operation.
City of God (Cidade de Deus),"Two boys growing up in a violent neighborhood of Rio de Janeiro take different paths: one becomes a photographer, the other a drug dealer."
"American Friend, The (Amerikanische Freund, Der)","Tom Ripley, who deals in forged art, suggests a picture framer he knows would make a good hit man."
American Me,"A Mexican-American Mafia kingpin is released from prison, falls in love for the first time, and grows introspective about his gangster lifestyle."
CB4 - The Movie,"A rockumentary, covering the rise to fame of MC Gusto, Stab Master Arson, and Dead Mike: members of the rap group CB4. We soon learn that these three are not what they seem and don't ..."
Dogfight,"1963, the night before the 18 years old Birdlace Eddie and his friends are shipped to Vietnam. They play a dirty game called 'Dogfight': all of them seek a woman for a party, and who ..."
Imitation of Life,A struggling young actress with a six-year-old daughter sets up housekeeping with a homeless black widow and her light-skinned eight-year-old daughter who rejects her mother by trying to pass for white.
"Little Romance, A","A French boy (Daniel) and an American girl (Lauren), who goes to school in Paris, meet and begin a little romance. They befriend Julius who enchants them with his storytelling. In an ..."
Mystery Date,"A teenage boy would like to meet with a very pretty, blonde girl who lives in the next door. His elder brother helps him with car and credit card to be successful. This simple story will be..."
Pépé le Moko,"Pépé le Moko is a gangster from Paris that hides in Algier's Casbah. In the Casbah, he is safe and is able to elude the police's attempts to capture him. But he misses his freedom, after ..."
Summer Lovers,A young American couple and a French woman engage in a threesome in the Greek Islands.
"Woman in Red, The","On his way to work, Teddy spots Charlotte - an incredibly beautiful Woman in Red. He really wants to meet her - but what would his wife say?"
Darkness Falls,"A vengeful spirit has taken the form of the Tooth Fairy to exact vengeance on the town that lynched her 150 years earlier. Her only opposition is the only child, now grown up, who has survived her before."
Blind Spot: Hitler's Secretary (Im toten Winkel - Hitlers Sekretärin),"Documentary featuring interview footage with Traudl Junge, one of Hitler's personal secretaries during WWII."
Dead Reckoning,"A soldier runs away rather than receive the Medal of Honor, so his buddy gets permission to investigate, and love and death soon follow."
"Harder They Come, The","Wishing to become a successful Reggae singer, a young Jamaican man finds himself tied to corrupt record producers and drug pushers."
Chaos,"A bourgeois couple, modern yet conventional. One night by accident, a young prostitute barges into their lives. Hounded down, beaten up, threatened, she will continue to struggle, with the ..."
Biker Boyz,A son of the leader of a legendary group of an urban biker gang tries to retain his championship title.
Final Destination 2,"When Kimberly has a violent premonition of a highway pileup she blocks the freeway, keeping a few others meant to die, safe...Or are they? The survivors mysteriously start dying and it's up to Kimberly to stop it before she's next."
"Recruit, The",A brilliant young CIA trainee is asked by his mentor to help find a mole in the Agency.
"Guru, The","Bored with Bollywood movies but fascinated with their Hollywood counterparts from his youth, Ram dreams to become a singer and actor in America, the country where dreams are made. He is ..."
Lost in La Mancha,"Terry Gilliam's doomed attempt to get his film, The Man Who Killed Don Quixote, off the ground."
May,A lonely young woman traumatized by a difficult childhood and her increasingly desperate attempts to connect with the people around her is sent into a murderous tailspin.
"Harder They Fall, The","Down-on-his-luck ex-sportswriter Eddie Willis is hired by shady fight promoter Nick Benko to promote his latest find, an unknown but easily exploitable phenom from Argentina."
Victim,A prominent lawyer goes after a blackmailer who threatens gay men with exposure (homosexual acts still being illegal). But he's gay himself...
Evil Under the Sun,"Trying to find how a millionaire wound up with a phony diamond brings Hercule Poirot to an exclusive island resort frequented by the rich and famous. When a murder is committed, everyone has an alibi."
Firefox,A pilot is sent into the Soviet Union on a mission to steal a prototype jet fighter that can be partially controlled by a neuralink
Honkytonk Man,"As the film opens on an Oklahoma farm during the depression, two simultaneous visitors literally hit the Wagoneer home: a ruinous dust storm and a convertible crazily driven by Red, the ..."
Labyrinth of Passion (Laberinto de Pasiones),"A camp melodrama/comedy about Sexilia (a nymphomaniac), Sadec (a gay Islamic terrorist), Riza Niro (the son of the emperor of Tiran), and Queti (the daughter of a dry-cleaner). When Riza ..."
"Last American Virgin, The","The friendship of a group of young friends struggling with teen sex, drugs, and work is jeopardized by a romantic interest which may turn pals into bitter rivals."
"Last Unicorn, The",A brave unicorn and a magician fight an evil king who is obsessed with attempting to capture the world's unicorns.
Dragon Lord (a.k.a. Dragon Strike) (Long Xiao Ye),"The adventures of a restless martial arts student called Dragon, who, while constantly pursuing a girl, gets involved in the affairs of a gang of thieves."
Making Love,A successful young L.A. doctor and his equally successful television-producer wife find their happily-ever-after life torn assunder when he suddenly confronts his long-repressed attraction ...
"Midsummer Night's Sex Comedy, A",A wacky inventor and his wife invite two other couples for a weekend party at a romantic summer house in the 1900s countryside.
Missing,"When an idealistic writer disappears during the Right Wing military coup in 1973 Chile, his wife and American businessman father try to find him."
Monsignor,An ambitious priest seduces a nun and leads the Vatican into shady business during and after World War II.
Monty Python Live at the Hollywood Bowl,The Monty Python troupe perform a combination of classic sketches and new material at the Hollywood Bowl.
Moonlighting,"A Polish contractor, Nowak, leads a group of workmen to London so they can provide cheap labor for a government official based there. Nowak (Irons) has to manage the project and the men as ..."
"Night of the Shooting Stars (Notte di San Lorenzo, La)","The Night of San Lorenzo, the night of the shooting stars, is the night when dreams come true in Italian folklore. In 1944, a group of Italians flee their town after hearing rumours that ..."
One from the Heart,"Hank and Frannie don't seem to be able to live together anymore. After a five-year relationship, lustful and dreamy Fanny leaves down-to-earth Hank on the anniversary of their relationship...."
Permanent Vacation,A young slacker wanders New York City searching for some meaning in life and encounters many idiosyncratic characters.
Personal Best,"The intertwined lives and loves of three highly-ranked athletes striving for the national team; Chris bounces between the beds of male coach Terry and her female friend, competitor, and role model Tory."
"Pirate Movie, The",The crew of a large ship sail the high seas encountering other pirates from other ships. The boy from the ship end up having saves his girlfriend who is kidnapped by a bunch of other pirates.
Querelle,"French sailor Querelle arrives in Brest and starts frequenting a strange whorehouse. He discovers that his brother Robert is the lover of the lady owner, Lysiane. Here, you can play dice ..."
Richard Pryor Live on the Sunset Strip,Richard Pryor performs his stand-up comedy act on the Sunset Strip.
Sunless (Sans Soleil),"He wrote me.... A woman narrates the thoughts of a world traveler, meditations on time and memory expressed in words and images from places as far-flung as Japan, Guinea-Bissau, Iceland, ..."
Savannah Smiles,The young daughter of a politician runs away due to lack of attention. She hides in the car of two not too bright crooks who are slowly converted into parent figures as the police web ...
"Secret Policeman's Other Ball, The","The film of an on-stage charity benefit for Amnesty International. The show includes comedy skits by the members of Monty Python, as well as noted comedians Peter Cook, Rowan Atkinson, and ..."
"Veronika Voss (Sehnsucht der Veronika Voss, Die)","Munich, 1955: A sports journalist meets Veronika Voss, an UFA actress who supposedly had an affair with Goebbels. Now declining, Voss is kept by her kind doctor, Dr. Katz, supplying her ..."
Shoot the Moon,"A fifteen year marriage dissolves, leaving both the husband and wife, and their four children, devastated. He's preoccupied with a career and a mistress, she with a career and caring for ..."
"New York Ripper, The (Squartatore di New York, Lo)",A burned-out New York police detective teams up with a college psychoanalyst to track down a vicious serial killer randomly stalking and killing various young women around the city.
"State of Things, The (Stand der Dinge, Der)","On location in Portugal, a film crew runs out of film while making their own version of Roger Corman's Day the World Ended (1955). The producer is nowhere to be found and director Friedrich..."
Tenebre,An American writer in Rome is stalked by a serial killer bent on harassing him while killing all people associated with his work on his latest book.
Trail of the Pink Panther,Inspector Clouseau mysteriously disappears and a journalist attempts to uncover the mystery. New scenes are interspersed with old footage of Peter Sellers from the previous films.
White Dog,A trainer attempts to retrain a vicious dog that's been raised to kill Black people.
Deliver Us from Eva,"Eva Dandridge is a very uptight young woman who constantly meddles in the affairs of her sisters and their husbands. Her in-laws, who are tired of Eva interfering in their lives, decide to ..."
How to Lose a Guy in 10 Days,"Benjamin Barry is an advertising executive and ladies' man who, to win a big campaign, bets that he can make a woman fall in love with him in 10 days. Andie Anderson covers the How To beat for Composure magazine and is assigned to write an article on How to Lose a Guy in 10 days. They meet in a bar shortly after the bet is made."
Shanghai Knights,"When a Chinese rebel murders Chon's estranged father and escapes to England, Chon and Roy make their way to London with revenge on their minds."
Daredevil,A man blinded by toxic waste which also enhanced his remaining senses fights crime as an acrobatic martial arts superhero.
All the Real Girls,Small-town love story of a young man with a reputation for womanizing and his best friend's sister.
Gerry,A friendship between two young men is tested when they go for a hike in a desert and forget to bring any water or food with them.
He Loves Me... He Loves Me Not (À la folie... pas du tout),"A young woman who is in love with a married doctor becomes dangerous when her attempts to persuade him to leave his wife are unsuccessful. However, when things are seen from his point of view, the real situation becomes clear."
Dennis the Menace,"When his parents have to go out of town, Dennis stays with Mr. and Mrs. Wilson. The little menace is driving Mr. Wilson crazy, but Dennis is just trying to be helpful. Even to the thief who's arrived in town."
"Black Stallion, The","While traveling with his father, young Alec becomes fascinated by a mysterious Arabian stallion who is brought on board and stabled in the ship he is sailing on. When it tragically sinks ..."
"Patch of Blue, A","A blind, uneducated white girl is befriended by a black man, who becomes determined to help her escape her impoverished and abusive home life."
Q & A,"A young district attorney seeking to prove a case against a corrupt police detective encounters a former lover and her new protector, a crime boss who refuse to help him in this gritty ..."
"Thrill of It All, The",A housewife's sudden rise to fame as a soap spokesperson leads to chaos in her home life.
Pillow Talk,"A man and a woman who share a telephone line despise each other, but he has fun romancing her with his voice disguised."
"Man Who Fell to Earth, The",Thomas Jerome Newton is a humanoid alien who comes to Earth to get water for his dying planet. He starts a high technology company to get the billions of dollars he needs to build a return ...
Dark Blue,A robbery homicide investigation triggers a series of events that will cause a corrupt LAPD officer to question his tactics.
Gods and Generals,The rise and fall of legendary war hero Thomas Stonewall Jackson as he leads the Confederacy to great success against the Union from 1861 to 1863. Prequel to the 1993 classic Gettysburg.
"Life of David Gale, The",A man against capital punishment is accused of murdering a fellow activist and is sent to death row.
Old School,Three friends attempt to recapture their glory days by opening up a fraternity near their alma mater.
Stone Reader,null
Spider,"A mentally disturbed man takes residence in a halfway house. His mind gradually slips back into the realm created by his illness, where he replays a key part of his childhood."
American Heart,"Jack is now out of jail and he meets Nick, his adolescent son. Their relationship will be complicated, because Jack has a problem with alcohol. But his love for Nick will help him to get over the past and reach his dreams."
Lady Jane,"The death of King Henry VIII throws his kingdom into chaos because of succession disputes. His weak son Edward, is on his deathbed. Anxious to keep England true to the Reformation, a ..."
Life Stinks,"A filthy rich businessman bets a corporate rival that he can live on the streets of L.A. without the comforts of home or money, which proves to be tougher than he thought."
"Meteor Man, The",A high school teacher from a troubled inner city Washington D.C. neighborhood becomes a super-powered hero and takes on the gang that has been terrorizing his streets.
"Slaughter Rule, The","A young man finds solace with a young woman, his mother, and a high-school football coach who recruits him to quarterback a six-man team."
Ten,Ten sequences examine the emotional lives of women at significant junctures.
Bringing Down the House,"When a lonely guy meets a woman on the internet who happens to be in prison, she breaks out to be with him, and proceeds to wreak havoc on his middle-class life."
Tears of the Sun,A Special-Ops commander leads his team into the Nigerian jungle in order to rescue a doctor who will only join them if they agree to save 70 refugees too.
Irreversible (Irréversible),Events over the course of one traumatic night in Paris unfold in reverse-chronological order as the beautiful Alex is brutally raped and beaten by a stranger in the underpass.
Laurel Canyon,"When an uptight young man and his fiancee move into his libertine mother's house, the resulting clash of life attitudes shakes everyone up."
Nowhere in Africa (Nirgendwo in Afrika),A German Jewish refugee family moves to and adjusts to a farm life in 1930s Kenya.
Bend It Like Beckham,The daughter of orthodox Sikh rebels against her parents' traditionalism and joins a football team (soccer in America).
"Hunted, The",An FBI deep-woods tracker captures a trained assassin who has made a sport of hunting humans.
Spun,"A drug dealer introduces one of his customers, a 'speed freak', to the man who runs the meth lab. A crazy three-day adventure ensues."
King of Kings,The life of Jesus Christ.
Loving You,"Deke Rivers is a delivery man who is discovered by publicist Glenda Markle and country-western musician Tex Warner who want to promote the talented newcomer to fame and fortune, giving him ..."
"Talk of the Town, The",An escaped prisoner and a stuffy law professor vie for the hand of a spirited schoolteacher.
Two-Lane Blacktop,"A story of two men drag-racing across the U.S. in a primer grey '55 Chevy. Dennis Wilson is the mechanic, James Taylor is the driver."
Bang the Drum Slowly,"The story of the friendship between a star pitcher, wise to the world, and a half-wit catcher, as they cope with the catcher's terminal illness through a baseball season."
"Benny Goodman Story, The","Bio of swing band leader 'Benny Goodman' from age 10 (1919) to his landmark Carnegie Hall band concert in 1938. Not exactly historically accurate, but great music. Also, guest appearances ..."
Born Free,Married couple George Adamson and Joy Adamson have longed lived in northern Kenya for George's work as the senior game warden of the region. One of George's primary responsibilities is to ...
Born Yesterday,"A businessman shows up in Washington to lobby agendas that are friendly to his construction plans. His ditsy ex-showgirl bimbo proves to be an embarrassment in social situations, so he ..."
Equus,A psychiatrist attempts to uncover a troubled stable boy's disturbing obsession with horses.
Europa Europa (Hitlerjunge Salomon),"A boy in Nazi Germany, trying to conceal that he is Jewish, joins the Hitler Youth."
"Glenn Miller Story, The","The biography of the Bandleader Glenn Miller from his beginnings to his death over the English Channel in December 1944, with a lot of his arrangements, partly in an authentic cast."
Green Card,"A man wanting to stay in the US enters into a marriage of convenience, but it turns into more than that."
Journey to the Center of the Earth,An Edinburgh professor and assorted colleagues follow an explorer's trail down an extinct Icelandic volcano to the earth's center.
One Good Cop,"An NYPD Detective (Michael Keaton) and his struggle for justice, while taking care of his late partner's three little girls after he is killed in the line of duty."
Ringu (Ring),"Ruthlessly murdered by her father, the ghost of a seer's daughter kills all those who watch a weird video after 7 days; unless the viewer finds the escape clause."
Ringu 2 (Ring 2),"Reiko takes Yoichi into hiding when her son begins to display frightening powers. Meanwhile, Mai Takano and the authorities begin a desperate search for them, as the mysterious Ring curse spreads..."
Salaam Bombay!,The boy Krishna is abandoned by his mother at the Apollo Circus and she tells him that he can only return home when he can afford 500 rupees to pay for the bicycle of his brother that he ...
Sweet Charity,"Taxi dancer Charity continues to have Faith in the human race despite apparently endless disappointments at its hands, and Hope that she will finally meet the nice young man to romance her ..."
Women in Love,The battle of the sexes and relationships among the elite of Britian's industrial Midlands in the 1920s. Gerald Crich and Rupert Berkin are best friends who fall in love with a pair of ...
Boat Trip,Two straight men mistakenly end up on a gays only cruise.
Dreamcatcher,Friends on a camping trip discover that the town they're vacationing in is being plagued in an unusual fashion by parasitic aliens from outer space.
View from the Top,A small-town woman tries to achieve her goal of becoming a flight attendant.
"Awful Truth, The","Unfounded suspicions lead a married couple to begin divorce proceedings, whereupon they start undermining each other's attempts to find new romance."
"House with Laughing Windows, The (Casa dalle finestre che ridono, La)","Stefano, a young restorer, is commissioned to save a controversial mural located in the church of a small, isolated village."
I Am Curious (Yellow) (Jag är nyfiken - en film i gult),"Lena, aged twenty, wants to know all she can about life and reality. She collects information on everyone and everything, storing her findings in an enormous archive. She experiments with ..."
"Robe, The","Marcellus is a tribune in the time of Christ. He is in charge of the group that is assigned to crucify Jesus. Drunk, he wins Jesus' homespun robe after the crucifixion. He is tormented by ..."
Wind,"Will Parker, played by Matthew Modine, loses the Americas Cup, the worlds biggest sailing prize, to the Australians and decides to form his own syndicate to win it back."
Basic,A DEA agent investigates the disappearance of a legendary Army ranger drill sergeant and several of his cadets during a training exercise gone severely awry.
"Core, The",The only way to save Earth from catastrophe is to drill down to the core and set it spinning again.
Head of State,"When a presidential candidate dies unexpectedly in the middle of the campaign, Washington, D.C. alderman, Mays Gilliam is unexpectedly picked as his replacement."
What a Girl Wants,"An American teenager learns that her father is a wealthy British politician running for office. Although she is eager to find him, she realizes it could cause a scandal and cost him the election."
Raising Victor Vargas,"A Lower East Side teen-ager struggles to find some sanity while surrounded by an eccentric grandmother, a crazy new girlfriend, and a longing younger brother."
Stevie,"In 1995 Director Steve James (Hoop Dreams) returned to rural Southern Illinois to reconnect with Stevie Fielding, a troubled young boy he had been an 'Advocate Big Brother' to ten years earlier."
Day for Night (La Nuit Américaine),"A committed film director struggles to complete his movie while coping with a myriad of crises, personal and professional, among the cast and crew."
In a Lonely Place,A potentially violent screenwriter is a murder suspect until his lovely neighbor clears him. But she begins to have doubts...
Wake of the Red Witch,"During the 1860s in the South Pacific, Capt. Ralls, skipper of the Red Witch, has a series of adventures involving sunken gold bullion, pearls, natives, an unscrupulous ship owner and a giant octopus."
"Good Thief, The",An aging gambler on a losing streak attempts to rob a casino in Monte Carlo. But someone's already tipped off the cops before he even makes a move.
Phone Booth,"Stuart Shepard finds himself trapped in a phone booth, pinned down by an extortionist's sniper rifle."
Cowboy Bebop: The Movie (Cowboy Bebop: Tengoku no Tobira),"A terrorist explosion releases a deadly virus on the masses, and it's up the bounty-hunting Bebop crew to catch the cold-blooded culprit."
DysFunktional Family,"Documentary on comedian Eddie Griffin who heads back home to a family reunion, which includes two uncles - one a porn director and the other an ex-pimp."
"Man Without a Past, The (Mies vailla menneisyyttä)","The second part of Aki Kaurismäki's Finland trilogy, the film follows a man who arrives in Helsinki and gets beaten up so severely he develops amnesia. Unable to remember his name or ..."
Anger Management,"Dave Buznik is a businessman who is wrongly sentenced to an anger-management program, where he meets an aggressive instructor."
House of 1000 Corpses,Two teenage couples traveling across the backwoods of Texas searching for urban legends of murder end up as prisoners of a bizarre and sadistic backwater family of serial killers.
Lilya 4-Ever (Lilja 4-ever),"Sixteen-year-old Lilja and her only friend, the young boy Volodja, live in Estonia, fantasizing about a better life. One day, Lilja falls in love with Andrej, who is going to Sweden, and invites Lilja to come along and start a new life."
Bulletproof Monk,"Based on the very underground comic book, a Tibetan monk becomes a mentor to a young street kid whom he can teach to protect a scroll."
Chasing Papi (a.k.a. Papi Chulo),"The successful and handsome wolf executive of the cosmetic industry Thomas Fuentes has three sexy Latin girlfriends: in Miami, the waitress Cici; in Chicago, the intellectual lawyer Lorena;..."
"Mighty Wind, A",Mockumentary captures the reunion of 1960s folk trio the Folksmen as they prepare for a show at The Town Hall to memorialize a recently deceased concert promoter.
Holes,A wrongfully convicted boy is sent to a brutal desert detention camp where he joins the job of digging holes for some mysterious reason.
Malibu's Most Wanted,"A senator arranges for his son, a rich white kid who fancies himself black, to be kidnapped by a couple of black actors pretending to be murderers to try and shock him out of his plans to become a rapper."
"Winged Migration (Peuple migrateur, Le)","Documentary on the migratory patterns of birds, shot over the course of three years on all seven continents."
Flickering Lights (Blinkende lygter),"Four small gangsters from Copenhagen trick a gangster boss: they take over 4,000,000 kroner which they were supposed to bring him. Trying to escape to Barcelona they are forced to stop in ..."
Straw Dogs,A young American and his English wife come to rural England and face increasingly vicious local harassment.
Beginning of the End,"Audrey Ames, an enterprising journalist, tries to get the scoop on giant grasshoppers accidentally created at the Illinois State experimental farm. She endeavors to save Chicago, despite a ..."
"Andromeda Strain, The",A group of scientists investigates a deadly new alien virus before it can spread.
Fahrenheit 451,"In an oppressive future, a fireman whose duty is to destroy all books begins to question his task."
I Am Trying to Break Your Heart,"First-time filmmaker and award-winning photographer Sam Jones documents the recording of Wilco's album, Yankee Hotel Foxtrot."
Legal Eagles,"A New York district attorney works and flirts with his adversary and her kooky artist client, who is on trial for a murder she didn't commit."
Undercover Blues,"A wise-cracking husband and wife team of ex-Spies arrive in New Orleans on maternity leave with their baby girl. There they are hassled by muggers, the police and their FBI boss, who wants ..."
Wildcats,"Molly McGrath's dream is to coach high school football, and when her dream is realized in the form of a tough inner city team, she has a harder time than she expected trying to whip them into shape."
"Wiz, The",An adaption of The Wizard of Oz that tries to capture the essence of the African American experience.
"Marrying Man, The (Too Hot to Handle)","Rich playboy Charley Pearl meets Vicki Anderson, singer at a nightclub in Las Vegas. But she's a gangster's-moll, Bugsy Siegel's, and when he finds the two of them in bed, he forces them to..."
Confidence,"Jake Vig (Burns) is a consummate grifter about to pull his biggest con yet, one set to avenge his friend's murder. But his last scam backfired, leaving him indebted to a mob boss (Hoffman) and his enforcer."
Identity,"Stranded at a desolate Nevada motel during a nasty rain-storm, ten strangers become acquainted with each other when they realize that they're being killed off one by one."
"Decade Under the Influence, A",A documentary examining the decade of the 1970s as a turning point in American cinema. Some of today's best filmmakers interview the influential directors of that time.
Manic,"Lyle Jensen is subject to sudden and violent outbursts, and he is committed to the juvenile wing of the Northwood Mental Institution. Several other youths are there with a variety of ..."
Spellbound,Spellbound follows eight teenagers on their quest to win the 1999 National Spelling Bee.
"Lizzie McGuire Movie, The","Lizzie McGuire has graduated from middle school and takes a trip to Rome, Italy with her class. And what was supposed to be only a normal trip, becomes a teenager's dream come true."
X2: X-Men United,"The X-Men band together to find a mutant assassin who has made an attempt on the President's life, while the Mutant Academy is attacked by military forces."
"Dancer Upstairs, The",A police detective in a South American country is dedicated to hunting down a revolutionary guerilla leader.
Owning Mahowny,A bank manager with: (a) a gambling problem and (b) access to a multimillion dollar account gets into a messy situation. Based on the story of the largest one-man bank fraud in Canadian history.
Daddy Day Care,Two men get laid off and have to become stay-at-home dads when they can't find jobs. This inspires them to open their own day-care center.
"Man on the Train (Homme du train, L')","A teacher and a gangster meet by chance in a small town pharmacy. As a friendship of sorts develops between these opposite personalities, each starts to envy the other and by the week's end..."
"Shape of Things, The","Quiet, unassuming Adam is changing in a major way, thanks to his new girlfriend, art student Evelyn. Adam's friends are a little freaked by the transformation."
"Trip, The","When 19-year-old gay-rights activist Tommy and 24-year-old Alan first meet in 1973, they find themselves on the opposite sides of the political coin. Despite their many differences, they ..."
101 Reykjavik (101 Reykjavík),"Thirty-year-old Hlynur still lives with his mother and spends his days drinking, watching porn and surfing the net while living off unemployment checks. A girl is interested in him, but he ..."
"Chorus Line, A",Hopefuls try out before a demanding director for a part in a new musical.
Breakin' 2: Electric Boogaloo,A developer tries to bulldoze a community recreation center. The local breakdancers try to stop it.
Breakin','Breakin': A struggling young jazz dancer (Lucinda Dickey) meets up with two break-dancers. Together they become the sensation of the street crowds. Features ICE-T in his film debut as a club MC.
Laputa: Castle in the Sky (Tenkû no shiro Rapyuta),A young boy and a girl with a magic crystal must race against pirates and foreign agents in a search for a legendary floating castle.
"Girls, Les","After writing a tell-all book about her days in the dance troupe Barry Nichols and Les Girls, Sybil Wren (Kay Kendall) is sued for libeling her fellow dancer Angele (Taina Elg). A Rashomon..."
Gunfight at the O.K. Corral,Lawman Wyatt Earp and outlaw Doc Holliday form an unlikely alliance which culminates in their participation in the legendary Gunfight at the O.K. Corral.
High Society,"C.K. Dexter-Haven, a successful popular jazz musician, lives in a mansion near his ex-wife's Tracy Lord's family estate. She is on the verge of marrying a man blander and safer than Dex, ..."
Kiss Me Kate,"Fred and Lilly are a divorced pair of actors who are brought together by Cole Porter who has written a musical version of The Taming of the Shrew. Of course, the couple seem to act a great ..."
"Matrix Reloaded, The","Neo and the rebel leaders estimate that they have 72 hours until 250,000 probes discover Zion and destroy it and its inhabitants. During this, Neo must decide how he can save Trinity from a dark fate in his dreams."
Down with Love,"Aaaah... it's New York City in 1962, and love is blooming between a journalist and a feminist advice author, who's falling head over heels despite her beau's playboy lifestyle."
Cinemania,This documentary about the culture of intense cinephilia in New York City reveals the impassioned world of five obsessed movie buffs. The filmmakers expose this delightfully deranged cult ...
Friends and Family,A gay couple are hit men for the mafia.
"Spanish Apartment, The (L'auberge espagnole)","A strait-laced French student moves into an apartment in Barcelona with a cast of six other characters from all over Europe. Together, they speak the international language of love and friendship."
Bruce Almighty,A guy who complains about God too often is given almighty powers to teach him how difficult it is to run the world.
Gigantic (A Tale of Two Johns),Documentary about the music group They Might Be Giants.
Finding Nemo,"After his son is captured in the Great Barrier Reef and taken to Sydney, a timid clownfish sets out on a journey to bring him home."
"Italian Job, The","After being betrayed and left for dead in Italy, Charlie Croker and his team plan an elaborate gold heist against their former ally."
Wrong Turn,"Six people find themselves trapped in the woods of West Virginia, hunted down by cannibalistic mountain men grossly disfigured through generations of in-breeding."
Capturing the Friedmans,"Documentary on the Friedmans, a seemingly typical, upper-middle-class Jewish family whose world is instantly transformed when the father and his youngest son are arrested and charged with shocking and horrible crimes."
"2 Fast 2 Furious (Fast and the Furious 2, The)",Former cop Brian O'Conner is called upon to bust a dangerous criminal and he recruits the help of a former childhood friend and street racer who has a chance to redeem himself.
Love the Hard Way,The story of a petty thief who meets an innocent young woman and brings her into his world of crime while she teaches him the lessons of enjoying life and being loved.
Whale Rider,"A contemporary story of love, rejection and triumph as a young Maori girl fights to fulfill a destiny her grandfather refuses to recognize."
Nevada Smith,"A naive half-Indian, half-white man evolves into a hardened killer as he tracks down his parents' murderers."
Once a Thief (Zong heng si hai),"A romantic and action packed story of three best friends, a group of high end art thieves, who come into trouble when a love-triangle forms between them."
Silk Stockings,"A musical remake of Ninotchka: After three bumbling Soviet agents fail in their mission to retrieve a straying Soviet composer from Paris, the beautiful, ultra-serious Ninotchka is sent to ..."
"Crazies, The (a.k.a. Code Name: Trixie)","The military attempts to contain a manmade combat virus that causes death and permanent insanity in those infected, as it overtakes a small Pennsylvania town."
Murder on a Sunday Morning (Un coupable idéal),"Oscar-winning documentary that documents a murder trial in which a 15-year-old African-American is wrongfully accused of a 2000 murder in Jacksonville, Florida."
"White Sheik, The (Sceicco bianco, Lo)",During a day in their honeymoon a couple is separated by the city's lust and the desires it produces.
Treasure Island,The treasure seeking adventures of young Jim Hawkins and pirate captain Long John Silver.
Animals are Beautiful People,Hilarious documentary on the wildlife of the Namib Desert.
Car Wash,"Car Wash is about a close-knit group of employees who one day have all manner of strange visitors coming onto their forecourt, including Richard Pryor as a preaching 'wonder-man' who is ..."
Destry Rides Again,"Kent, the unscrupulous boss of Bottleneck has Sheriff Keogh killed when he asks one too many questions about a rigged poker game that gives Kent a stranglehold over the local cattle rangers..."
"Electric Horseman, The","Sonny Steele used to be a rodeo star, but his next appearance is to be on a Las Vegas stage, wearing a suit covered in lights, advertising a breakfast cereal. When he finds out they are ..."
Gay Purr-ee,"Mouser Jaune Tom and house cat Mewsette are living in the French countryside, but Mewsette wants to experience the refinement and excitement of the Paris living. But upon arrival she falls ..."
Intervista,"Cinecitta, the huge movie studio outside Rome, is 50 years old and Fellini is interviewed by a Japanese TV crew about the films he has made there over the years as he begins production on ..."
King Rat,A fast-taking wheeler-dealer corporal in a Malaysian POW camp during WWII uses bribery and larceny to take de facto control of the camp from his senior officers.
Mr. & Mrs. Bridge,"Set during World War II, an upper-class family begins to fall apart due to the conservative nature of the patriarch and the progressive values of his children."
Shenandoah,"In Shenandoah, Virginia, widower farmer Charlie Anderson lives a peaceful life with his six sons - Jacob, James, Nathan, John, Henry and Boy, his daughter Jennie, and his daughter-in-law ..."
Straight Talk,"A woman ditches her small town life for big city Chicago, where she becomes a sensation as a radio show host."
Oscar,A gangster attempts to keep the promise he made to his dying father: that he would give up his life of crime and go straight.
"6th Man, The (Sixth Man, The)","Antoine and Kenny Tyler are NCAA college basketball players, and Antoine is the star. Suddenly Antoine dies of heart attack and Kenny has to fill his shoes as leader of team. Some time ..."
"Far Country, The",A self-minded adventurer (Jeff Webster) locks horns with a crooked lawman (Mr. Gannon) while driving cattle to Dawson.
"Railway Children, The","After the enforced absence of their father, three children move with their mother to Yorkshire, where during their adventures they attempt to discover the reason for his disappearance."
Two Mules for Sister Sara,"Nun Sara is on the run in Mexico and is saved from cowboys by Hogan, who is preparing for a future mission to capture a French fort. The pair become good friends, but Sara never does tell him the true reason behind her being outlawed."
Winchester '73,The journey of a prized rifle from one ill-fated owner to another parallels a cowboy's search for a murderous fugitive.
Battle Cry,A group of young Marines have adventures in love and war.
"Courtship of Eddie's Father, The","Eddie thinks it is time for his father to remarry. However, in his opinion his father's taste in women leaves much to be desired. He believes the girl next door would be a far better choice..."
"Man with the Movie Camera, The (Chelovek s kino-apparatom)","A man travels around a city with a camera slung over his shoulder, documenting urban life with dazzling invention."
This Boy's Life,"The story about the relationship between a rebellious 50s teenager and his abusive father, based on the memoirs of writer and literature professor Tobias Wolff."
Barton Fink,A renowned New York playwright is enticed to California to write for the movies and discovers the hellish truth of Hollywood.
Belle époque,"In 1931, a young soldier (Fernando) deserts from the army and falls into a country farm, where he is welcomed by the owner (Manolo) due to his political ideas. Manolo has four daughters (..."
"Comancheros, The","Texas Ranger Jake Cutter arrests gambler Paul Regret, but soon finds himself teamed with his prisoner in an undercover effort to defeat a band of renegade arms merchants and thieves known as Comancheros."
Duel at Diablo,"In Apache territory, a supply army column heads for the next fort, an ex-scout searches for the killer of his Indian wife, and a housewife abandons her husband in order to re-join her Apache lover's tribe."
"Flight of the Phoenix, The","After a plane crash in the Sahara, one of the survivors says he's an airplane designer and they can make a flyable plane from the wreckage."
From the Terrace,An ambitious young executive chooses a loveless marriage and an unfulfilling personal life in exchange for a successful Wall Street career.
"Heaven Knows, Mr. Allison",A marine and a nun form an unlikely friendship. The marine is shipwrecked on a Pacific island and the nun has been left behind there; they find comfort in one another as the two wait out the war.
"Long, Hot Summer, The","Accused barn burner and con man Ben Quick arrives in a small Mississippi town and quickly ingratiates himself with its richest family, the Varners."
Music Box,"A lawyer defends her father accused of war crimes, but there is more to the case than she suspects."
"Blue Max, The","A young pilot in the German air force of 1918, disliked as lower-class and unchivalrous, tries ambitiously to earn the medal offered for 20 kills."
"Trial, The (Procès, Le)","An unassuming office worker is arrested and stands trial, but he is never made aware of his charges."
"Unforgiven, The",The neighbors of a frontier family turn on them when it is suspected that their adopted daughter was stolen from the local Kiowa tribe.
Good Burger,"Two dim-witted teenagers are forced to save the fast food restaurant they work at from going out of business, despite a new-and-improved burger joint opening across the street that want to be the Top Dog in the fast food industry."
Jubilee,Queen Elizabeth I travels to late twentieth-century Britain to discover a tawdry and depressing landscape where life mostly seems aimless and is anyway held cheap. Three post-punk girls ...
Mississippi Masala,"An Indian family is expelled from Uganda when Idi Amin takes power. They move to Mississippi and time passes. The Indian daughter falls in love with a black man, and the respective families..."
Quai des Orfèvres (Jenny Lamour),"Jenny Lamour wants to succeed in music hall. Her husband and accompanist is Maurice Martineau, a nice but jealous guy. When he knew Jenny is making eyes at Brignon, an old businessman, in ..."
"Stranger Among Us, A",Detective Emily Eden is a tough New York City cop forced to go undercover to solve a puzzling murder. Her search for the truth takes her into a secret world of unwritten law and unspoken ...
Chisum,Cattle baron John Chisum joins forces with Billy the Kid and Pat Garrett to fight the Lincoln County land war.
Half Moon Street,"Dr. Slaughter, a researcher in London who works as a high class hooker in her spare time, becomes a pawn in a dangerous political game, when her latest john Lord Bulbeck, who's negotiating an Arab-Israeli peace treaty, falls for her."
"Truce, The (a.k.a. La Tregua)",Based on Primo Levi's autobiographical The Reawakening.
Shattered,Dan Merrick comes out from a shattering car accident with amnesia. He finds that he is married to Judith who is trying to help him start his life again. He keeps getting flashbacks about ...
"Song of Bernadette, The","In 1858 France, Bernadette, an adolescent peasant girl, has a vision of a beautiful lady in the city dump. She never claims it to be anything other than this, but the townspeople all ..."
Thoroughly Modern Millie,"Millie comes to town in the roaring twenties to encounter flappers, sexuality and white slavers."
Dumb and Dumberer: When Harry Met Lloyd,Set back in the 80s when Harry met Lloyd in high school where they cross paths with a mean principal and a bunch of other outcasts much like themselves.
Hollywood Homicide,Two LAPD detectives who moonlight in other fields investigate the murder of an up-and-coming rap group.
Alex and Emma,A writer must turn out a novel in thirty days or face the wrath of loan sharks.
Murphy's War,"Murphy is the sole survivor of his crew, that has been massacred by a German U-Boat in the closing days of World War II. He lands on the shore somewhere on the river Orinoco delta and ..."
28 Days Later,"Four weeks after a mysterious, incurable virus spreads throughout the UK, a handful of survivors try to find sanctuary."
Charlie's Angels: Full Throttle,The Angels investigate a series of murders which occur after the theft of a witness protection profile database.
Fulltime Killer (Chuen jik sat sau),Two very different hitmen find themselves to be in each other's way. They use all their skill to solve the problem.
Ali: Fear Eats the Soul (Angst essen Seele auf),"An almost accidental romance is kindled between a German woman in her mid-sixties and a Moroccan migrant worker around twenty-five years younger. They abruptly decide to marry, appalling everyone around them."
Made for Each Other,Young lawyer meets and marries girl after knowing her one day. Takes bride home to meet his mother who disapproves of the marriage. Lawyer thinks everything will be fine as he moves up the ...
Ring of Terror,A group of medical students undertake some silly and frightening endeavors in order to pledge a fraternity.
You Only Live Once,"The public defender's secretary and an ex-convict get married and try to make a life together, but a series of disasters sends their lives spiraling out of control."
Anastasia,An opportunistic Russian businessman tries to pass a mysterious impostor as the Grand Duchess Anastasia. But she is so convincing in her performance that even the biggest skeptics believe her.
Flight of the Intruder,"During the air war over Vietnam, a US Navy A-6 Intruder tactical bomber pilot schemes with a hardened veteran to make an unauthorized air strike on Hanoi."
"Main Event, The","Hillary Kramer, successful Perfume magnate awakes one morning to find that her accountant has robbed her blind and left for South America. Going through all of her remaining assets she ..."
Man's Favorite Sport?,Roger Willoughby is considered to be a leading expert on sports fishing. He's written books on the subject and is loved by his customers in the sporting goods department at Abercrombie and ...
Nuts,A high-class call girl accused of murder fights for the right to stand trial rather than be declared mentally incompetent.
Scaramouche,"After Andre Moreau finds he is the secret bastard son of a recently deceased noble, he realizes that it his own sister that he's romantically drawn to."
Start the Revolution Without Me,"Two mismatched sets of identical twins - one aristocrat, one peasant - mistakenly exchange identities on the eve of the French Revolution."
"Tenant, The (Locataire, Le)",A bureaucrat rents a Paris apartment where he finds himself drawn into a rabbit hole of dangerous paranoia.
"Hour of the Pig, The","In medieval France, young lawyer Richard Courtois leaves Paris for the simpler life in the country. However, he is soon drawn into amorous and political intrigues. At the same time, he is ..."
"What's Up, Doc?",The accidental mix-up of four identical plaid over-night bags leads to a series of increasingly wild and wacky situations.
Hulk,"Bruce Banner, a genetics researcher with a tragic past, suffers an accident that causes him to transform into a raging green monster when he gets angry."
"Legally Blonde 2: Red, White & Blonde",Elle Woods heads to Washington D.C. to join the staff of a congresswoman in order to pass a bill to ban animal testing.
Sinbad: Legend of the Seven Seas,"The sailor of legend is framed by the goddess Eris for the theft of the Book of Peace, and must travel to her realm at the end of the world to retrieve it and save the life of his childhood friend Prince Proteus."
Terminator 3: Rise of the Machines,A cybernetic warrior from a post-apocalyptic future travels back in time to protect a 19-year old drifter and his future wife from a most advanced robotic assassin and to ensure they both survive a nuclear attack.
Swimming Pool,"A British mystery author visits her publisher's home in the South of France, where her interaction with his unusual daughter sets off some touchy dynamics."
Pirates of the Caribbean: The Curse of the Black Pearl,"Blacksmith Will Turner teams up with eccentric pirate Captain Jack Sparrow to save his love, the governor's daughter, from Jack's former pirate allies, who are now undead."
"League of Extraordinary Gentlemen, The (a.k.a. LXG)","In an alternate Victorian Age world, a group of famous contemporary fantasy, SF and adventure characters team up on a secret mission."
Northfork,"Set in 1955, the residents of a small Montana community are forced to move their homes to make way for a new dam."
Bad Boys II,Two loose-cannon narcotics cops investigate the flow of Ecstasy into Florida.
Johnny English,"After a sudden attack on the MI5, Johnny English, Britain's most confident yet unintelligent spy, becomes Britain's only spy."
Dirty Pretty Things,An illegal Nigerian immigrant discovers the unpalatable side of London life.
Little Giants,"Misfits form their own opposing team to an elite peewee football team, coached by the elite team coach's brother."
"Mouse That Roared, The","An impoverished backward nation declares a war on the United States of America, hoping to lose, but things don't go according to plan."
Spencer's Mountain,"Clay Spencer is a hard-working man who loves his wife and large family. He is respected by his neighbors and always ready to give them a helping hand. Although not a churchgoer, he even ..."
Lara Croft Tomb Raider: The Cradle of Life,Adventuress Lara Croft goes on a quest to save the mythical Pandora's Box before an evil scientist and recruits a former Marine turned mercenary to assist her.
Seabiscuit,True story of the undersized Depression-era racehorse whose victories lifted not only the spirits of the team behind it but also those of their nation.
Spy Kids 3-D: Game Over,"Carmen's caught in a virtual reality game designed by the Kids' new nemesis, the Toymaker (Stallone). It's up to Juni to save his sister, and ultimately the world."
Camp,"After a series of Broadway flops, songwriter Bert Hanley (Dixon) goes to work at a musical camp for young performers. Inspired by the kids, he finds an opportunity to regain success by staging an altogether new production."
"Mondays in the Sun (Lunes al sol, Los)","This is the story of those who live as if every day was a constant Sunday, those who spend their Mondays in the sun. The story of people who worked in a dockyard but are now unemployed."
"One, Two, Three","Set in West Berlin during the Cold War, a Coca-Cola executive is given the task of taking care of his boss' socialite daughter."
Remo Williams: The Adventure Begins,An officially dead cop is trained to become an extraordinarily unique assassin in service of the US president.
"What's Up, Tiger Lily?","In comic Woody Allen's film debut, he took the Japanese action film International Secret Police: Key of Keys and re-dubbed it, changing the plot to make it revolve around a secret egg salad recipe."
White Lightning,An ex con teams up with federal agents to help them with breaking up a moonshine ring.
American Wedding (American Pie 3),"It's the wedding of Jim and Michelle and the gathering of their families and friends, including Jim's old friends from high school and Michelle's little sister."
Gigli,"The violent story about how a criminal lesbian, a tough-guy hit-man with a heart of gold, and a mentally challenged man came to be best friends through a hostage."
"Magdalene Sisters, The",Three young Irish women struggle to maintain their spirits while they endure dehumanizing abuse as inmates of a Magdalene Sisters Asylum.
"Secret Lives of Dentists, The",An introspective dentist's suspicions about his wife's infidelity stresses his mental well being and family life to the breaking point.
Freaky Friday,"An overworked mother and her daughter do not get along. When they switch bodies, each is forced to adapt to the other's life for one freaky Friday."
S.W.A.T.,An imprisoned drug kingpin offers a huge cash reward to anyone that can break him out of police custody and only the LAPD's Special Weapons and Tactics team can prevent it.
"Divorce, Le",French vs. American social customs and behaviors are observed in a story about an American visiting her Frenchman-wed sister in Paris.
Step Into Liquid,Surfers and secret spots from around the world are profiled in this documentary.
Accattone,A pimp with no other means to provide for himself finds his life spiraling out of control when his prostitute is sent to prison.
...And God Spoke,A documentary on the making of a big budget Bible picture. This is a spoof that shows the inside action on a film set where everything that could possibly go wrong goes wrong.
Brain Damage,"One morning a young man wakes to find a small, disgusting creature has attached itself to the base of his brain stem. The creature gives him a euphoric state of happiness but in return demands human victims."
"Double Life, A","Anthony John is an actor whose life is strongly influenced by the characters he plays. When he's playing comedy, he's the most enjoyable person in the world, but when he's playing drama, ..."
"Gospel According to St. Matthew, The (Vangelo secondo Matteo, Il)",The life of Jesus Christ according to the Gospel of Matthew. Pasolini shows Christ as a marxist avant-la-lettre and therefore uses half of the text of Matthew.
Umberto D.,A elderly man and his dog struggle to survive on his government pension in Rome.
Brother's Keeper,"This documentary by Joe Berlinger and Bruce Sinofsky details the murder trial of Delbert Ward. Delbert was a member of a family of four elderly brothers, working as semi-literate farmers ..."
"Day of the Dolphin, The","Dr Jake Terrell, who has been training a pair of dolphins for many years, has had a breakthrough. He has taught his dolphins to speak and understand English, although they do have a limited..."
Freddy vs. Jason,"Freddy Krueger and Jason Voorhees return to terrorize the teenage population. Except this time, they're out to get each other, too."
Open Range,A former gunslinger is forced to take up arms again when he and his cattle crew are threatened by a corrupt lawman.
Shaolin Soccer (Siu lam juk kau),A young Shaolin follower reunites with his discouraged brothers to form a soccer team using their martial art skills to their advantage.
American Splendor,An original mix of fiction and reality illuminates the life of comic book hero everyman Harvey Pekar.
Agent Cody Banks,A government agent trains Cody Banks in the ways of covert operations that require younger participants.
Hot Dog... The Movie,Harkin Banks heads to skiing championships in California. A teen runaway tags along as he parties and competes with friends and foes.
House of Wax,"An associate burns down a wax museum with the owner inside, but he survives only to become vengeful and murderous."
"Inn of the Sixth Happiness, The","All her life Englishwoman Gladys Aylward knew that China was the place where she belonged. Not qualified to be sent there as a missionary, Gladys works as a domestic to earn the money to ..."
"Sure Thing, The","A college student plans a cross-country trip to get laid, but ends up traveling with a young woman. They hate each other, so naturally..."
Valley Girl,"Julie, a girl from the valley, meets Randy, a punk from the city. They are from different worlds and find love. Somehow they need to stay together in spite of her trendy, shallow friends."
Wait Until Dark,A recently blinded woman is terrorized by a trio of thugs while they search for a heroin stuffed doll they believe is in her apartment.
Code Unknown (Code inconnu: Récit incomplet de divers voyages),"Jean, a farm lad, wants to escape his silent father; he runs to Paris to his older brother, Georges, who's away covering the war in Kosovo. Angry, he throws a bag of half-eaten pastry into ..."
Tokyo Story (Tôkyô monogatari),An old couple visit their children and grandchildren in the city; but the children have little time for them.
"Green Ray, The (Rayon vert, Le)","It's July, and Delphine has nowhere to go for the summer. She feels very bored and empty, but this won't last; one day she accidently meets someone who seems to be totally made for her..."
THX 1138,"Set in the 25th century, the story centers around a man and a woman who rebel against their rigidly controlled society."
Valley of the Dolls,Film version of Jacqueline Susann's best-selling novel chronicling the rise and fall of three young ladies in show business.
Kind Hearts and Coronets,A distant poor relative of the Duke of D'Ascoyne plots to inherit the title by murdering the eight other heirs who stand ahead of him in the line of succession.
10,"A Hollywood lyricist goes through a mid-life crisis and becomes infatuated with a sexy, newly married woman."
Tremors,Natives of a small isolated town defend themselves against strange underground creatures which are killing them one by one.
"Pink Panther, The","Bumbling and conceited French police inspector Clouseau tries to catch The Phantom, a daring jewel thief whose identity and features are unknown - and is acting right under his nose."
"Pink Panther Strikes Again, The","Charles Dreyfus threatens to destroy the world with a doomsday device if Inspector Clouseau is not killed. Naturally, this is far harder than it sounds."
Commando,A retired elite Black Ops Commando launches a one man war against a group of South American criminals who have kidnapped his daughter to blackmail him into starting a revolution and getting an exiled dictator back into power.
Dracula,"Romanticized adaptation of Bram Stoker's 1897 classic. Set in 1913 England, the bloodsucking, but handsome, charming and seductive, Count Dracula seeks an immortal bride."
"Discreet Charm of the Bourgeoisie, The (Charme discret de la bourgeoisie, Le)","A surreal, virtually plotless series of dreams centered around six middle-class people and their consistently interrupted attempts to have a meal together."
Ikiru,A bureaucrat tries to find a meaning in his life after he discovers he has terminal cancer.
"Angel at My Table, An","In 1920s and 1930s New Zealand, Janet Frame grows up in a poor family with lots of brothers and sisters. Already at an early age she is different from the other kids. She gets an education ..."
Incident at Oglala,This film describes the events surrounding a 1975 shootout at the Pine Ridge reservation in S. Dakota where two FBI agents were killed.
"Handmaid's Tale, The","In a dystopicly polluted rightwing religious tyranny, a young woman is put in sexual slavery on account of her now rare fertility."
Revolution OS,"While Microsoft may be the biggest software company in the world, not every computer user is a fan of their products, or their way of doing business. While Microsoft's Windows became the ..."
Fire,"Ashok runs a family business that sells takeout food that also has a video rental store at the side. Ashok's extended family includes his wife Radha, his brother Jatin, their ailing mother ..."
Death in Venice (Morte a Venezia),"In this adaptation of the Thomas Mann novel, avant-garde composer Gustave Aschenbach (loosely based on Gustav Mahler) travels to a Venetian seaside resort in search of repose after a period..."
"Medallion, The",A Hong Kong detective suffers a fatal accident involving a mysterious medallion and is transformed into an immortal warrior with superhuman powers.
Don't Tempt Me (Sin noticias de Dios),"Two angels, one from the heaven and one from the hell, come to earth to save the soul of a boxer."
Jeepers Creepers 2,"Set a few days after the original, a championship basketball team's bus is attacked by The Creeper, the winged, flesh-eating terror, on the last day of his 23-day feeding frenzy."
"Order, The",A young priest is sent to Rome to investigate the troubling death of the head of his order.
Taking Sides,"A tale based on the life of Wilhelm Furtwangler, the controversial conductor of the Berlin Philharmonic whose tenure coincided with the controversial Nazi era. One of the most spectacular ..."
Cabin Fever,"A group of five college graduates rent a cabin in the woods and begin to fall victim to a horrifying flesh-eating virus, which attracts the unwanted attention of the homicidal locals."
Matchstick Men,A phobic con artist and his protégé are on the verge of pulling off a lucrative swindle when the former's teenage daughter arrives unexpectedly.
Once Upon a Time in Mexico,Hitman El Mariachi becomes involved in international espionage involving a psychotic CIA agent and a corrupt Mexican general.
Dummy,"An ex-office worker becomes a ventriloquist, leading to a date with his unemployment counselor; but his quirky family and a gauche female friend may thwart his new career and love life."
Lost in Translation,A faded movie star and a neglected young woman form an unlikely bond after crossing paths in Tokyo.
Millennium Actress (Sennen joyû),A TV interviewer and his cameraman meet a former actress and travel through her memories and career.
Gotcha!,"Jonathan plays a game called Gotcha in which he hunts and is hunted by other students with paint guns. After a big win, he goes off for a vacation in France where he meets the sexy Sasha ..."
Once Upon a Time in China (Wong Fei Hung),"Set in late 19th century Canton this martial arts film depicts the stance taken by the legendary martial arts hero Wong Fei-Hung (1847-1924) against foreign forces' (English, French and ..."
Once Upon a Time in China II (Wong Fei-hung Ji Yi: Naam yi dong ji keung),"In the sequel to the Tsui Hark classic, Wong Fei-Hung faces The White Lotus society, a fanatical cult seeking to drive the Europeans out of China through violence, even attacking Chinese ..."
Once Upon a Time in China III (Wong Fei-hung tsi sam: Siwong tsangba),"Master Wong and his disciples enroll in the 'Dancing Lion Competition' to stop an assassination plot and to battle an arrogant, deceitful opponent."
Paper Moon,"During the Great Depression, a con man finds himself saddled with a young girl who may or may not be his daughter, and the two forge an unlikely partnership."
Sgt. Pepper's Lonely Hearts Club Band,"Small town band hits it big, but they must battle a nefarious plot in the music industry."
"Ugly American, The","An intelligent, articulate scholar, Harrison MacWhite, survives a hostile Senate confirmation hearing at the hands of conservatives to become ambassador to Sarkan, a southeast Asian country..."
Convoy,Truckers form a mile long convoy in support of a trucker's vendetta with an abusive sheriff...Based on the country song of same title by C.W. McCall.
Day of the Dead,A small group of military officers and scientists dwell in an underground bunker as the world above is overrun by zombies.
"Hello, Dolly!","A matchmaker named Dolly Levi takes a trip to Yonkers, New York to see the well-known unmarried half-a-millionaire, Horace Vandergelder. While there, she convinces him, his two stock ..."
"Rose, The",The tragic life of a self-destructive female rock star who struggles to deal with the constant pressures of her career and the demands of her ruthless business manager.
At War with the Army,"Alvin Corwin is low man on the totem pole, and goes from one mishap to another at an army training camp in World War II."
Jungle Book,A boy raised by wolves tries to adapt to human village life.
Once Bitten,"A vampire Countess needs to drink the blood of a virgin in order to keep her eternal beauty. It seems that all is hopeless, until she bumps into Mark Kendall."
"Brood, The","A man tries to uncover an unconventional psychologist's therapy techniques on his institutionalized wife, amidst a series of brutal murders."
Cold Creek Manor,"A family relocates from the city to a dilapidated house in the country that was once a grand estate. As they begin to renovate the place they discover their new home harbors secrets, conceals a horrific past, and may not be free of the former inhabitants completely."
Secondhand Lions,"A coming-of-age story about a shy, young boy sent by his irresponsible mother to spend the summer with his wealthy, eccentric uncles in Texas."
Underworld,"Selene, a beautiful vampire warrior, entrenched in a war between the vampire and werewolf races. Although she is aligned with the vampires, she falls in love with Michael, a human who is sought by werewolves for unknown reasons."
Bubba Ho-tep,"Elvis and JFK, both alive and in nursing homes, fight for the souls of their fellow residents as they battle an ancient Egyptian Mummy."
Demonlover,"Two corporations compete for illicit 3D manga pornography, sending spies to infiltrate each other's operations."
In This World,"In February 2002 in the Shamshatoo Refugee Camp in the North West Frontier Province in Pakistan, there are 53,000 refugees living in sub-human conditions since 1979 with the Soviet Union ..."
Yossi & Jagger,"Romance blooms between two soldiers (Knoller, Levi) stationed in an Israeli outpost on the Lebanese border."
Duplex,"A young couple has a chance to move into a gorgeous duplex in the perfect New York neighborhood. All they have to do is bump off the current tenant, a cute little old lady."
"Rundown, The",A tough aspiring chef is hired to bring home a mobster's son from the Amazon but becomes involved in the fight against an oppressive town operator and the search for a legendary treasure.
Under the Tuscan Sun,A writer impulsively buys a villa in Tuscany in order to change her life.
Luther,"During the early 16th Century idealistic German monk Martin Luther, disgusted by the materialism in the church, begins the dialogue that will lead to the Protestant Reformation."
Mambo Italiano,The son of Italian immigrants to Canada struggles to find the best way to reveal to his parents that he's gay.
My Life Without Me,A young woman conceals the fact of her terminal cancer to live her life with a passion she never had before.
Dorm Daze (National Lampoon Presents Dorm Daze),Set during a crazy afternoon in the lives of a dozen college students at a co-ed dorm that starts with the arrival of two very different women with the same name of Dominique.
To Be and to Have (Être et avoir),"A documentary portrait of a one-room school in rural France, where the students (ranging in age from 4 to 11) are educated by a single dedicated teacher."
"Triplets of Belleville, The (Les triplettes de Belleville)","When her grandson is kidnapped during the Tour de France, Madame Souza and her beloved pooch Bruno team up with the Belleville Sisters--an aged song-and-dance team from the days of Fred Astaire--to rescue him."
Videodrome,A sleazy cable-TV programmer begins to see his life and the future of media spin out of control in a very unusual fashion when he acquires a new kind of programming for his station.
Lagaan: Once Upon a Time in India,null
Judgment at Nuremberg,"In 1948, an American court in occupied Germany tries four Nazi judges for war crimes."
"Same Time, Next Year","A man and woman meet by chance at a romantic inn over dinner. Although both are married to others, they find themselves in the same bed the next morning questioning how this could have ..."
"Brief History of Time, A","A film about the life and work of the cosmologist, Stephen Hawking, who despite his near total paralysis, is one of the great minds of all time."
Leningrad Cowboys Go America,Siberian rock band Leningrad Cowboys go to the USA in pursuit of fame.
"Rules of the Game, The (La règle du jeu)","A bourgeois life in France at the onset of World War II, as the rich and their poor servants meet up at a French chateau."
Seven Brides for Seven Brothers,"In 1850 Oregon, when a backwoodsman brings a wife home to his farm, his six brothers decide that they want to get married too."
Kiss of the Spider Woman,"Luis Molina and Valentin Arregui are cell mates in a South American prison. Luis, a trans individual, is found guilty of immoral behavior and Valentin is a political prisoner. To escape ..."
All the President's Men,The Washington Post reporters Bob Woodward and Carl Bernstein uncover the details of the Watergate scandal that leads to President Richard Nixon's resignation.
Angie,Favorite quote We are all broken. Those of us who are less broken need to help those who are more broken.
Avalon,"In a future world, young people are increasingly becoming addicted to an illegal (and potentially deadly) battle simulation game called Avalon. When Ash, a star player, hears of rumors that..."
Babette's Feast (Babettes gæstebud),"In a remote 19th Danish century village two sisters lead a rigid life centered around their father, the local minister, and their church. Both had opportunities to leave the village: one ..."
Beethoven,"A slobbering St. Bernard becomes the center of attention for a loving family, but its veterinarian secretly wants to kill him."
Beethoven's 2nd,"Beethoven the St. Bernard dog becomes a father, but his girlfriend Missy is dog-napped, and his puppies are in danger of the same fate."
Boyz N the Hood,"Follows the lives of three young males living in the Crenshaw ghetto of Los Angeles, dissecting questions of race, relationships, violence and future prospects."
Bugsy,The story of how Bugsy Siegel started Las Vegas.
Bugsy Malone,The classic gangster story of Bugsy Malone told with an all child cast.
Cobra,A tough-on-crime street cop must protect the only surviving witness to a strange murderous cult with far reaching plans.
Phenomena (a.k.a. Creepers),"A young girl, with an amazing ability to communicate with insects, is transferred to an exclusive Swiss boarding school, where her unusual capability might help solve a string of murders."
Time and Tide (Seunlau Ngaklau),"Tyler is a restless, streetwise 21-year-old Hong Kong native who's had trouble gaining the trust of others all his life. He secretly fantasizes about living the good life in South America. ..."
Monty Python's The Meaning of Life,The comedy team takes a look at life in all its stages in their own uniquely silly way.
Where Eagles Dare,Allied agents stage a daring raid on a castle where the Nazis are holding an American General prisoner... but that's not all that's really going on.
Sleeping with the Enemy,"A young woman fakes her own death in an attempt to escape her nightmarish marriage, but discovers it is impossible to elude her controlling husband."
PCU,"A high school senior visits college for the weekend, and stays at the wildest house on campus in this classic tale of anti-political-correctness."
"Rookie, The",Clint Eastwood plays a veteran detective who gets stuck with a rookie cop (Charlie Sheen) to chase down a German crook (Raul Julia.)
"Ghost and Mr. Chicken, The","Luther Heggs aspires to being a reporter for his small town newspaper, the Rachel Courier Express. He gets his big break when the editor asks him to spend the night at the Simmons mansion ..."
City Heat,"A slick private eye and tough police lieutenant--once partners, now bitter enemies--reluctantly team up to investigate a murder."
Three O'Clock High,"A nerd gets himself in hot water with the new bully, a quiet bad boy who challenges him to fight on the grounds of their high school after the day's end."
Come and See (Idi i smotri),"After finding an old rifle, a young boy joins the Soviet resistance movement against ruthless German forces and experiences the horrors of World War II."
Ginger Snaps,"Two death-obsessed sisters, outcasts in their suburban neighborhood, must deal with the tragic consequences when one of them is bitten by a deadly werewolf."
"Ballad of Little Jo, The","Based on a true story, this is the tale of Josephine Monaghan, a young woman of the mid-19th century who is thrown out of her parents' home after being seduced by the family's portrait ..."
"Shakiest Gun in the West, The",Jesse W. Haywood graduates from dental school in Philadelphia in 1870 and goes west to fight oral ignorance. Meanwhile stagecoach robber Penelope Bad Penny Cushing is offered a pardon ...
It's Pat,The comedic misadventures of a person of indeterminable gender.
"Sunday in the Country, A (Un dimanche à la campagne)","In France, before WWI. As every Sunday, an old painter living in the country is visited by his son Gonzague, coming with his wife and his three children. Then his daugther Irene arrives. ..."
"Gun in Betty Lou's Handbag, The","An ignored, small-town librarian confesses to a murder she didn't commit to get attention."
Sudden Fear,"After an ambitious actor insinuates himself into the life of a wealthy middle-aged playwright and marries her, he plots with his mistress to murder her."
Regarding Henry,"Henry is a lawyer who survives a shooting only to find he cannot remember anything. If that weren't enough, Henry also has to recover his speech and mobility, in a life he no longer fits ..."
Alien Contamination,"A former astronaut helps a government agent and a police detective track the source of mysterious alien pod spores, filled with lethal flesh-dissolving acid, to a South American coffee plantation controlled by alien pod clones."
"Hospital, The",Horror/mystery in which an over-burdened doctor struggles to find meaning in his life while a murderer stalks the halls of his hospital.
Leap of Faith,Fake faith healer Jonas Nightingale is stranded in a small town where he finds he can't fool all of the people all of the time.
"Gas, Food, Lodging","In the boring desert of New Mexico, a single mother raises her two teenage daughters, Shade and Trudi, whose deepest desire is to leave the dead calm town. Shade is the type to escape in ..."
In Cold Blood,"After a botched robbery results in the brutal murder of a rural family, two drifters elude police, in the end coming to terms with their own mortality and the repercussions of their vile atrocity."
Yankee Doodle Dandy,"A film of the life of the renowned musical composer, playwright, actor, dancer, and singer George M. Cohan."
Ninja Scroll (Jûbei ninpûchô),"A mysterious vagabond sets out on a journey to confront his past. Little does he know he is up against a demonic force of killers, with a ghost from his past as the leader."
Knife in the Water (Nóz w wodzie),"On their way to a sailing trip, an aging husband and wife invite along an emphatic young hitchhiker out of sheer patronization."
Out of Time,A Florida police chief must solve a vicious double homicide before he himself falls under suspicion.
School of Rock,"After being kicked out of a rock band, Dewey Finn becomes a substitute teacher of a strict elementary private school, only to try and turn it into a rock band."
"Concert for George, The","George Harrison's friends, family, and bandmates unite for a tribute concert on the one-year anniversary of his death."
"Station Agent, The","When his only friend dies, a man born with dwarfism moves to rural New Jersey to live a life of solitude, only to meet a chatty hot dog vendor and a woman dealing with her own personal loss."
Wonderland,"In the police investigation of a brutal crime scene, one man was at the center of it all: legendary porn star John Holmes."
Bus 174 (Ônibus 174),"Documentary depicts what happened in Rio de Janeiro on June 12th 2000, when bus 174 was taken by an armed young man, threatening to shoot all the passengers. Transmitted live on all ..."
Mystic River,"With a childhood tragedy that overshadowed their lives, three men are reunited by circumstance when one has a family tragedy."
"House of the Dead, The","A group of college students travel to a mysterious island to attend a rave, and end up getting trapped there because it's been taken over by bloodthirsty zombies."
Intolerable Cruelty,A revenge-seeking gold digger marries a womanizing Beverly Hills lawyer with the intention of making a killing in the divorce.
Kill Bill: Vol. 1,The Bride wakens from a four-year coma. The child she carried in her womb is gone. Now she must wreak vengeance on the team of assassins who betrayed her - a team she was once part of.
Dopamine,A San Franciscan computer programmer falls in love with one his creations in the days after the dot.com boom.
Girls Will Be Girls,"Three actresses at various places on the Hollywood food chain navigate the minefield of love, aging, and ambition. Oh, and they're all played by men!"
Runaway Jury,A juror on the inside and a woman on the outside manipulate a court trial involving a major gun manufacturer.
"Texas Chainsaw Massacre, The","After picking up a traumatized young hitchhiker, five friends find themselves stalked and hunted by a deformed chainsaw-wielding killer and his family of equally psychopathic killers."
Pieces of April,A wayward daughter invites her dying mother and the rest of her estranged family to her apartment for Thanksgiving dinner.
Sylvia,Story of the relationship between the poets Ted Hughes and Sylvia Plath.
Veronica Guerin,An Irish journalist writes a series of stories about drug dealers.
In the Cut,"New York writing professor, Frannie Avery, has an affair with a police detective who is investigating the murder of a beautiful young woman in her neighborhood."
Radio,The story of a high school coach and the developmentally challenged man whom he took under his wing.
Scary Movie 3,"In the third installment of the Scary Movie franchise, Cindy has to investigate mysterious crop circles and video tapes, and help the President in preventing an alien invasion."
Brother Bear,"When a young Inuit hunter needlessly kills a bear, he is magically changed into a bear himself as punishment with a talkative cub being his only guide to changing back."
Elephant,Several ordinary high school students go through their daily routine as two others prepare for something more malevolent.
"Singing Detective, The","From his hospital bed, a writer suffering from a skin disease hallucinates musical numbers and paranoid plots."
"Italian Job, The",Comic caper movie about a plan to steal a gold shipment from the streets of Turin by creating a traffic jam.
Shoah,Claude Lanzmann's epic documentary recounts the story of the Holocaust through interviews with witnesses - perpetrators as well as survivors.
Sweet Sixteen,"Determined to have a normal family life once his mother gets out of prison, a Scottish teenager from a tough background sets out to raise the money for a home."
Interstate 60,A confused young man (Marsden) takes a journey on a road that doesn't exist on any map.
That Was Then... This Is Now,"Two juvenile delinquents find themselves growing apart, for one is growing up, and the other is staying young and reckless."
"Eye, The (Gin gwai) (Jian gui)","A blind girl gets a cornea transplant so that she would be able to see again. However, she got more than what she bargained for when she realized she could even see ghosts."
"Unvanquished, The (Aparajito)","Following his father's death, a boy leaves home to study in Calcutta, while his mother must face a life alone."
"Cercle Rouge, Le (Red Circle, The)","After leaving prison, master thief Corey crosses paths with a notorious escapee and an alcoholic former policeman. The trio proceed to plot an elaborate heist."
"Human Stain, The","When a disgraced former college dean has a romance with a mysterious younger woman haunted by her dark, twisted past, he is forced to confront a shocking fact about his own life that he has kept secret for 50 years."
Girlhood,Documentary chronicling America's justice system. Follows two female inmates - victims of horrific violence and tragedy - who are serving time in a Maryland juvenile detention center.
Shattered Glass,The true story of a young journalist who fell from grace when it was found he had fabricated over half of his articles.
"Matrix Revolutions, The",The human city of Zion defends itself against the massive invasion of the machines as Neo fights to end the war at another front while also opposing the rogue Agent Smith.
"Revolution Will Not Be Televised, The (a.k.a. Chavez: Inside the Coup)","In April 2002, an Irish film crew is making a documentary about Venezuelan President Hugo Chavez, when a coup from the opposition is made."
Elf,"After inadvertently wreaking havoc on the elf community due to his ungainly size, a man raised as an elf at the North Pole is sent to the U.S. in search of his true identity."
In My Skin (Dans ma Peau),A woman grows increasingly fascinated with her body after suffering a disfiguring accident.
Love Actually,"Follows the lives of eight very different couples in dealing with their love lives in various loosely interrelated tales all set during a frantic month before Christmas in London, England."
Father of the Bride,"With his oldest daughter's wedding approaching, a father finds himself reluctant to let go."
My Architect: A Son's Journey,"Director Nathaniel Kahn searches to understand his father, noted architect Louis Kahn, who died bankrupt and alone in 1974."
Master and Commander: The Far Side of the World,"During the Napoleonic Wars, a brash British captain pushes his ship and crew to their limits in pursuit of a formidable French war vessel around South America."
"Missing, The","In 1885 New Mexico, a frontier medicine woman forms an uneasy alliance with her estranged father when her daughter is kidnapped by an Apache brujo."
"Cat in the Hat, The",Sally and Conrad are two bored kids whose life is turned up-side-down when a talking cat comes to visit them.
Gothika,"A repressed female psychiatrist wakes up as a patient in the asylum where she worked, with no memory of why she is there or what she has done."
21 Grams,"A freak accident brings together a critically ill mathematician, a grieving mother, and a born-again ex-con."
"Barbarian Invasions, The (Les invasions barbares)","During his final days, a dying man is reunited with old friends, former lovers, his ex-wife, and his estranged son."
Bad Santa,"A miserable conman and his partner pose as Santa and his Little Helper to rob department stores on Christmas Eve. But they run into problems when the conman befriends a troubled kid, and the security boss discovers the plot."
"Haunted Mansion, The","A realtor and his wife and children are summoned to a mansion, which they soon discover is haunted, and while they attempt to escape, he learns an important lesson about the family he has neglected."
Timeline,A group of archaeological students become trapped in the past when they go there to retrieve their professor. The group must survive in 14th century France long enough to be rescued.
Damage (Fatale),A member of Parliament falls passionately in love with his son's fiancée despite the dangers of discovery.
Devil's Playground,Amish teenagers experience and embrace the modern world as a rite-of-passage before deciding which life they will choose.
Dance with a Stranger,"A stormy relationship, complicated by the strictures of 1950s social class and gender roles, ends in death. Based on the life of Ruth Ellis, the last woman hanged in Britain."
Darkman,A brilliant scientist left for dead returns to exact revenge on the people who burned him alive.
Desk Set,Two extremely strong personalities clash over the computerization of a TV network's research department.
Europa (Zentropa),"Just after W.W.II, an American takes a railway job in Germany, but finds his position politically sensitive with various people trying to use him."
"Freshman, The","Clark Kellogg is a young man starting his first year at film school in New York City. After a small time crook steals all his belongings, Clark meets Carmine Jimmy the Toucan Sabatini, an..."
Funny Games,"Two psychotic young men take a mother, father, and son hostage in their vacation cabin and force them to play sadistic games with one another for their own amusement."
New Jack City,A crime lord ascends to power and becomes megalomaniacal while a maverick police detective vows to stop him.
Slacker,"A day in the life of Austin, Texas as the camera roams from place to place and provides a brief look at the overeducated, the social misfits, the outcasts and the oddballs."
WarGames,"A young man finds a back door into a military central computer in which reality is confused with game-playing, possibly starting World War III."
"Ordet (Word, The)","People believe in the dead Christ, but not in the living."
Forbidden Games (Jeux interdits),"A young French girl orphaned in a Nazi air attack is befriended by the son of a poor farmer, and together they try to come to terms with the realities of death."
Jane Eyre,"After a harsh childhood, orphan Jane Eyre is hired by Edward Rochester, the brooding lord of a mysterious manor house to care for his young daughter."
"Passion of Joan of Arc, The (Passion de Jeanne d'Arc, La)","A chronicle of the trial of Jeanne d'Arc on charges of heresy, and the efforts of her ecclesiastical jurists to force Jeanne to recant her claims of holy visions."
Ben-Hur: A Tale of the Christ,A Jewish prince seeks to find his family and revenge himself upon his childhood friend who had him wrongly imprisoned.
"Cabinet of Dr. Caligari, The (Cabinet des Dr. Caligari., Das)","Dr. Caligari's somnambulist, Cesare, and his deadly predictions."
Gorky Park,A Moscow police officer investigates a triple homicide and stumbles upon a high-level political conspiracy in the local government.
The Great Train Robbery,"In Victorian England, a master criminal makes elaborate plans to steal a shipment of gold from a moving train."
"Greystoke: The Legend of Tarzan, Lord of the Apes","A shipping disaster in the 19th Century has stranded a man and woman in the wilds of Africa. The lady is pregnant, and gives birth to a son in their tree house. Soon after, a family of apes..."
Guarding Tess,"A former U.S. First Lady wants a particular Secret Service agent to head her bodyguard detail, even though he can't stand her."
Hannah and Her Sisters,"Between two Thanksgivings two years apart, Hannah's husband falls in love with her sister Lee, while her hypochondriac ex-husband rekindles his relationship with her sister Holly."
Hercules in New York,Hercules (Schwarzenegger) is sent to Earth where he finds true love and starts a promising career in the bodybuilder business.
Highlander II: The Quickening,"In the future, Highlander Connor MacLeod must prevent the destruction of Earth under an anti-ozone shield."
Hoffa,"The story of the notorious American labor union figure, Jimmy Hoffa."
Housesitter,"Con artist Gwen moves into Newton's empty house without his knowledge, and begins setting up house posing as his new wife."
Hudson Hawk,A cat burglar is forced to steal Da Vinci works of art for a world domination plot.
Invasion of the Body Snatchers,"In San Francisco, a group of people discover the human race is being replaced one by one, with clones devoid of emotion."
Mindwalk,"A US politician visits his poet friend in Mont. St. Michael, France. While walking through the medieval island discussing their philosophies of life they happen upon Sonja, a scientist in ..."
Kafka,Writer Franz Kafka works during the day at an insurance company where events lead him to discover a mysterious underground society with strange suppressive goals.
Kindergarten Cop,A tough cop is given his most difficult assignment ever: to masquerade as a kindergarten teacher in order to find a drug dealer.
King Ralph,"As the only relative to take over the Royal throne, a down on his luck American slob must learn the ways of the English."
"Last Boy Scout, The",A down and out cynical detective teams up with a down and out ex-quarterback to try and solve a murder case involving a pro football team and a politician.
Last Tango in Paris (Ultimo tango a Parigi),A young Parisian woman meets a middle-aged American businessman who demands their clandestine relationship be based only on sex.
Lorenzo's Oil,"A boy develops a disease so rare that nobody is working on a cure, so his father decides to learn all about it and tackle the problem himself."
"Lover, The (Amant, L')","In 1929 French Indochina, a French teenage girl embarks on a reckless and forbidden romance with a wealthy, older Chinese man, each knowing that knowledge of their affair will bring drastic consequences to each other."
"Bullfighter, The (Matador)","An ex-bullfighter who gets turned on by killing, a lady lawyer with the same fetish and a young man driven insane by his religious upbringing - these are the main characters in this stylish..."
Mr. Destiny,"Unhappy Larry Burrows sees what his life could've been like, had he made that winning home run as a teenager."
"Night of the Hunter, The","A religious fanatic marries a gullible widow whose young children are reluctant to tell him where their real daddy hid $10,000 he'd stolen in a robbery."
Over the Top,Lincoln Hawk is a trucker and arm wrestler who attempts to reconcile with his estranged son and win the world arm wrestling championship.
Passenger 57,An airline security expert must take action when he finds himself trapped on a passenger jet when terrorists seize control of it.
Presumed Innocent,"When the female deputy prosecutor R.K. Sabich had an affair with is murdered, he is chosen to lead the investigation. However, when he digs too deeply, he finds himself framed for the murder."
Proof,The life of a blind photographer who is looked after by a housekeeper is disrupted by the arrival of an agreeable restaurant worker.
Battle Royale (Batoru rowaiaru),"In the future, the Japanese government captures a class of ninth-grade students and forces them to kill each other under the revolutionary Battle Royale act."
"Wedding Banquet, The (Xi yan)","To satisfy his nagging parents, a gay landlord and a female tenant agree to a marriage of convenience, but his parents arrive to visit and things get out of hand."
"Salo, or The 120 Days of Sodom (Salò o le 120 giornate di Sodoma)","Four fascist libertines round up nine adolescent boys and girls and subject them to a hundred and twenty days of physical, mental and sexual torture."
"Midnight Clear, A","This WW2 psychological drama plays out at Christmas. US GIs hold an isolated cabin in the Ardennes against a handful of Germans cut off from their main force. Combat-weary and short of rations, both sides are determined to survive."
Summer School,"A high-school gym teacher has big plans for the summer, but is forced to cancel them to teach a bonehead English class for misfit goof-off students. Fortunately, his unconventional brand ..."
Silverado,A misfit bunch of friends come together to right the injustices which exist in a small town.
Quick Change,"Three thieves successfully rob a New York City bank, but making the escape from the city proves to be almost impossible."
Rabid,"A young woman develops a taste for human blood after undergoing experimental plastic surgery, and her victims turn into rabid, blood-thirsty zombies who proceed to infect others, which turns into a city-wide epidemic."
Show Me Love (Fucking Åmål),"Two teenage girls in small-town Sweden. Elin is beautiful, popular, and bored with life. Agnes is friendless, sad, and secretly in love with Elin."
Teen Wolf,A struggling high school student with problems discovers that his family has an unusual pedigree when he finds himself turning into a werewolf.
Things You Can Tell Just by Looking at Her,"Five loosely intertwined stories of the emotional issues facing individual middle-aged Angelenas are presented. In This Is Dr. Keener, physician Elaine Keener is spending the day taking ..."
To Live and Die in L.A.,A fearless Secret Service agent will stop at nothing to bring down the counterfeiter who killed his partner.
Betty Blue (37°2 le matin),"Zorg is a handyman working at in France, maintaining and looking after the bungalows. He lives a quiet and peaceful life, working diligently and writing in his spare time. One day Betty ..."
Vivre sa vie: Film en douze tableaux (My Life to Live),Twelve episodic tales in the life of a Parisian woman and her slow descent into prostitution.
Wild at Heart,Young lovers Sailor and Lula run from the variety of weirdos that Lula's mom has hired to kill Sailor.
"Witches, The","A young boy stumbles onto a witch convention and must stop them, even after he has been turned into a mouse."
"Witches of Eastwick, The",Three single women in a picturesque village have their wishes granted - at a cost - when a mysterious and flamboyant man arrives in their lives.
Nothing to Lose,"Nick Beam's life couldn't get any worse. He discovers he has been living a lie and is on the verge of a nervous breakdown. So when T. Paul, a carjacker, attempts to rob him, it is the last ..."
Follow the Fleet,A Navy sailor tries to rekindle a romance with the woman he loves while on liberty in San Francisco.
"What's New, Pussycat",A playboy who refuses to give up his hedonistic lifestyle to settle down and marry his true love seeks help from a demented psychoanalyst who is having romantic problems of his own.
Swing Time,"A performer and gambler travels to New York City to raise the $25,000 he needs to marry his fiancée, only to become entangled with a beautiful aspiring dancer."
"Public Enemy, The","A young hoodlum rises up through the ranks of the Chicago underworld, even as a gangster's accidental death threatens to spark a bloody mob war."
Life with Father,"A financier from New York rules his numerous family, consisting of his wife and his four sons, with the meticulousity of a bookkeeper."
National Velvet,A jaded former jockey helps a young girl prepare a wild but gifted horse for England's Grand National Sweepstakes.
Jesus Christ Superstar,"Film version of the musical stage play, presenting the last few weeks of Christ's life, told in an anachronistic manner."
Dark Victory,"A young socialite is diagnosed with an inoperable brain tumour, and must decide whether she'll meet her final days with dignity."
Birdman of Alcatraz,A surly convicted murderer held in permanent isolation redeems himself when he becomes a renowned bird expert.
"Aguirre: The Wrath of God (Aguirre, der Zorn Gottes)","In the 16th century, the ruthless and insane Don Lope de Aguirre leads a Spanish expedition in search of El Dorado."
Beauty and the Beast (La belle et la bête),"A beautiful young woman takes her father's place as the prisoner of a mysterious beast, who wishes to marry her."
"Birth of a Nation, The","The Civil War divides friends and destroys families, but that's nothing compared to the anarchy in the black-ruled South after the war."
Juliet of the Spirits (Giulietta degli spiriti),"Visions, memories, and mysticism all help a 40-something woman to find the strength to leave her cheating husband."
Last Year at Marienbad (L'Année dernière à Marienbad),"In a strange chateau, a man insists to a woman that they have met before."
"Macbeth (a.k.a. Tragedy of Macbeth, The)",A ruthlessly ambitious Scottish lord seizes the throne with the help of his scheming wife and a trio of witches.
Red River,"Dunson leads a cattle drive, the culmination of over 14 years of work, to its destination in Missouri. But his tyrannical behavior along the way causes a mutiny, led by his adopted son."
"Woman Under the Influence, A","Mabel, a wife and mother, is loved by her husband Nick but her madness proves to be a problem in the marriage. The film transpires to a positive role of madness in the family, challenging conventional representations of madness in cinema."
Stagecoach,A group of people traveling on a stagecoach find their journey complicated by the threat of Geronimo and learn something about each other in the process.
"Shot in the Dark, A",Inspector Jacques Clouseau investigates the murder of Mr. Benjamin Ballon's driver at a country estate.
"Navigator, The",Two spoiled rich people find themselves trapped on an empty passenger ship.
"Court Jester, The",A hapless carnival performer masquerades as the court jester as part of a plot against an evil ruler who has overthrown the rightful king.
Bullitt,"An all guts, no glory San Francisco cop becomes determined to find the underworld kingpin that killed the witness in his protection."
Jezebel,A haughty headstrong Southern Belle in Antebellum Louisiana loses her fiance due to her stubborn vanity and pride and vows to get him back.
"Hunchback of Notre Dame, The","In 15th century France, a gypsy girl is framed for murder by the infatuated Chief Justice, and only the deformed bellringer of Notre Dame Cathedral can save her."
42nd Street,"A producer puts on what may be his last Broadway show and, at the last moment, a chorus girl has to replace the star."
I'm No Angel,Circus performer Tira seeks a better life pursuing the company of wealthy New York men with improbable comic complications along the way.
That Touch of Mink,"A rich businessman and a young woman are attracted to each other, but he only wants an affair while she wants to save her virginity for marriage."
Sweet Dreams,"Jessica Lange stunningly portrays Patsy Cline, the velvet-voiced country music singer who died in a tragic plane crash at the height of her fame."
"Play It Again, Sam","A neurotic film critic tries to get over his wife leaving him by dating again, much by the help of a married couple and his alter ego, Humphrey Bogart."
Send Me No Flowers,"A hypochondriac believes he is dying, and makes plans for his wife which she discovers and misunderstands."
Pygmalion,Shaw's play in which a Victorian dialect expert bets that he can teach a lower-class girl to speak proper English and thus be taken for a lady.
"Passage to India, A","Cultural mistrust and false accusations doom a friendship in British colonial India between an Indian doctor, an Englishwoman engaged to marry a city magistrate, and an English educator."
Black Orpheus (Orfeu Negro),"A retelling of the Orpheus and Eurydice myth, set during the time of the Carnaval in Rio de Janeiro."
Amarcord,A series of comedic and nostalgic vignettes set in a 1930s Italian coastal town.
Hero (Ying xiong),"A defense officer, Nameless, was summoned by the King of Qin regarding his success of terminating three warriors."
Horse Feathers,"Quincy Adams Wagstaff, the new president of Huxley University, hires bumblers Baravelli and Pinky to help his school win the big football game against rival Darwin University."
"Front Page, The","As a tabloid newspaper editor tries to prevent his top reporter from retiring, an escaped death row convict shows up at the office trying to convey his innocence."
Looking for Mr. Goodbar,"A dedicated schoolteacher spends her nights cruising bars, looking for abusive men with whom she can engage in progressively violent sexual encounters."
Rivers and Tides,"Portrait of Andy Goldsworthy, an artist whose specialty is ephemeral sculptures made from elements of nature."
Nausicaä of the Valley of the Wind (Kaze no tani no Naushika),Warrior/pacifist Princess Nausicaä desperately struggles to prevent two warring nations from destroying themselves and their dying planet.
Doc Hollywood,A young doctor causes a traffic accident in a small town and is sentenced to work for some days at the town hospital.
Dragnet,The equally-straight-laced and by the book nephew of Joe Friday must work with his more laid-back partner to solve a mystery.
1941,Hysterical Californians prepare for a Japanese invasion in the days after Pearl Harbor.